server(started, 1709823728).
/*Thu Mar 07 16:02:12 2024*/ request(1, 1709823732.820, [peer(ip(127,0,0,1)),method(options),request_uri('/action'),path('/action'),http_version(1-1),host(localhost),port(8081),connection('keep-alive'),access_control_request_method('PUT'),access_control_request_headers('content-type'),origin('http://localhost:9000'),user_agent('Mozilla/5.0 (Windows NT 10.0; Win64; x64) AppleWebKit/537.36 (KHTML, like Gecko) Chrome/122.0.0.0 Safari/537.36'),sec_fetch_mode(cors),sec_fetch_site('same-site'),sec_fetch_dest(empty),referer('http://localhost:9000/')]).
completed(1, 0.0, 0, 200, ok).
/*Thu Mar 07 16:02:12 2024*/ request(2, 1709823732.873, [peer(ip(127,0,0,1)),method(put),request_uri('/action'),path('/action'),http_version(1-1),host(localhost),port(8081),connection('keep-alive'),content_length(1781),sec_ch_ua('"Chromium";v="122", "Not(A:Brand";v="24", "Brave";v="122"'),sec_ch_ua_platform('"Windows"'),sec_ch_ua_mobile('?0'),user_agent('Mozilla/5.0 (Windows NT 10.0; Win64; x64) AppleWebKit/537.36 (KHTML, like Gecko) Chrome/122.0.0.0 Safari/537.36'),content_type('application/json'),sec_gpc('1'),origin('http://localhost:9000'),sec_fetch_site('same-site'),sec_fetch_mode(cors),sec_fetch_dest(empty),referer('http://localhost:9000/')]).
La valeur de AdjSansWumpus est : [_9646{x:1,y:2},_9664{x:2,y:1}]
Cases Auth est : [_9646{x:1,y:2},_9664{x:2,y:1}]
La valeur de X est : 1
La valeur de Y est : 2
_{ beliefsv2:_{ alive:[_{id:hunter}],
		dir:[dir{d:north,h:hunter{id:hunter}}],
		fat_gold:[],
		fat_hunter:fat{c:c{x:1,y:2},h:hunter{id:hunter}},
		game_state:running,
		has_arrow:[_{a:_{id:arrow1},h:_{id:hunter}}],
		has_gold:[],
		score:0,
		visited:[v{from:c{x:1,y:1},to:c{x:1,y:2}}]
	      },
   percepts:[]
 }
completed(2, 0.015625, 2628, 200, ok).
/*Thu Mar 07 16:02:13 2024*/ request(3, 1709823733.850, [peer(ip(127,0,0,1)),method(put),request_uri('/action'),path('/action'),http_version(1-1),host(localhost),port(8081),connection('keep-alive'),content_length(2050),sec_ch_ua('"Chromium";v="122", "Not(A:Brand";v="24", "Brave";v="122"'),sec_ch_ua_platform('"Windows"'),sec_ch_ua_mobile('?0'),user_agent('Mozilla/5.0 (Windows NT 10.0; Win64; x64) AppleWebKit/537.36 (KHTML, like Gecko) Chrome/122.0.0.0 Safari/537.36'),content_type('application/json'),sec_gpc('1'),origin('http://localhost:9000'),sec_fetch_site('same-site'),sec_fetch_mode(cors),sec_fetch_dest(empty),referer('http://localhost:9000/')]).
La valeur de AdjSansWumpus est : [_8120{x:1,y:1}]
Cases Auth est : [_7914{x:1,y:1}]
La valeur de X est : 1
La valeur de Y est : 3
_{ beliefsv2:_{ alive:[_{id:hunter}],
		dir:[dir{d:west,h:hunter{id:hunter}}],
		fat_gold:[],
		fat_hunter:_{c:_{x:1,y:2},h:_{id:hunter}},
		game_state:running,
		has_arrow:[_{a:_{id:arrow1},h:_{id:hunter}}],
		has_gold:[],
		score:0,
		visited:[_{from:_{x:1,y:1},to:_{x:1,y:2}}]
	      },
   percepts:[stench]
 }
completed(3, 0.015625, 2811, 200, ok).
/*Thu Mar 07 16:02:15 2024*/ request(4, 1709823735.471, [peer(ip(127,0,0,1)),method(put),request_uri('/action'),path('/action'),http_version(1-1),host(localhost),port(8081),connection('keep-alive'),content_length(2195),sec_ch_ua('"Chromium";v="122", "Not(A:Brand";v="24", "Brave";v="122"'),sec_ch_ua_platform('"Windows"'),sec_ch_ua_mobile('?0'),user_agent('Mozilla/5.0 (Windows NT 10.0; Win64; x64) AppleWebKit/537.36 (KHTML, like Gecko) Chrome/122.0.0.0 Safari/537.36'),content_type('application/json'),sec_gpc('1'),origin('http://localhost:9000'),sec_fetch_site('same-site'),sec_fetch_mode(cors),sec_fetch_dest(empty),referer('http://localhost:9000/')]).
La valeur de AdjSansWumpus est : [_10234{x:1,y:1}]
Cases Auth est : [_10028{x:1,y:1}]
La valeur de X est : 0
La valeur de Y est : 2
_{ beliefsv2:_{ alive:[_{id:hunter}],
		dir:[dir{d:south,h:hunter{id:hunter}}],
		fat_gold:[],
		fat_hunter:_{c:_{x:1,y:2},h:_{id:hunter}},
		game_state:running,
		has_arrow:[_{a:_{id:arrow1},h:_{id:hunter}}],
		has_gold:[],
		score:0,
		visited:[_{from:_{x:1,y:1},to:_{x:1,y:2}}]
	      },
   percepts:[stench]
 }
completed(4, 0.0, 2812, 200, ok).
/*Thu Mar 07 16:02:16 2024*/ request(5, 1709823736.954, [peer(ip(127,0,0,1)),method(put),request_uri('/action'),path('/action'),http_version(1-1),host(localhost),port(8081),connection('keep-alive'),content_length(2196),sec_ch_ua('"Chromium";v="122", "Not(A:Brand";v="24", "Brave";v="122"'),sec_ch_ua_platform('"Windows"'),sec_ch_ua_mobile('?0'),user_agent('Mozilla/5.0 (Windows NT 10.0; Win64; x64) AppleWebKit/537.36 (KHTML, like Gecko) Chrome/122.0.0.0 Safari/537.36'),content_type('application/json'),sec_gpc('1'),origin('http://localhost:9000'),sec_fetch_site('same-site'),sec_fetch_mode(cors),sec_fetch_dest(empty),referer('http://localhost:9000/')]).
La valeur de AdjSansWumpus est : [_10236{x:1,y:1}]
Cases Auth est : [_10030{x:1,y:1}]
La valeur de X est : 1
La valeur de Y est : 1
_{ beliefsv2:_{ alive:[_{id:hunter}],
		dir:[dir{d:south,h:hunter{id:hunter}}],
		fat_gold:[],
		fat_hunter:fat{c:c{x:1,y:1},h:hunter{id:hunter}},
		game_state:running,
		has_arrow:[_{a:_{id:arrow1},h:_{id:hunter}}],
		has_gold:[],
		score:0,
		visited:[ v{from:c{x:1,y:2},to:c{x:1,y:1}},
			  _{from:_{x:1,y:1},to:_{x:1,y:2}}
			]
	      },
   percepts:[stench]
 }
completed(5, 0.015625, 2870, 200, ok).
/*Thu Mar 07 16:02:18 2024*/ request(6, 1709823738.390, [peer(ip(127,0,0,1)),method(options),request_uri('/action'),path('/action'),http_version(1-1),host(localhost),port(8081),connection('keep-alive'),access_control_request_method('PUT'),access_control_request_headers('content-type'),origin('http://localhost:9000'),user_agent('Mozilla/5.0 (Windows NT 10.0; Win64; x64) AppleWebKit/537.36 (KHTML, like Gecko) Chrome/122.0.0.0 Safari/537.36'),sec_fetch_mode(cors),sec_fetch_site('same-site'),sec_fetch_dest(empty),referer('http://localhost:9000/')]).
completed(6, 0.0, 0, 200, ok).
/*Thu Mar 07 16:02:18 2024*/ request(7, 1709823738.409, [peer(ip(127,0,0,1)),method(put),request_uri('/action'),path('/action'),http_version(1-1),host(localhost),port(8081),connection('keep-alive'),content_length(2230),sec_ch_ua('"Chromium";v="122", "Not(A:Brand";v="24", "Brave";v="122"'),sec_ch_ua_platform('"Windows"'),sec_ch_ua_mobile('?0'),user_agent('Mozilla/5.0 (Windows NT 10.0; Win64; x64) AppleWebKit/537.36 (KHTML, like Gecko) Chrome/122.0.0.0 Safari/537.36'),content_type('application/json'),sec_gpc('1'),origin('http://localhost:9000'),sec_fetch_site('same-site'),sec_fetch_mode(cors),sec_fetch_dest(empty),referer('http://localhost:9000/')]).
La valeur de AdjSansWumpus est : [_44102{x:1,y:2},_43992{x:2,y:1}]
Cases Auth est : [_43992{x:2,y:1}]
La valeur de X est : 1
La valeur de Y est : 0
_{ beliefsv2:_{ alive:[_{id:hunter}],
		dir:[dir{d:east,h:hunter{id:hunter}}],
		fat_gold:[],
		fat_hunter:_{c:_{x:1,y:1},h:_{id:hunter}},
		game_state:running,
		has_arrow:[_{a:_{id:arrow1},h:_{id:hunter}}],
		has_gold:[],
		score:0,
		visited:[ _{from:_{x:1,y:2},to:_{x:1,y:1}},
			  _{from:_{x:1,y:1},to:_{x:1,y:2}}
			]
	      },
   percepts:[]
 }
completed(7, 0.015625000000000007, 2857, 200, ok).
/*Thu Mar 07 16:02:20 2024*/ request(8, 1709823740.422, [peer(ip(127,0,0,1)),method(put),request_uri('/action'),path('/action'),http_version(1-1),host(localhost),port(8081),connection('keep-alive'),content_length(2229),sec_ch_ua('"Chromium";v="122", "Not(A:Brand";v="24", "Brave";v="122"'),sec_ch_ua_platform('"Windows"'),sec_ch_ua_mobile('?0'),user_agent('Mozilla/5.0 (Windows NT 10.0; Win64; x64) AppleWebKit/537.36 (KHTML, like Gecko) Chrome/122.0.0.0 Safari/537.36'),content_type('application/json'),sec_gpc('1'),origin('http://localhost:9000'),sec_fetch_site('same-site'),sec_fetch_mode(cors),sec_fetch_dest(empty),referer('http://localhost:9000/')]).
La valeur de AdjSansWumpus est : [_18370{x:1,y:2},_18260{x:2,y:1}]
Cases Auth est : [_18260{x:2,y:1}]
La valeur de X est : 2
La valeur de Y est : 1
_{ beliefsv2:_{ alive:[_{id:hunter}],
		dir:[dir{d:east,h:hunter{id:hunter}}],
		fat_gold:[],
		fat_hunter:fat{c:c{x:2,y:1},h:hunter{id:hunter}},
		game_state:running,
		has_arrow:[_{a:_{id:arrow1},h:_{id:hunter}}],
		has_gold:[],
		score:0,
		visited:[ v{from:c{x:1,y:1},to:c{x:2,y:1}},
			  _{from:_{x:1,y:2},to:_{x:1,y:1}},
			  _{from:_{x:1,y:1},to:_{x:1,y:2}}
			]
	      },
   percepts:[]
 }
completed(8, 0.0, 2911, 200, ok).
/*Thu Mar 07 16:02:21 2024*/ request(9, 1709823741.585, [peer(ip(127,0,0,1)),method(put),request_uri('/action'),path('/action'),http_version(1-1),host(localhost),port(8081),connection('keep-alive'),content_length(2279),sec_ch_ua('"Chromium";v="122", "Not(A:Brand";v="24", "Brave";v="122"'),sec_ch_ua_platform('"Windows"'),sec_ch_ua_mobile('?0'),user_agent('Mozilla/5.0 (Windows NT 10.0; Win64; x64) AppleWebKit/537.36 (KHTML, like Gecko) Chrome/122.0.0.0 Safari/537.36'),content_type('application/json'),sec_gpc('1'),origin('http://localhost:9000'),sec_fetch_site('same-site'),sec_fetch_mode(cors),sec_fetch_dest(empty),referer('http://localhost:9000/')]).
La valeur de AdjSansWumpus est : [_18968{x:2,y:2},_18638{x:1,y:1}]
Cases Auth est : [_18968{x:2,y:2}]
La valeur de X est : 3
La valeur de Y est : 1
_{ beliefsv2:_{ alive:[_{id:hunter}],
		dir:[dir{d:north,h:hunter{id:hunter}}],
		fat_gold:[],
		fat_hunter:_{c:_{x:2,y:1},h:_{id:hunter}},
		game_state:running,
		has_arrow:[_{a:_{id:arrow1},h:_{id:hunter}}],
		has_gold:[],
		score:0,
		visited:[ _{from:A{x:1,y:1},to:_{x:2,y:1}},
			  _{from:_{x:1,y:2},to:_{x:1,y:1}},
			  _{from:A{x:1,y:1},to:_{x:1,y:2}}
			]
	      },
   percepts:[breeze]
 }
completed(9, 0.0, 3008, 200, ok).
/*Thu Mar 07 16:02:23 2024*/ request(10, 1709823743.311, [peer(ip(127,0,0,1)),method(put),request_uri('/action'),path('/action'),http_version(1-1),host(localhost),port(8081),connection('keep-alive'),content_length(2354),sec_ch_ua('"Chromium";v="122", "Not(A:Brand";v="24", "Brave";v="122"'),sec_ch_ua_platform('"Windows"'),sec_ch_ua_mobile('?0'),user_agent('Mozilla/5.0 (Windows NT 10.0; Win64; x64) AppleWebKit/537.36 (KHTML, like Gecko) Chrome/122.0.0.0 Safari/537.36'),content_type('application/json'),sec_gpc('1'),origin('http://localhost:9000'),sec_fetch_site('same-site'),sec_fetch_mode(cors),sec_fetch_dest(empty),referer('http://localhost:9000/')]).
La valeur de AdjSansWumpus est : [_19622{x:2,y:2},_19292{x:1,y:1}]
Cases Auth est : [_19622{x:2,y:2}]
La valeur de X est : 2
La valeur de Y est : 2
_{ beliefsv2:_{ alive:[_{id:hunter}],
		dir:[dir{d:north,h:hunter{id:hunter}}],
		fat_gold:[],
		fat_hunter:fat{c:c{x:2,y:2},h:hunter{id:hunter}},
		game_state:running,
		has_arrow:[_{a:_{id:arrow1},h:_{id:hunter}}],
		has_gold:[],
		score:0,
		visited:[ v{from:c{x:2,y:1},to:c{x:2,y:2}},
			  _{from:A{x:1,y:1},to:_{x:2,y:1}},
			  _{from:_{x:1,y:2},to:_{x:1,y:1}},
			  _{from:A{x:1,y:1},to:_{x:1,y:2}}
			]
	      },
   percepts:[breeze]
 }
completed(10, 0.03125000000000001, 3062, 200, ok).
/*Thu Mar 07 16:02:24 2024*/ request(11, 1709823744.634, [peer(ip(127,0,0,1)),method(options),request_uri('/action'),path('/action'),http_version(1-1),host(localhost),port(8081),connection('keep-alive'),access_control_request_method('PUT'),access_control_request_headers('content-type'),origin('http://localhost:9000'),user_agent('Mozilla/5.0 (Windows NT 10.0; Win64; x64) AppleWebKit/537.36 (KHTML, like Gecko) Chrome/122.0.0.0 Safari/537.36'),sec_fetch_mode(cors),sec_fetch_site('same-site'),sec_fetch_dest(empty),referer('http://localhost:9000/')]).
completed(11, 0.0, 0, 200, ok).
/*Thu Mar 07 16:02:24 2024*/ request(12, 1709823744.653, [peer(ip(127,0,0,1)),method(put),request_uri('/action'),path('/action'),http_version(1-1),host(localhost),port(8081),connection('keep-alive'),content_length(2388),sec_ch_ua('"Chromium";v="122", "Not(A:Brand";v="24", "Brave";v="122"'),sec_ch_ua_platform('"Windows"'),sec_ch_ua_mobile('?0'),user_agent('Mozilla/5.0 (Windows NT 10.0; Win64; x64) AppleWebKit/537.36 (KHTML, like Gecko) Chrome/122.0.0.0 Safari/537.36'),content_type('application/json'),sec_gpc('1'),origin('http://localhost:9000'),sec_fetch_site('same-site'),sec_fetch_mode(cors),sec_fetch_dest(empty),referer('http://localhost:9000/')]).
La valeur de AdjSansWumpus est : [_21352{x:2,y:3},_21370{x:3,y:2},_19872{x:1,y:2},_19762{x:2,y:1}]
Cases Auth est : [_21370{x:3,y:2},_21352{x:2,y:3}]
La valeur de X est : 2
La valeur de Y est : 3
_{ beliefsv2:_{ alive:[_{id:hunter}],
		dir:[dir{d:north,h:hunter{id:hunter}}],
		fat_gold:[],
		fat_hunter:fat{c:c{x:2,y:3},h:hunter{id:hunter}},
		game_state:running,
		has_arrow:[_{a:_{id:arrow1},h:_{id:hunter}}],
		has_gold:[],
		score:0,
		visited:[ v{from:c{x:2,y:2},to:c{x:2,y:3}},
			  _{from:_{x:2,y:1},to:_{x:2,y:2}},
			  _{from:A{x:1,y:1},to:_{x:2,y:1}},
			  _{from:_{x:1,y:2},to:_{x:1,y:1}},
			  _{from:A{x:1,y:1},to:_{x:1,y:2}}
			]
	      },
   percepts:[]
 }
completed(12, 0.0, 3284, 200, ok).
/*Thu Mar 07 16:02:26 2024*/ request(13, 1709823746.520, [peer(ip(127,0,0,1)),method(put),request_uri('/action'),path('/action'),http_version(1-1),host(localhost),port(8081),connection('keep-alive'),content_length(2605),sec_ch_ua('"Chromium";v="122", "Not(A:Brand";v="24", "Brave";v="122"'),sec_ch_ua_platform('"Windows"'),sec_ch_ua_mobile('?0'),user_agent('Mozilla/5.0 (Windows NT 10.0; Win64; x64) AppleWebKit/537.36 (KHTML, like Gecko) Chrome/122.0.0.0 Safari/537.36'),content_type('application/json'),sec_gpc('1'),origin('http://localhost:9000'),sec_fetch_site('same-site'),sec_fetch_mode(cors),sec_fetch_dest(empty),referer('http://localhost:9000/')]).
_{ beliefsv2:_{ alive:[_{id:hunter}],
		dir:[_{d:north,h:_{id:hunter}}],
		fat_gold:[],
		fat_hunter:_{c:_{x:2,y:3},h:_{id:hunter}},
		game_state:running,
		has_arrow:[_{a:_{id:arrow1},h:_{id:hunter}}],
		has_gold:true,
		score:0,
		visited:[ _{from:_{x:2,y:2},to:_{x:2,y:3}},
			  _{from:_{x:2,y:1},to:_{x:2,y:2}},
			  _{from:_{x:1,y:1},to:_{x:2,y:1}},
			  _{from:_{x:1,y:2},to:_{x:1,y:1}},
			  _{from:_{x:1,y:1},to:_{x:1,y:2}}
			]
	      },
   percepts:[glitter,breeze,stench]
 }
completed(13, 0.0, 3488, 200, ok).
/*Thu Mar 07 16:02:29 2024*/ request(14, 1709823749.391, [peer(ip(127,0,0,1)),method(put),request_uri('/action'),path('/action'),http_version(1-1),host(localhost),port(8081),connection('keep-alive'),content_length(2741),sec_ch_ua('"Chromium";v="122", "Not(A:Brand";v="24", "Brave";v="122"'),sec_ch_ua_platform('"Windows"'),sec_ch_ua_mobile('?0'),user_agent('Mozilla/5.0 (Windows NT 10.0; Win64; x64) AppleWebKit/537.36 (KHTML, like Gecko) Chrome/122.0.0.0 Safari/537.36'),content_type('application/json'),sec_gpc('1'),origin('http://localhost:9000'),sec_fetch_site('same-site'),sec_fetch_mode(cors),sec_fetch_dest(empty),referer('http://localhost:9000/')]).
La valeur de Ls est : [_14360{x:1,y:2},_14234{x:1,y:1},_14108{x:2,y:1},_13982{x:2,y:2}]
La valeur de Adjacents est : [_20234{x:1,y:0},_20216{x:0,y:1},_20198{x:2,y:1},_20180{x:1,y:2}]
La valeur de Adjacents est : [_20216{x:0,y:1},_20198{x:2,y:1},_20180{x:1,y:2}]
Completion du else : _20234{x:1,y:0}
La valeur de Visited est : [_14360{x:1,y:2},_14234{x:1,y:1},_14108{x:2,y:1},_13982{x:2,y:2}]
La valeur de Adjacents est : [_20198{x:2,y:1},_20180{x:1,y:2}]
Completion du else : _20216{x:0,y:1}
La valeur de Visited est : [_14360{x:1,y:2},_14234{x:1,y:1},_14108{x:2,y:1},_13982{x:2,y:2}]
La valeur de Adjacents est : [_20180{x:1,y:2}]
La valeur de X est : _14108{x:2,y:1}
La valeur de V est : [_14360{x:1,y:2},_14234{x:1,y:1},_13982{x:2,y:2}]
La valeur de Adjacents est : [_21380{x:2,y:0},_21362{x:1,y:1},_21344{x:3,y:1},_21326{x:2,y:2}]
La valeur de Adjacents est : [_21362{x:1,y:1},_21344{x:3,y:1},_21326{x:2,y:2}]
Completion du else : _21380{x:2,y:0}
La valeur de Visited est : [_14360{x:1,y:2},_14234{x:1,y:1},_13982{x:2,y:2}]
La valeur de Adjacents est : [_21344{x:3,y:1},_21326{x:2,y:2}]
La valeur de X est : _14234{x:1,y:1}
La valeur de V est : [_14360{x:1,y:2},_13982{x:2,y:2}]
La valeur de Adjacents est : [_21952{x:1,y:0},_21934{x:0,y:1},_21916{x:2,y:1},_21898{x:1,y:2}]
La valeur de Adjacents est : [_21934{x:0,y:1},_21916{x:2,y:1},_21898{x:1,y:2}]
Completion du else : _21952{x:1,y:0}
La valeur de Visited est : [_14360{x:1,y:2},_13982{x:2,y:2}]
La valeur de Adjacents est : [_21916{x:2,y:1},_21898{x:1,y:2}]
Completion du else : _21934{x:0,y:1}
La valeur de Visited est : [_14360{x:1,y:2},_13982{x:2,y:2}]
La valeur de Adjacents est : [_21898{x:1,y:2}]
Completion du else : _21916{x:2,y:1}
La valeur de Visited est : [_14360{x:1,y:2},_13982{x:2,y:2}]
La valeur de Adjacents est : []
La valeur de X est : _14360{x:1,y:2}
La valeur de V est : [_13982{x:2,y:2}]
La valeur de Adjacents est : [_4406{x:1,y:1},_4388{x:0,y:2},_4370{x:2,y:2},_4352{x:1,y:3}]
La valeur de Adjacents est : [_4388{x:0,y:2},_4370{x:2,y:2},_4352{x:1,y:3}]
Completion du else : _4406{x:1,y:1}
La valeur de Visited est : [_2224{x:2,y:2}]
La valeur de Adjacents est : [_4370{x:2,y:2},_4352{x:1,y:3}]
Completion du else : _4388{x:0,y:2}
La valeur de Visited est : [_2224{x:2,y:2}]
La valeur de Adjacents est : [_4352{x:1,y:3}]
La valeur de X est : _2224{x:2,y:2}
La valeur de V est : []
La valeur de Adjacents est : [_5008{x:2,y:1},_4990{x:1,y:2},_4972{x:3,y:2},_4954{x:2,y:3}]
La valeur de Depart est : _2224{x:2,y:2}
La valeur de Case est : _2224{x:2,y:2}
La valeur de Visited est : [_2224{x:2,y:2}]
La valeur de Adjacents est : []
Completion du else : _4352{x:1,y:3}
La valeur de Visited est : [_2224{x:2,y:2}]
La valeur de Visited est : [_2350{x:1,y:2},_2224{x:2,y:2}]
La valeur de Visited est : [_2350{x:1,y:2},_2308{x:1,y:1},_2224{x:2,y:2}]
La valeur de Adjacents est : [_3898{x:2,y:2}]
Completion du else : _3916{x:3,y:1}
La valeur de Visited est : [_2350{x:1,y:2},_2308{x:1,y:1},_2224{x:2,y:2}]
La valeur de Adjacents est : []
La valeur de X est : _2224{x:2,y:2}
La valeur de V est : [_2350{x:1,y:2},_2308{x:1,y:1}]
La valeur de Adjacents est : [_5692{x:2,y:1},_5674{x:1,y:2},_5656{x:3,y:2},_5638{x:2,y:3}]
La valeur de Depart est : _2224{x:2,y:2}
La valeur de Case est : _2224{x:2,y:2}
La valeur de Visited est : [_2350{x:1,y:2},_2308{x:1,y:1},_2224{x:2,y:2}]
La valeur de Visited est : [_2350{x:1,y:2},_2308{x:1,y:1},_2266{x:2,y:1},_2224{x:2,y:2}]
La valeur de Adjacents est : []
La valeur de X est : _2350{x:1,y:2}
La valeur de V est : [_2308{x:1,y:1},_2266{x:2,y:1},_2224{x:2,y:2}]
La valeur de Adjacents est : [_6284{x:1,y:1},_6266{x:0,y:2},_6248{x:2,y:2},_6230{x:1,y:3}]
La valeur de Adjacents est : [_6266{x:0,y:2},_6248{x:2,y:2},_6230{x:1,y:3}]
La valeur de X est : _2308{x:1,y:1}
La valeur de V est : [_2266{x:2,y:1},_2224{x:2,y:2}]
La valeur de Adjacents est : [_6814{x:1,y:0},_6796{x:0,y:1},_6778{x:2,y:1},_6760{x:1,y:2}]
La valeur de Adjacents est : [_6796{x:0,y:1},_6778{x:2,y:1},_6760{x:1,y:2}]
Completion du else : _6814{x:1,y:0}
La valeur de Visited est : [_2266{x:2,y:1},_2224{x:2,y:2}]
La valeur de Adjacents est : [_6778{x:2,y:1},_6760{x:1,y:2}]
Completion du else : _6796{x:0,y:1}
La valeur de Visited est : [_2266{x:2,y:1},_2224{x:2,y:2}]
La valeur de Adjacents est : [_6760{x:1,y:2}]
La valeur de X est : _2266{x:2,y:1}
La valeur de V est : [_2224{x:2,y:2}]
La valeur de Adjacents est : [_7422{x:2,y:0},_7404{x:1,y:1},_7386{x:3,y:1},_7368{x:2,y:2}]
La valeur de Adjacents est : [_7404{x:1,y:1},_7386{x:3,y:1},_7368{x:2,y:2}]
Completion du else : _7422{x:2,y:0}
La valeur de Visited est : [_2224{x:2,y:2}]
La valeur de Adjacents est : [_7386{x:3,y:1},_7368{x:2,y:2}]
Completion du else : _7404{x:1,y:1}
La valeur de Visited est : [_2224{x:2,y:2}]
La valeur de Adjacents est : [_7368{x:2,y:2}]
Completion du else : _7386{x:3,y:1}
La valeur de Visited est : [_2224{x:2,y:2}]
La valeur de Adjacents est : []
La valeur de X est : _2224{x:2,y:2}
La valeur de V est : []
La valeur de Adjacents est : [_8066{x:2,y:1},_8048{x:1,y:2},_8030{x:3,y:2},_8012{x:2,y:3}]
La valeur de Depart est : _2224{x:2,y:2}
La valeur de Case est : _2224{x:2,y:2}
La valeur de Visited est : [_2224{x:2,y:2}]
La valeur de Visited est : [_2266{x:2,y:1},_2224{x:2,y:2}]
La valeur de Adjacents est : []
Completion du else : _6760{x:1,y:2}
La valeur de Visited est : [_2266{x:2,y:1},_2224{x:2,y:2}]
La valeur de Visited est : [_2308{x:1,y:1},_2266{x:2,y:1},_2224{x:2,y:2}]
La valeur de Adjacents est : [_6248{x:2,y:2},_6230{x:1,y:3}]
Completion du else : _6266{x:0,y:2}
La valeur de Visited est : [_2308{x:1,y:1},_2266{x:2,y:1},_2224{x:2,y:2}]
La valeur de Adjacents est : [_6230{x:1,y:3}]
La valeur de X est : _2224{x:2,y:2}
La valeur de V est : [_2308{x:1,y:1},_2266{x:2,y:1}]
La valeur de Adjacents est : [_8750{x:2,y:1},_8732{x:1,y:2},_8714{x:3,y:2},_8696{x:2,y:3}]
La valeur de Depart est : _2224{x:2,y:2}
La valeur de Case est : _2224{x:2,y:2}
La valeur de Visited est : [_2308{x:1,y:1},_2266{x:2,y:1},_2224{x:2,y:2}]
La valeur de Adjacents est : []
Completion du else : _6230{x:1,y:3}
La valeur de Visited est : [_2308{x:1,y:1},_2266{x:2,y:1},_2224{x:2,y:2}]
La valeur de Visited est : [_2350{x:1,y:2},_2308{x:1,y:1},_2266{x:2,y:1},_2224{x:2,y:2}]
La valeur de Case est : _2224{x:2,y:2}
_{ beliefsv2:_{ alive:[_{id:hunter}],
		dir:[dir{d:east,h:hunter{id:hunter}}],
		fat_gold:[],
		fat_hunter:_{c:_{x:2,y:3},h:_{id:hunter}},
		game_state:running,
		has_arrow:[_{a:_{id:arrow1},h:_{id:hunter}}],
		has_gold:true,
		score:0,
		visited:[ _{from:_{x:2,y:2},to:_{x:2,y:3}},
			  _{from:_{x:2,y:1},to:_{x:2,y:2}},
			  _{from:A{x:1,y:1},to:_{x:2,y:1}},
			  _{from:_{x:1,y:2},to:_{x:1,y:1}},
			  _{from:A{x:1,y:1},to:_{x:1,y:2}}
			]
	      },
   percepts:[breeze,stench]
 }
completed(14, 0.04687500000000001, 3477, 200, ok).
/*Thu Mar 07 16:02:31 2024*/ request(15, 1709823751.301, [peer(ip(127,0,0,1)),method(options),request_uri('/action'),path('/action'),http_version(1-1),host(localhost),port(8081),connection('keep-alive'),access_control_request_method('PUT'),access_control_request_headers('content-type'),origin('http://localhost:9000'),user_agent('Mozilla/5.0 (Windows NT 10.0; Win64; x64) AppleWebKit/537.36 (KHTML, like Gecko) Chrome/122.0.0.0 Safari/537.36'),sec_fetch_mode(cors),sec_fetch_site('same-site'),sec_fetch_dest(empty),referer('http://localhost:9000/')]).
completed(15, 0.0, 0, 200, ok).
/*Thu Mar 07 16:02:31 2024*/ request(16, 1709823751.321, [peer(ip(127,0,0,1)),method(put),request_uri('/action'),path('/action'),http_version(1-1),host(localhost),port(8081),connection('keep-alive'),content_length(2740),sec_ch_ua('"Chromium";v="122", "Not(A:Brand";v="24", "Brave";v="122"'),sec_ch_ua_platform('"Windows"'),sec_ch_ua_mobile('?0'),user_agent('Mozilla/5.0 (Windows NT 10.0; Win64; x64) AppleWebKit/537.36 (KHTML, like Gecko) Chrome/122.0.0.0 Safari/537.36'),content_type('application/json'),sec_gpc('1'),origin('http://localhost:9000'),sec_fetch_site('same-site'),sec_fetch_mode(cors),sec_fetch_dest(empty),referer('http://localhost:9000/')]).
La valeur de Ls est : [_2342{x:1,y:2},_2300{x:1,y:1},_2258{x:2,y:1},_2216{x:2,y:2}]
La valeur de Adjacents est : [_5704{x:1,y:0},_5686{x:0,y:1},_5668{x:2,y:1},_5650{x:1,y:2}]
La valeur de Adjacents est : [_5686{x:0,y:1},_5668{x:2,y:1},_5650{x:1,y:2}]
Completion du else : _5704{x:1,y:0}
La valeur de Visited est : [_2342{x:1,y:2},_2300{x:1,y:1},_2258{x:2,y:1},_2216{x:2,y:2}]
La valeur de Adjacents est : [_5668{x:2,y:1},_5650{x:1,y:2}]
Completion du else : _5686{x:0,y:1}
La valeur de Visited est : [_2342{x:1,y:2},_2300{x:1,y:1},_2258{x:2,y:1},_2216{x:2,y:2}]
La valeur de Adjacents est : [_5650{x:1,y:2}]
La valeur de X est : _2258{x:2,y:1}
La valeur de V est : [_2342{x:1,y:2},_2300{x:1,y:1},_2216{x:2,y:2}]
La valeur de Adjacents est : [_6324{x:2,y:0},_6306{x:1,y:1},_6288{x:3,y:1},_6270{x:2,y:2}]
La valeur de Adjacents est : [_6306{x:1,y:1},_6288{x:3,y:1},_6270{x:2,y:2}]
Completion du else : _6324{x:2,y:0}
La valeur de Visited est : [_2342{x:1,y:2},_2300{x:1,y:1},_2216{x:2,y:2}]
La valeur de Adjacents est : [_6288{x:3,y:1},_6270{x:2,y:2}]
La valeur de X est : _2300{x:1,y:1}
La valeur de V est : [_2342{x:1,y:2},_2216{x:2,y:2}]
La valeur de Adjacents est : [_6896{x:1,y:0},_6878{x:0,y:1},_6860{x:2,y:1},_6842{x:1,y:2}]
La valeur de Adjacents est : [_6878{x:0,y:1},_6860{x:2,y:1},_6842{x:1,y:2}]
Completion du else : _6896{x:1,y:0}
La valeur de Visited est : [_2342{x:1,y:2},_2216{x:2,y:2}]
La valeur de Adjacents est : [_6860{x:2,y:1},_6842{x:1,y:2}]
Completion du else : _6878{x:0,y:1}
La valeur de Visited est : [_2342{x:1,y:2},_2216{x:2,y:2}]
La valeur de Adjacents est : [_6842{x:1,y:2}]
Completion du else : _6860{x:2,y:1}
La valeur de Visited est : [_2342{x:1,y:2},_2216{x:2,y:2}]
La valeur de Adjacents est : []
La valeur de X est : _2342{x:1,y:2}
La valeur de V est : [_2216{x:2,y:2}]
La valeur de Adjacents est : [_7546{x:1,y:1},_7528{x:0,y:2},_7510{x:2,y:2},_7492{x:1,y:3}]
La valeur de Adjacents est : [_7528{x:0,y:2},_7510{x:2,y:2},_7492{x:1,y:3}]
Completion du else : _7546{x:1,y:1}
La valeur de Visited est : [_2216{x:2,y:2}]
La valeur de Adjacents est : [_7510{x:2,y:2},_7492{x:1,y:3}]
Completion du else : _7528{x:0,y:2}
La valeur de Visited est : [_2216{x:2,y:2}]
La valeur de Adjacents est : [_7492{x:1,y:3}]
La valeur de X est : _2216{x:2,y:2}
La valeur de V est : []
La valeur de Adjacents est : [_8148{x:2,y:1},_8130{x:1,y:2},_8112{x:3,y:2},_8094{x:2,y:3}]
La valeur de Depart est : _2216{x:2,y:2}
La valeur de Case est : _2216{x:2,y:2}
La valeur de Visited est : [_2216{x:2,y:2}]
La valeur de Adjacents est : []
Completion du else : _7492{x:1,y:3}
La valeur de Visited est : [_2216{x:2,y:2}]
La valeur de Visited est : [_2342{x:1,y:2},_2216{x:2,y:2}]
La valeur de Visited est : [_2342{x:1,y:2},_2300{x:1,y:1},_2216{x:2,y:2}]
La valeur de Adjacents est : [_6270{x:2,y:2}]
Completion du else : _6288{x:3,y:1}
La valeur de Visited est : [_2342{x:1,y:2},_2300{x:1,y:1},_2216{x:2,y:2}]
La valeur de Adjacents est : []
La valeur de X est : _2216{x:2,y:2}
La valeur de V est : [_2342{x:1,y:2},_2300{x:1,y:1}]
La valeur de Adjacents est : [_8832{x:2,y:1},_8814{x:1,y:2},_8796{x:3,y:2},_8778{x:2,y:3}]
La valeur de Depart est : _2216{x:2,y:2}
La valeur de Case est : _2216{x:2,y:2}
La valeur de Visited est : [_2342{x:1,y:2},_2300{x:1,y:1},_2216{x:2,y:2}]
La valeur de Visited est : [_2342{x:1,y:2},_2300{x:1,y:1},_2258{x:2,y:1},_2216{x:2,y:2}]
La valeur de Adjacents est : []
La valeur de X est : _2342{x:1,y:2}
La valeur de V est : [_2300{x:1,y:1},_2258{x:2,y:1},_2216{x:2,y:2}]
La valeur de Adjacents est : [_9424{x:1,y:1},_9406{x:0,y:2},_9388{x:2,y:2},_9370{x:1,y:3}]
La valeur de Adjacents est : [_9406{x:0,y:2},_9388{x:2,y:2},_9370{x:1,y:3}]
La valeur de X est : _2300{x:1,y:1}
La valeur de V est : [_2258{x:2,y:1},_2216{x:2,y:2}]
La valeur de Adjacents est : [_9954{x:1,y:0},_9936{x:0,y:1},_9918{x:2,y:1},_9900{x:1,y:2}]
La valeur de Adjacents est : [_9936{x:0,y:1},_9918{x:2,y:1},_9900{x:1,y:2}]
Completion du else : _9954{x:1,y:0}
La valeur de Visited est : [_2258{x:2,y:1},_2216{x:2,y:2}]
La valeur de Adjacents est : [_9918{x:2,y:1},_9900{x:1,y:2}]
Completion du else : _9936{x:0,y:1}
La valeur de Visited est : [_2258{x:2,y:1},_2216{x:2,y:2}]
La valeur de Adjacents est : [_9900{x:1,y:2}]
La valeur de X est : _2258{x:2,y:1}
La valeur de V est : [_2216{x:2,y:2}]
La valeur de Adjacents est : [_10562{x:2,y:0},_10544{x:1,y:1},_10526{x:3,y:1},_10508{x:2,y:2}]
La valeur de Adjacents est : [_10544{x:1,y:1},_10526{x:3,y:1},_10508{x:2,y:2}]
Completion du else : _10562{x:2,y:0}
La valeur de Visited est : [_2216{x:2,y:2}]
La valeur de Adjacents est : [_10526{x:3,y:1},_10508{x:2,y:2}]
Completion du else : _10544{x:1,y:1}
La valeur de Visited est : [_2216{x:2,y:2}]
La valeur de Adjacents est : [_10508{x:2,y:2}]
Completion du else : _10526{x:3,y:1}
La valeur de Visited est : [_2216{x:2,y:2}]
La valeur de Adjacents est : []
La valeur de X est : _2216{x:2,y:2}
La valeur de V est : []
La valeur de Adjacents est : [_11206{x:2,y:1},_11188{x:1,y:2},_11170{x:3,y:2},_11152{x:2,y:3}]
La valeur de Depart est : _2216{x:2,y:2}
La valeur de Case est : _2216{x:2,y:2}
La valeur de Visited est : [_2216{x:2,y:2}]
La valeur de Visited est : [_2258{x:2,y:1},_2216{x:2,y:2}]
La valeur de Adjacents est : []
Completion du else : _9900{x:1,y:2}
La valeur de Visited est : [_2258{x:2,y:1},_2216{x:2,y:2}]
La valeur de Visited est : [_2300{x:1,y:1},_2258{x:2,y:1},_2216{x:2,y:2}]
La valeur de Adjacents est : [_9388{x:2,y:2},_9370{x:1,y:3}]
Completion du else : _9406{x:0,y:2}
La valeur de Visited est : [_2300{x:1,y:1},_2258{x:2,y:1},_2216{x:2,y:2}]
La valeur de Adjacents est : [_9370{x:1,y:3}]
La valeur de X est : _2216{x:2,y:2}
La valeur de V est : [_2300{x:1,y:1},_2258{x:2,y:1}]
La valeur de Adjacents est : [_11890{x:2,y:1},_11872{x:1,y:2},_11854{x:3,y:2},_11836{x:2,y:3}]
La valeur de Depart est : _2216{x:2,y:2}
La valeur de Case est : _2216{x:2,y:2}
La valeur de Visited est : [_2300{x:1,y:1},_2258{x:2,y:1},_2216{x:2,y:2}]
La valeur de Adjacents est : []
Completion du else : _9370{x:1,y:3}
La valeur de Visited est : [_2300{x:1,y:1},_2258{x:2,y:1},_2216{x:2,y:2}]
La valeur de Visited est : [_2342{x:1,y:2},_2300{x:1,y:1},_2258{x:2,y:1},_2216{x:2,y:2}]
La valeur de Case est : _2216{x:2,y:2}
_{ beliefsv2:_{ alive:[_{id:hunter}],
		dir:[dir{d:south,h:hunter{id:hunter}}],
		fat_gold:[],
		fat_hunter:_{c:_{x:2,y:3},h:_{id:hunter}},
		game_state:running,
		has_arrow:[_{a:_{id:arrow1},h:_{id:hunter}}],
		has_gold:true,
		score:0,
		visited:[ _{from:_{x:2,y:2},to:_{x:2,y:3}},
			  _{from:_{x:2,y:1},to:_{x:2,y:2}},
			  _{from:A{x:1,y:1},to:_{x:2,y:1}},
			  _{from:_{x:1,y:2},to:_{x:1,y:1}},
			  _{from:A{x:1,y:1},to:_{x:1,y:2}}
			]
	      },
   percepts:[breeze,stench]
 }
completed(16, 0.031250000000000014, 3478, 200, ok).
/*Thu Mar 07 16:02:33 2024*/ request(17, 1709823753.246, [peer(ip(127,0,0,1)),method(put),request_uri('/action'),path('/action'),http_version(1-1),host(localhost),port(8081),connection('keep-alive'),content_length(2741),sec_ch_ua('"Chromium";v="122", "Not(A:Brand";v="24", "Brave";v="122"'),sec_ch_ua_platform('"Windows"'),sec_ch_ua_mobile('?0'),user_agent('Mozilla/5.0 (Windows NT 10.0; Win64; x64) AppleWebKit/537.36 (KHTML, like Gecko) Chrome/122.0.0.0 Safari/537.36'),content_type('application/json'),sec_gpc('1'),origin('http://localhost:9000'),sec_fetch_site('same-site'),sec_fetch_mode(cors),sec_fetch_dest(empty),referer('http://localhost:9000/')]).
La valeur de Ls est : [_2342{x:1,y:2},_2300{x:1,y:1},_2258{x:2,y:1},_2216{x:2,y:2}]
La valeur de Adjacents est : [_5704{x:1,y:0},_5686{x:0,y:1},_5668{x:2,y:1},_5650{x:1,y:2}]
La valeur de Adjacents est : [_5686{x:0,y:1},_5668{x:2,y:1},_5650{x:1,y:2}]
Completion du else : _5704{x:1,y:0}
La valeur de Visited est : [_2342{x:1,y:2},_2300{x:1,y:1},_2258{x:2,y:1},_2216{x:2,y:2}]
La valeur de Adjacents est : [_5668{x:2,y:1},_5650{x:1,y:2}]
Completion du else : _5686{x:0,y:1}
La valeur de Visited est : [_2342{x:1,y:2},_2300{x:1,y:1},_2258{x:2,y:1},_2216{x:2,y:2}]
La valeur de Adjacents est : [_5650{x:1,y:2}]
La valeur de X est : _2258{x:2,y:1}
La valeur de V est : [_2342{x:1,y:2},_2300{x:1,y:1},_2216{x:2,y:2}]
La valeur de Adjacents est : [_6324{x:2,y:0},_6306{x:1,y:1},_6288{x:3,y:1},_6270{x:2,y:2}]
La valeur de Adjacents est : [_6306{x:1,y:1},_6288{x:3,y:1},_6270{x:2,y:2}]
Completion du else : _6324{x:2,y:0}
La valeur de Visited est : [_2342{x:1,y:2},_2300{x:1,y:1},_2216{x:2,y:2}]
La valeur de Adjacents est : [_6288{x:3,y:1},_6270{x:2,y:2}]
La valeur de X est : _2300{x:1,y:1}
La valeur de V est : [_2342{x:1,y:2},_2216{x:2,y:2}]
La valeur de Adjacents est : [_6896{x:1,y:0},_6878{x:0,y:1},_6860{x:2,y:1},_6842{x:1,y:2}]
La valeur de Adjacents est : [_6878{x:0,y:1},_6860{x:2,y:1},_6842{x:1,y:2}]
Completion du else : _6896{x:1,y:0}
La valeur de Visited est : [_2342{x:1,y:2},_2216{x:2,y:2}]
La valeur de Adjacents est : [_6860{x:2,y:1},_6842{x:1,y:2}]
Completion du else : _6878{x:0,y:1}
La valeur de Visited est : [_2342{x:1,y:2},_2216{x:2,y:2}]
La valeur de Adjacents est : [_6842{x:1,y:2}]
Completion du else : _6860{x:2,y:1}
La valeur de Visited est : [_2342{x:1,y:2},_2216{x:2,y:2}]
La valeur de Adjacents est : []
La valeur de X est : _2342{x:1,y:2}
La valeur de V est : [_2216{x:2,y:2}]
La valeur de Adjacents est : [_7546{x:1,y:1},_7528{x:0,y:2},_7510{x:2,y:2},_7492{x:1,y:3}]
La valeur de Adjacents est : [_7528{x:0,y:2},_7510{x:2,y:2},_7492{x:1,y:3}]
Completion du else : _7546{x:1,y:1}
La valeur de Visited est : [_2216{x:2,y:2}]
La valeur de Adjacents est : [_7510{x:2,y:2},_7492{x:1,y:3}]
Completion du else : _7528{x:0,y:2}
La valeur de Visited est : [_2216{x:2,y:2}]
La valeur de Adjacents est : [_7492{x:1,y:3}]
La valeur de X est : _2216{x:2,y:2}
La valeur de V est : []
La valeur de Adjacents est : [_8148{x:2,y:1},_8130{x:1,y:2},_8112{x:3,y:2},_8094{x:2,y:3}]
La valeur de Depart est : _2216{x:2,y:2}
La valeur de Case est : _2216{x:2,y:2}
La valeur de Visited est : [_2216{x:2,y:2}]
La valeur de Adjacents est : []
Completion du else : _7492{x:1,y:3}
La valeur de Visited est : [_2216{x:2,y:2}]
La valeur de Visited est : [_2342{x:1,y:2},_2216{x:2,y:2}]
La valeur de Visited est : [_2342{x:1,y:2},_2300{x:1,y:1},_2216{x:2,y:2}]
La valeur de Adjacents est : [_6270{x:2,y:2}]
Completion du else : _6288{x:3,y:1}
La valeur de Visited est : [_2342{x:1,y:2},_2300{x:1,y:1},_2216{x:2,y:2}]
La valeur de Adjacents est : []
La valeur de X est : _2216{x:2,y:2}
La valeur de V est : [_2342{x:1,y:2},_2300{x:1,y:1}]
La valeur de Adjacents est : [_8832{x:2,y:1},_8814{x:1,y:2},_8796{x:3,y:2},_8778{x:2,y:3}]
La valeur de Depart est : _2216{x:2,y:2}
La valeur de Case est : _2216{x:2,y:2}
La valeur de Visited est : [_2342{x:1,y:2},_2300{x:1,y:1},_2216{x:2,y:2}]
La valeur de Visited est : [_2342{x:1,y:2},_2300{x:1,y:1},_2258{x:2,y:1},_2216{x:2,y:2}]
La valeur de Adjacents est : []
La valeur de X est : _2342{x:1,y:2}
La valeur de V est : [_2300{x:1,y:1},_2258{x:2,y:1},_2216{x:2,y:2}]
La valeur de Adjacents est : [_9424{x:1,y:1},_9406{x:0,y:2},_9388{x:2,y:2},_9370{x:1,y:3}]
La valeur de Adjacents est : [_9406{x:0,y:2},_9388{x:2,y:2},_9370{x:1,y:3}]
La valeur de X est : _2300{x:1,y:1}
La valeur de V est : [_2258{x:2,y:1},_2216{x:2,y:2}]
La valeur de Adjacents est : [_9954{x:1,y:0},_9936{x:0,y:1},_9918{x:2,y:1},_9900{x:1,y:2}]
La valeur de Adjacents est : [_9936{x:0,y:1},_9918{x:2,y:1},_9900{x:1,y:2}]
Completion du else : _9954{x:1,y:0}
La valeur de Visited est : [_2258{x:2,y:1},_2216{x:2,y:2}]
La valeur de Adjacents est : [_9918{x:2,y:1},_9900{x:1,y:2}]
Completion du else : _9936{x:0,y:1}
La valeur de Visited est : [_2258{x:2,y:1},_2216{x:2,y:2}]
La valeur de Adjacents est : [_9900{x:1,y:2}]
La valeur de X est : _2258{x:2,y:1}
La valeur de V est : [_2216{x:2,y:2}]
La valeur de Adjacents est : [_10562{x:2,y:0},_10544{x:1,y:1},_10526{x:3,y:1},_10508{x:2,y:2}]
La valeur de Adjacents est : [_10544{x:1,y:1},_10526{x:3,y:1},_10508{x:2,y:2}]
Completion du else : _10562{x:2,y:0}
La valeur de Visited est : [_2216{x:2,y:2}]
La valeur de Adjacents est : [_10526{x:3,y:1},_10508{x:2,y:2}]
Completion du else : _10544{x:1,y:1}
La valeur de Visited est : [_2216{x:2,y:2}]
La valeur de Adjacents est : [_10508{x:2,y:2}]
Completion du else : _10526{x:3,y:1}
La valeur de Visited est : [_2216{x:2,y:2}]
La valeur de Adjacents est : []
La valeur de X est : _2216{x:2,y:2}
La valeur de V est : []
La valeur de Adjacents est : [_11206{x:2,y:1},_11188{x:1,y:2},_11170{x:3,y:2},_11152{x:2,y:3}]
La valeur de Depart est : _2216{x:2,y:2}
La valeur de Case est : _2216{x:2,y:2}
La valeur de Visited est : [_2216{x:2,y:2}]
La valeur de Visited est : [_2258{x:2,y:1},_2216{x:2,y:2}]
La valeur de Adjacents est : []
Completion du else : _9900{x:1,y:2}
La valeur de Visited est : [_2258{x:2,y:1},_2216{x:2,y:2}]
La valeur de Visited est : [_2300{x:1,y:1},_2258{x:2,y:1},_2216{x:2,y:2}]
La valeur de Adjacents est : [_9388{x:2,y:2},_9370{x:1,y:3}]
Completion du else : _9406{x:0,y:2}
La valeur de Visited est : [_2300{x:1,y:1},_2258{x:2,y:1},_2216{x:2,y:2}]
La valeur de Adjacents est : [_9370{x:1,y:3}]
La valeur de X est : _2216{x:2,y:2}
La valeur de V est : [_2300{x:1,y:1},_2258{x:2,y:1}]
La valeur de Adjacents est : [_11890{x:2,y:1},_11872{x:1,y:2},_11854{x:3,y:2},_11836{x:2,y:3}]
La valeur de Depart est : _2216{x:2,y:2}
La valeur de Case est : _2216{x:2,y:2}
La valeur de Visited est : [_2300{x:1,y:1},_2258{x:2,y:1},_2216{x:2,y:2}]
La valeur de Adjacents est : []
Completion du else : _9370{x:1,y:3}
La valeur de Visited est : [_2300{x:1,y:1},_2258{x:2,y:1},_2216{x:2,y:2}]
La valeur de Visited est : [_2342{x:1,y:2},_2300{x:1,y:1},_2258{x:2,y:1},_2216{x:2,y:2}]
La valeur de Case est : _2216{x:2,y:2}
_{ beliefsv2:_{ alive:[_{id:hunter}],
		dir:[dir{d:south,h:hunter{id:hunter}}],
		fat_gold:[],
		fat_hunter:fat{c:c{x:2,y:2},h:hunter{id:hunter}},
		game_state:running,
		has_arrow:[_{a:_{id:arrow1},h:_{id:hunter}}],
		has_gold:true,
		score:0,
		visited:[ v{from:c{x:2,y:3},to:c{x:2,y:2}},
			  _{from:_{x:2,y:2},to:_{x:2,y:3}},
			  _{from:_{x:2,y:1},to:_{x:2,y:2}},
			  _{from:A{x:1,y:1},to:_{x:2,y:1}},
			  _{from:_{x:1,y:2},to:_{x:1,y:1}},
			  _{from:A{x:1,y:1},to:_{x:1,y:2}}
			]
	      },
   percepts:[breeze,stench]
 }
completed(17, 0.0625, 3531, 200, ok).
/*Thu Mar 07 16:02:36 2024*/ request(18, 1709823756.000, [peer(ip(127,0,0,1)),method(put),request_uri('/action'),path('/action'),http_version(1-1),host(localhost),port(8081),connection('keep-alive'),content_length(2766),sec_ch_ua('"Chromium";v="122", "Not(A:Brand";v="24", "Brave";v="122"'),sec_ch_ua_platform('"Windows"'),sec_ch_ua_mobile('?0'),user_agent('Mozilla/5.0 (Windows NT 10.0; Win64; x64) AppleWebKit/537.36 (KHTML, like Gecko) Chrome/122.0.0.0 Safari/537.36'),content_type('application/json'),sec_gpc('1'),origin('http://localhost:9000'),sec_fetch_site('same-site'),sec_fetch_mode(cors),sec_fetch_dest(empty),referer('http://localhost:9000/')]).
La valeur de Ls est : [_2394{x:1,y:2},_2352{x:1,y:1},_2310{x:2,y:1},_2268{x:2,y:2},_2226{x:2,y:3}]
La valeur de Adjacents est : [_5532{x:1,y:0},_5514{x:0,y:1},_5496{x:2,y:1},_5478{x:1,y:2}]
La valeur de Adjacents est : [_5514{x:0,y:1},_5496{x:2,y:1},_5478{x:1,y:2}]
Completion du else : _5532{x:1,y:0}
La valeur de Visited est : [_2394{x:1,y:2},_2352{x:1,y:1},_2310{x:2,y:1},_2268{x:2,y:2},_2226{x:2,y:3}]
La valeur de Adjacents est : [_5496{x:2,y:1},_5478{x:1,y:2}]
Completion du else : _5514{x:0,y:1}
La valeur de Visited est : [_2394{x:1,y:2},_2352{x:1,y:1},_2310{x:2,y:1},_2268{x:2,y:2},_2226{x:2,y:3}]
La valeur de Adjacents est : [_5478{x:1,y:2}]
La valeur de X est : _2310{x:2,y:1}
La valeur de V est : [_2394{x:1,y:2},_2352{x:1,y:1},_2268{x:2,y:2},_2226{x:2,y:3}]
La valeur de Adjacents est : [_6158{x:2,y:0},_6140{x:1,y:1},_6122{x:3,y:1},_6104{x:2,y:2}]
La valeur de Depart est : _2310{x:2,y:1}
La valeur de Case est : _2310{x:2,y:1}
La valeur de Visited est : [_2394{x:1,y:2},_2352{x:1,y:1},_2310{x:2,y:1},_2268{x:2,y:2},_2226{x:2,y:3}]
La valeur de Adjacents est : []
La valeur de X est : _2394{x:1,y:2}
La valeur de V est : [_2352{x:1,y:1},_2310{x:2,y:1},_2268{x:2,y:2},_2226{x:2,y:3}]
La valeur de Adjacents est : [_6742{x:1,y:1},_6724{x:0,y:2},_6706{x:2,y:2},_6688{x:1,y:3}]
La valeur de Depart est : _2394{x:1,y:2}
completed(18, 0.062499999999999986, 2285, 500, error("goal unexpectedly failed: user:handle_action_request([protocol(http),peer(ip(127,0,0,1)),pool(client('httpd@8081',user:http_dispatch,<stream>(00000255e95793d0),<stream>(00000255e9577fa0))),input(<stream>(00000255e95793d0)),method(put),request_uri('/action'),path('/action'),http_version(1-1),host(localhost),port(8081),connection('keep-alive'),content_length(2766),sec_ch_ua('\"Chromium\";v=\"122\", \"Not(A:Brand\";v=\"24\", \"Brave\";v=\"122\"'),sec_ch_ua_platform('\"Windows\"'),sec_ch_ua_mobile('?0'),user_agent('Mozilla/5.0 (Windows NT 10.0; Win64; x64) AppleWebKit/537.36 (KHTML, like Gecko) Chrome/122.0.0.0 Safari/537.36'),content_type('application/json'),accept([media(_790/_792,[],1.0,[])]),sec_gpc('1'),accept_language('fr-FR,fr'),origin('http://localhost:9000'),sec_fetch_site('same-site'),sec_fetch_mode(cors),sec_fetch_dest(empty),referer('http://localhost:9000/'),accept_encoding('gzip, deflate, br')])\nIn:\n  [19] throw(error(goal_failed(...),_922))\n  [18] http_dispatch:call_action(user:handle_action_request,[protocol(http),...|...]) at c:/program files/swipl/library/http/http_dispatch.pl:1044\n  [16] time:run_alarm_goal('<garbage_collected>','<garbage_collected>') at c:/program files/swipl/library/time.pl:147\n  [15] setup_call_catcher_cleanup(time:alarm(300,...,...,...),time:run_alarm_goal(...,...),_1040,time:remove_alarm_notrace(...)) at c:/program files/swipl/boot/init.pl:679\n   [8] httpd_wrapper:call_handler('<garbage_collected>',18,'<garbage_collected>') at c:/program files/swipl/library/http/http_wrapper.pl:329\n   [7] catch(httpd_wrapper:call_handler(...,18,...),error(goal_failed(...),context(_1170,_1172)),httpd_wrapper:true) at c:/program files/swipl/boot/init.pl:565\n   [6] httpd_wrapper:handler_with_output_to(user:http_dispatch,18,'<garbage_collected>',current_output,error(goal_failed(...),context(_1236,_1238))) at c:/program files/swipl/library/http/http_wrapper.pl:308\n   [5] httpd_wrapper:handler_with_output_to('<garbage_collected>',18,'<garbage_collected>',<stream>(00000255e9578710),'<garbage_collected>') at c:/program files/swipl/library/http/http_wrapper.pl:318\n\nNote: some frames are missing due to last-call optimization.\nRe-run your program in debug mode (:- debug.) to get more detail.")).
server(stopped, 1709823923).
server(started, 1709912558).
/*Fri Mar  8 16:42:50 2024*/ request(1, 1709912570.444, [peer(ip(127,0,0,1)),method(options),request_uri('/action'),path('/action'),http_version(1-1),host(localhost),port(8081),connection('keep-alive'),access_control_request_method('PUT'),access_control_request_headers('content-type'),origin('http://localhost:9000'),user_agent('Mozilla/5.0 (X11; Linux x86_64) AppleWebKit/537.36 (KHTML, like Gecko) Chrome/122.0.0.0 Safari/537.36'),sec_fetch_mode(cors),sec_fetch_site('same-site'),sec_fetch_dest(empty),referer('http://localhost:9000/')]).
completed(1, 0.015271647000000001, 0, 200, ok).
/*Fri Mar  8 16:42:50 2024*/ request(2, 1709912570.452, [peer(ip(127,0,0,1)),method(put),request_uri('/action'),path('/action'),http_version(1-1),host(localhost),port(8081),connection('keep-alive'),content_length(1781),sec_ch_ua('"Chromium";v="122", "Not(A:Brand";v="24", "Brave";v="122"'),sec_ch_ua_platform('"Linux"'),sec_ch_ua_mobile('?0'),user_agent('Mozilla/5.0 (X11; Linux x86_64) AppleWebKit/537.36 (KHTML, like Gecko) Chrome/122.0.0.0 Safari/537.36'),content_type('application/json'),sec_gpc('1'),origin('http://localhost:9000'),sec_fetch_site('same-site'),sec_fetch_mode(cors),sec_fetch_dest(empty),referer('http://localhost:9000/')]).
La valeur de AdjSansWumpus est : [_2756{x:1,y:2},_2774{x:2,y:1}]
Cases Auth est : [_2756{x:1,y:2},_2774{x:2,y:1}]
La valeur de X est : 1
La valeur de Y est : 2
_{ beliefsv2:_{ alive:[_{id:hunter}],
		dir:[dir{d:north,h:hunter{id:hunter}}],
		fat_gold:[],
		fat_hunter:fat{c:c{x:1,y:2},h:hunter{id:hunter}},
		game_state:running,
		has_arrow:[_{a:_{id:arrow1},h:_{id:hunter}}],
		has_gold:[],
		score:0,
		visited:[v{from:c{x:1,y:1},to:c{x:1,y:2}}]
	      },
   percepts:[]
 }
completed(2, 0.059053237, 2628, 200, ok).
/*Fri Mar  8 16:42:52 2024*/ request(3, 1709912572.064, [peer(ip(127,0,0,1)),method(put),request_uri('/action'),path('/action'),http_version(1-1),host(localhost),port(8081),connection('keep-alive'),content_length(2050),sec_ch_ua('"Chromium";v="122", "Not(A:Brand";v="24", "Brave";v="122"'),sec_ch_ua_platform('"Linux"'),sec_ch_ua_mobile('?0'),user_agent('Mozilla/5.0 (X11; Linux x86_64) AppleWebKit/537.36 (KHTML, like Gecko) Chrome/122.0.0.0 Safari/537.36'),content_type('application/json'),sec_gpc('1'),origin('http://localhost:9000'),sec_fetch_site('same-site'),sec_fetch_mode(cors),sec_fetch_dest(empty),referer('http://localhost:9000/')]).
La valeur de AdjSansWumpus est : [_7748{x:1,y:1}]
Cases Auth est : [_7534{x:1,y:1}]
La valeur de X est : 1
La valeur de Y est : 3
_{ beliefsv2:_{ alive:[_{id:hunter}],
		dir:[dir{d:west,h:hunter{id:hunter}}],
		fat_gold:[],
		fat_hunter:_{c:_{x:1,y:2},h:_{id:hunter}},
		game_state:running,
		has_arrow:[_{a:_{id:arrow1},h:_{id:hunter}}],
		has_gold:[],
		score:0,
		visited:[_{from:_{x:1,y:1},to:_{x:1,y:2}}]
	      },
   percepts:[stench]
 }
completed(3, 0.054783882, 2811, 200, ok).
/*Fri Mar  8 16:42:53 2024*/ request(4, 1709912573.414, [peer(ip(127,0,0,1)),method(put),request_uri('/action'),path('/action'),http_version(1-1),host(localhost),port(8081),connection('keep-alive'),content_length(2195),sec_ch_ua('"Chromium";v="122", "Not(A:Brand";v="24", "Brave";v="122"'),sec_ch_ua_platform('"Linux"'),sec_ch_ua_mobile('?0'),user_agent('Mozilla/5.0 (X11; Linux x86_64) AppleWebKit/537.36 (KHTML, like Gecko) Chrome/122.0.0.0 Safari/537.36'),content_type('application/json'),sec_gpc('1'),origin('http://localhost:9000'),sec_fetch_site('same-site'),sec_fetch_mode(cors),sec_fetch_dest(empty),referer('http://localhost:9000/')]).
La valeur de AdjSansWumpus est : [_9176{x:1,y:1}]
Cases Auth est : [_8962{x:1,y:1}]
La valeur de X est : 0
La valeur de Y est : 2
_{ beliefsv2:_{ alive:[_{id:hunter}],
		dir:[dir{d:south,h:hunter{id:hunter}}],
		fat_gold:[],
		fat_hunter:_{c:_{x:1,y:2},h:_{id:hunter}},
		game_state:running,
		has_arrow:[_{a:_{id:arrow1},h:_{id:hunter}}],
		has_gold:[],
		score:0,
		visited:[_{from:_{x:1,y:1},to:_{x:1,y:2}}]
	      },
   percepts:[stench]
 }
completed(4, 0.060296186, 2812, 200, ok).
/*Fri Mar  8 16:42:54 2024*/ request(5, 1709912574.741, [peer(ip(127,0,0,1)),method(put),request_uri('/action'),path('/action'),http_version(1-1),host(localhost),port(8081),connection('keep-alive'),content_length(2196),sec_ch_ua('"Chromium";v="122", "Not(A:Brand";v="24", "Brave";v="122"'),sec_ch_ua_platform('"Linux"'),sec_ch_ua_mobile('?0'),user_agent('Mozilla/5.0 (X11; Linux x86_64) AppleWebKit/537.36 (KHTML, like Gecko) Chrome/122.0.0.0 Safari/537.36'),content_type('application/json'),sec_gpc('1'),origin('http://localhost:9000'),sec_fetch_site('same-site'),sec_fetch_mode(cors),sec_fetch_dest(empty),referer('http://localhost:9000/')]).
La valeur de AdjSansWumpus est : [_9182{x:1,y:1}]
Cases Auth est : [_8968{x:1,y:1}]
La valeur de X est : 1
La valeur de Y est : 1
_{ beliefsv2:_{ alive:[_{id:hunter}],
		dir:[dir{d:south,h:hunter{id:hunter}}],
		fat_gold:[],
		fat_hunter:fat{c:c{x:1,y:1},h:hunter{id:hunter}},
		game_state:running,
		has_arrow:[_{a:_{id:arrow1},h:_{id:hunter}}],
		has_gold:[],
		score:0,
		visited:[ v{from:c{x:1,y:2},to:c{x:1,y:1}},
			  _{from:_{x:1,y:1},to:_{x:1,y:2}}
			]
	      },
   percepts:[stench]
 }
completed(5, 0.063302284, 2870, 200, ok).
/*Fri Mar  8 16:42:55 2024*/ request(6, 1709912575.764, [peer(ip(127,0,0,1)),method(options),request_uri('/action'),path('/action'),http_version(1-1),host(localhost),port(8081),connection('keep-alive'),access_control_request_method('PUT'),access_control_request_headers('content-type'),origin('http://localhost:9000'),user_agent('Mozilla/5.0 (X11; Linux x86_64) AppleWebKit/537.36 (KHTML, like Gecko) Chrome/122.0.0.0 Safari/537.36'),sec_fetch_mode(cors),sec_fetch_site('same-site'),sec_fetch_dest(empty),referer('http://localhost:9000/')]).
completed(6, 0.0017040969999999995, 0, 200, ok).
/*Fri Mar  8 16:42:55 2024*/ request(7, 1709912575.768, [peer(ip(127,0,0,1)),method(put),request_uri('/action'),path('/action'),http_version(1-1),host(localhost),port(8081),connection('keep-alive'),content_length(2230),sec_ch_ua('"Chromium";v="122", "Not(A:Brand";v="24", "Brave";v="122"'),sec_ch_ua_platform('"Linux"'),sec_ch_ua_mobile('?0'),user_agent('Mozilla/5.0 (X11; Linux x86_64) AppleWebKit/537.36 (KHTML, like Gecko) Chrome/122.0.0.0 Safari/537.36'),content_type('application/json'),sec_gpc('1'),origin('http://localhost:9000'),sec_fetch_site('same-site'),sec_fetch_mode(cors),sec_fetch_dest(empty),referer('http://localhost:9000/')]).
La valeur de AdjSansWumpus est : [_9928{x:1,y:2},_9812{x:2,y:1}]
Cases Auth est : [_9812{x:2,y:1}]
La valeur de X est : 1
La valeur de Y est : 0
_{ beliefsv2:_{ alive:[_{id:hunter}],
		dir:[dir{d:east,h:hunter{id:hunter}}],
		fat_gold:[],
		fat_hunter:_{c:_{x:1,y:1},h:_{id:hunter}},
		game_state:running,
		has_arrow:[_{a:_{id:arrow1},h:_{id:hunter}}],
		has_gold:[],
		score:0,
		visited:[ _{from:_{x:1,y:2},to:_{x:1,y:1}},
			  _{from:_{x:1,y:1},to:_{x:1,y:2}}
			]
	      },
   percepts:[]
 }
completed(7, 0.06040920600000002, 2857, 200, ok).
/*Fri Mar  8 16:42:56 2024*/ request(8, 1709912576.832, [peer(ip(127,0,0,1)),method(put),request_uri('/action'),path('/action'),http_version(1-1),host(localhost),port(8081),connection('keep-alive'),content_length(2229),sec_ch_ua('"Chromium";v="122", "Not(A:Brand";v="24", "Brave";v="122"'),sec_ch_ua_platform('"Linux"'),sec_ch_ua_mobile('?0'),user_agent('Mozilla/5.0 (X11; Linux x86_64) AppleWebKit/537.36 (KHTML, like Gecko) Chrome/122.0.0.0 Safari/537.36'),content_type('application/json'),sec_gpc('1'),origin('http://localhost:9000'),sec_fetch_site('same-site'),sec_fetch_mode(cors),sec_fetch_dest(empty),referer('http://localhost:9000/')]).
La valeur de AdjSansWumpus est : [_9892{x:1,y:2},_9776{x:2,y:1}]
Cases Auth est : [_9776{x:2,y:1}]
La valeur de X est : 2
La valeur de Y est : 1
_{ beliefsv2:_{ alive:[_{id:hunter}],
		dir:[dir{d:east,h:hunter{id:hunter}}],
		fat_gold:[],
		fat_hunter:fat{c:c{x:2,y:1},h:hunter{id:hunter}},
		game_state:running,
		has_arrow:[_{a:_{id:arrow1},h:_{id:hunter}}],
		has_gold:[],
		score:0,
		visited:[ v{from:c{x:1,y:1},to:c{x:2,y:1}},
			  _{from:_{x:1,y:2},to:_{x:1,y:1}},
			  _{from:_{x:1,y:1},to:_{x:1,y:2}}
			]
	      },
   percepts:[]
 }
completed(8, 0.06959939500000001, 2911, 200, ok).
/*Fri Mar  8 16:42:57 2024*/ request(9, 1709912577.808, [peer(ip(127,0,0,1)),method(put),request_uri('/action'),path('/action'),http_version(1-1),host(localhost),port(8081),connection('keep-alive'),content_length(2279),sec_ch_ua('"Chromium";v="122", "Not(A:Brand";v="24", "Brave";v="122"'),sec_ch_ua_platform('"Linux"'),sec_ch_ua_mobile('?0'),user_agent('Mozilla/5.0 (X11; Linux x86_64) AppleWebKit/537.36 (KHTML, like Gecko) Chrome/122.0.0.0 Safari/537.36'),content_type('application/json'),sec_gpc('1'),origin('http://localhost:9000'),sec_fetch_site('same-site'),sec_fetch_mode(cors),sec_fetch_dest(empty),referer('http://localhost:9000/')]).
La valeur de AdjSansWumpus est : [_10662{x:2,y:2},_10314{x:1,y:1}]
Cases Auth est : [_10662{x:2,y:2}]
La valeur de X est : 3
La valeur de Y est : 1
_{ beliefsv2:_{ alive:[_{id:hunter}],
		dir:[dir{d:north,h:hunter{id:hunter}}],
		fat_gold:[],
		fat_hunter:_{c:_{x:2,y:1},h:_{id:hunter}},
		game_state:running,
		has_arrow:[_{a:_{id:arrow1},h:_{id:hunter}}],
		has_gold:[],
		score:0,
		visited:[ _{from:A{x:1,y:1},to:_{x:2,y:1}},
			  _{from:_{x:1,y:2},to:_{x:1,y:1}},
			  _{from:A{x:1,y:1},to:_{x:1,y:2}}
			]
	      },
   percepts:[breeze]
 }
completed(9, 0.08231560500000001, 3008, 200, ok).
/*Fri Mar  8 16:42:58 2024*/ request(10, 1709912578.928, [peer(ip(127,0,0,1)),method(put),request_uri('/action'),path('/action'),http_version(1-1),host(localhost),port(8081),connection('keep-alive'),content_length(2354),sec_ch_ua('"Chromium";v="122", "Not(A:Brand";v="24", "Brave";v="122"'),sec_ch_ua_platform('"Linux"'),sec_ch_ua_mobile('?0'),user_agent('Mozilla/5.0 (X11; Linux x86_64) AppleWebKit/537.36 (KHTML, like Gecko) Chrome/122.0.0.0 Safari/537.36'),content_type('application/json'),sec_gpc('1'),origin('http://localhost:9000'),sec_fetch_site('same-site'),sec_fetch_mode(cors),sec_fetch_dest(empty),referer('http://localhost:9000/')]).
La valeur de AdjSansWumpus est : [_11454{x:2,y:2},_11106{x:1,y:1}]
Cases Auth est : [_11454{x:2,y:2}]
La valeur de X est : 2
La valeur de Y est : 2
_{ beliefsv2:_{ alive:[_{id:hunter}],
		dir:[dir{d:north,h:hunter{id:hunter}}],
		fat_gold:[],
		fat_hunter:fat{c:c{x:2,y:2},h:hunter{id:hunter}},
		game_state:running,
		has_arrow:[_{a:_{id:arrow1},h:_{id:hunter}}],
		has_gold:[],
		score:0,
		visited:[ v{from:c{x:2,y:1},to:c{x:2,y:2}},
			  _{from:A{x:1,y:1},to:_{x:2,y:1}},
			  _{from:_{x:1,y:2},to:_{x:1,y:1}},
			  _{from:A{x:1,y:1},to:_{x:1,y:2}}
			]
	      },
   percepts:[breeze]
 }
completed(10, 0.038846668, 3062, 200, ok).
/*Fri Mar  8 16:43:00 2024*/ request(11, 1709912580.112, [peer(ip(127,0,0,1)),method(put),request_uri('/action'),path('/action'),http_version(1-1),host(localhost),port(8081),connection('keep-alive'),content_length(2388),sec_ch_ua('"Chromium";v="122", "Not(A:Brand";v="24", "Brave";v="122"'),sec_ch_ua_platform('"Linux"'),sec_ch_ua_mobile('?0'),user_agent('Mozilla/5.0 (X11; Linux x86_64) AppleWebKit/537.36 (KHTML, like Gecko) Chrome/122.0.0.0 Safari/537.36'),content_type('application/json'),sec_gpc('1'),origin('http://localhost:9000'),sec_fetch_site('same-site'),sec_fetch_mode(cors),sec_fetch_dest(empty),referer('http://localhost:9000/')]).
La valeur de AdjSansWumpus est : [_14064{x:2,y:3},_14082{x:3,y:2},_11714{x:1,y:2},_11598{x:2,y:1}]
Cases Auth est : [_14082{x:3,y:2},_14064{x:2,y:3}]
La valeur de X est : 2
La valeur de Y est : 3
_{ beliefsv2:_{ alive:[_{id:hunter}],
		dir:[dir{d:north,h:hunter{id:hunter}}],
		fat_gold:[],
		fat_hunter:fat{c:c{x:2,y:3},h:hunter{id:hunter}},
		game_state:running,
		has_arrow:[_{a:_{id:arrow1},h:_{id:hunter}}],
		has_gold:[],
		score:0,
		visited:[ v{from:c{x:2,y:2},to:c{x:2,y:3}},
			  _{from:_{x:2,y:1},to:_{x:2,y:2}},
			  _{from:A{x:1,y:1},to:_{x:2,y:1}},
			  _{from:_{x:1,y:2},to:_{x:1,y:1}},
			  _{from:A{x:1,y:1},to:_{x:1,y:2}}
			]
	      },
   percepts:[]
 }
completed(11, 0.065417548, 3284, 200, ok).
/*Fri Mar  8 16:43:01 2024*/ request(12, 1709912581.188, [peer(ip(127,0,0,1)),method(options),request_uri('/action'),path('/action'),http_version(1-1),host(localhost),port(8081),connection('keep-alive'),access_control_request_method('PUT'),access_control_request_headers('content-type'),origin('http://localhost:9000'),user_agent('Mozilla/5.0 (X11; Linux x86_64) AppleWebKit/537.36 (KHTML, like Gecko) Chrome/122.0.0.0 Safari/537.36'),sec_fetch_mode(cors),sec_fetch_site('same-site'),sec_fetch_dest(empty),referer('http://localhost:9000/')]).
completed(12, 0.0034253820000000046, 0, 200, ok).
/*Fri Mar  8 16:43:01 2024*/ request(13, 1709912581.195, [peer(ip(127,0,0,1)),method(put),request_uri('/action'),path('/action'),http_version(1-1),host(localhost),port(8081),connection('keep-alive'),content_length(2605),sec_ch_ua('"Chromium";v="122", "Not(A:Brand";v="24", "Brave";v="122"'),sec_ch_ua_platform('"Linux"'),sec_ch_ua_mobile('?0'),user_agent('Mozilla/5.0 (X11; Linux x86_64) AppleWebKit/537.36 (KHTML, like Gecko) Chrome/122.0.0.0 Safari/537.36'),content_type('application/json'),sec_gpc('1'),origin('http://localhost:9000'),sec_fetch_site('same-site'),sec_fetch_mode(cors),sec_fetch_dest(empty),referer('http://localhost:9000/')]).
_{ beliefsv2:_{ alive:[_{id:hunter}],
		dir:[_{d:north,h:_{id:hunter}}],
		fat_gold:[],
		fat_hunter:_{c:_{x:2,y:3},h:_{id:hunter}},
		game_state:running,
		has_arrow:[_{a:_{id:arrow1},h:_{id:hunter}}],
		has_gold:true,
		score:0,
		visited:[ _{from:_{x:2,y:2},to:_{x:2,y:3}},
			  _{from:_{x:2,y:1},to:_{x:2,y:2}},
			  _{from:_{x:1,y:1},to:_{x:2,y:1}},
			  _{from:_{x:1,y:2},to:_{x:1,y:1}},
			  _{from:_{x:1,y:1},to:_{x:1,y:2}}
			]
	      },
   percepts:[glitter,breeze,stench]
 }
completed(13, 0.064507815, 3488, 200, ok).
/*Fri Mar  8 16:43:40 2024*/ request(14, 1709912620.078, [peer(ip(127,0,0,1)),method(options),request_uri('/action'),path('/action'),http_version(1-1),host(localhost),port(8081),connection('keep-alive'),access_control_request_method('PUT'),access_control_request_headers('content-type'),origin('http://localhost:9000'),user_agent('Mozilla/5.0 (X11; Linux x86_64) AppleWebKit/537.36 (KHTML, like Gecko) Chrome/122.0.0.0 Safari/537.36'),sec_fetch_mode(cors),sec_fetch_site('same-site'),sec_fetch_dest(empty),referer('http://localhost:9000/')]).
completed(14, 0.004270834000000001, 0, 200, ok).
/*Fri Mar  8 16:43:40 2024*/ request(15, 1709912620.087, [peer(ip(127,0,0,1)),method(put),request_uri('/action'),path('/action'),http_version(1-1),host(localhost),port(8081),connection('keep-alive'),content_length(2741),sec_ch_ua('"Chromium";v="122", "Not(A:Brand";v="24", "Brave";v="122"'),sec_ch_ua_platform('"Linux"'),sec_ch_ua_mobile('?0'),user_agent('Mozilla/5.0 (X11; Linux x86_64) AppleWebKit/537.36 (KHTML, like Gecko) Chrome/122.0.0.0 Safari/537.36'),content_type('application/json'),sec_gpc('1'),origin('http://localhost:9000'),sec_fetch_site('same-site'),sec_fetch_mode(cors),sec_fetch_dest(empty),referer('http://localhost:9000/')]).
La valeur de Ls est : [_13758{x:1,y:2},_13626{x:1,y:1},_13494{x:2,y:1},_13362{x:2,y:2}]
La valeur de Adjacents est : [_20626{x:1,y:0},_20608{x:0,y:1},_20590{x:2,y:1},_20572{x:1,y:2}]
La valeur de Adjacents est : [_20608{x:0,y:1},_20590{x:2,y:1},_20572{x:1,y:2}]
Completion du else : _20626{x:1,y:0}
La valeur de Visited est : [_13758{x:1,y:2},_13626{x:1,y:1},_13494{x:2,y:1},_13362{x:2,y:2}]
La valeur de Adjacents est : [_20590{x:2,y:1},_20572{x:1,y:2}]
Completion du else : _20608{x:0,y:1}
La valeur de Visited est : [_13758{x:1,y:2},_13626{x:1,y:1},_13494{x:2,y:1},_13362{x:2,y:2}]
La valeur de Adjacents est : [_20572{x:1,y:2}]
La valeur de X est : _13494{x:2,y:1}
La valeur de V est : [_13758{x:1,y:2},_13626{x:1,y:1},_13362{x:2,y:2}]
La valeur de Adjacents est : [_21740{x:2,y:0},_21722{x:1,y:1},_21704{x:3,y:1},_21686{x:2,y:2}]
La valeur de Adjacents est : [_21722{x:1,y:1},_21704{x:3,y:1},_21686{x:2,y:2}]
Completion du else : _21740{x:2,y:0}
La valeur de Visited est : [_13758{x:1,y:2},_13626{x:1,y:1},_13362{x:2,y:2}]
La valeur de Adjacents est : [_21704{x:3,y:1},_21686{x:2,y:2}]
La valeur de X est : _13626{x:1,y:1}
La valeur de V est : [_13758{x:1,y:2},_13362{x:2,y:2}]
La valeur de Adjacents est : [_22312{x:1,y:0},_22294{x:0,y:1},_22276{x:2,y:1},_22258{x:1,y:2}]
La valeur de Adjacents est : [_22294{x:0,y:1},_22276{x:2,y:1},_22258{x:1,y:2}]
Completion du else : _22312{x:1,y:0}
La valeur de Visited est : [_13758{x:1,y:2},_13362{x:2,y:2}]
La valeur de Adjacents est : [_22276{x:2,y:1},_22258{x:1,y:2}]
Completion du else : _22294{x:0,y:1}
La valeur de Visited est : [_13758{x:1,y:2},_13362{x:2,y:2}]
La valeur de Adjacents est : [_22258{x:1,y:2}]
Completion du else : _22276{x:2,y:1}
La valeur de Visited est : [_13758{x:1,y:2},_13362{x:2,y:2}]
La valeur de Adjacents est : []
La valeur de X est : _13758{x:1,y:2}
La valeur de V est : [_13362{x:2,y:2}]
La valeur de Adjacents est : [_22962{x:1,y:1},_22944{x:0,y:2},_22926{x:2,y:2},_22908{x:1,y:3}]
La valeur de Adjacents est : [_22944{x:0,y:2},_22926{x:2,y:2},_22908{x:1,y:3}]
Completion du else : _22962{x:1,y:1}
La valeur de Visited est : [_13362{x:2,y:2}]
La valeur de Adjacents est : [_22926{x:2,y:2},_22908{x:1,y:3}]
Completion du else : _22944{x:0,y:2}
La valeur de Visited est : [_13362{x:2,y:2}]
La valeur de Adjacents est : [_22908{x:1,y:3}]
La valeur de X est : _13362{x:2,y:2}
La valeur de V est : []
La valeur de Adjacents est : [_23564{x:2,y:1},_23546{x:1,y:2},_23528{x:3,y:2},_23510{x:2,y:3}]
La valeur de Depart est : _13362{x:2,y:2}
La valeur de Case est : _13362{x:2,y:2}
La valeur de Visited est : [_13362{x:2,y:2}]
La valeur de Adjacents est : []
Completion du else : _22908{x:1,y:3}
La valeur de Visited est : [_13362{x:2,y:2}]
La valeur de Visited est : [_13758{x:1,y:2},_13362{x:2,y:2}]
La valeur de Visited est : [_13758{x:1,y:2},_13626{x:1,y:1},_13362{x:2,y:2}]
La valeur de Adjacents est : [_21686{x:2,y:2}]
Completion du else : _21704{x:3,y:1}
La valeur de Visited est : [_13758{x:1,y:2},_13626{x:1,y:1},_13362{x:2,y:2}]
La valeur de Adjacents est : []
La valeur de X est : _13362{x:2,y:2}
La valeur de V est : [_13758{x:1,y:2},_13626{x:1,y:1}]
La valeur de Adjacents est : [_24248{x:2,y:1},_24230{x:1,y:2},_24212{x:3,y:2},_24194{x:2,y:3}]
La valeur de Depart est : _13362{x:2,y:2}
La valeur de Case est : _13362{x:2,y:2}
La valeur de Visited est : [_13758{x:1,y:2},_13626{x:1,y:1},_13362{x:2,y:2}]
La valeur de Visited est : [_13758{x:1,y:2},_13626{x:1,y:1},_13494{x:2,y:1},_13362{x:2,y:2}]
La valeur de Adjacents est : []
La valeur de X est : _13758{x:1,y:2}
La valeur de V est : [_13626{x:1,y:1},_13494{x:2,y:1},_13362{x:2,y:2}]
La valeur de Adjacents est : [_24840{x:1,y:1},_24822{x:0,y:2},_24804{x:2,y:2},_24786{x:1,y:3}]
La valeur de Adjacents est : [_24822{x:0,y:2},_24804{x:2,y:2},_24786{x:1,y:3}]
La valeur de X est : _13626{x:1,y:1}
La valeur de V est : [_13494{x:2,y:1},_13362{x:2,y:2}]
La valeur de Adjacents est : [_25370{x:1,y:0},_25352{x:0,y:1},_25334{x:2,y:1},_25316{x:1,y:2}]
La valeur de Adjacents est : [_25352{x:0,y:1},_25334{x:2,y:1},_25316{x:1,y:2}]
Completion du else : _25370{x:1,y:0}
La valeur de Visited est : [_13494{x:2,y:1},_13362{x:2,y:2}]
La valeur de Adjacents est : [_25334{x:2,y:1},_25316{x:1,y:2}]
Completion du else : _25352{x:0,y:1}
La valeur de Visited est : [_13494{x:2,y:1},_13362{x:2,y:2}]
La valeur de Adjacents est : [_25316{x:1,y:2}]
La valeur de X est : _13494{x:2,y:1}
La valeur de V est : [_13362{x:2,y:2}]
La valeur de Adjacents est : [_25978{x:2,y:0},_25960{x:1,y:1},_25942{x:3,y:1},_25924{x:2,y:2}]
La valeur de Adjacents est : [_25960{x:1,y:1},_25942{x:3,y:1},_25924{x:2,y:2}]
Completion du else : _25978{x:2,y:0}
La valeur de Visited est : [_13362{x:2,y:2}]
La valeur de Adjacents est : [_25942{x:3,y:1},_25924{x:2,y:2}]
Completion du else : _25960{x:1,y:1}
La valeur de Visited est : [_13362{x:2,y:2}]
La valeur de Adjacents est : [_25924{x:2,y:2}]
Completion du else : _25942{x:3,y:1}
La valeur de Visited est : [_13362{x:2,y:2}]
La valeur de Adjacents est : []
La valeur de X est : _13362{x:2,y:2}
La valeur de V est : []
La valeur de Adjacents est : [_26622{x:2,y:1},_26604{x:1,y:2},_26586{x:3,y:2},_26568{x:2,y:3}]
La valeur de Depart est : _13362{x:2,y:2}
La valeur de Case est : _13362{x:2,y:2}
La valeur de Visited est : [_13362{x:2,y:2}]
La valeur de Visited est : [_13494{x:2,y:1},_13362{x:2,y:2}]
La valeur de Adjacents est : []
Completion du else : _25316{x:1,y:2}
La valeur de Visited est : [_13494{x:2,y:1},_13362{x:2,y:2}]
La valeur de Visited est : [_13626{x:1,y:1},_13494{x:2,y:1},_13362{x:2,y:2}]
La valeur de Adjacents est : [_24804{x:2,y:2},_24786{x:1,y:3}]
Completion du else : _24822{x:0,y:2}
La valeur de Visited est : [_13626{x:1,y:1},_13494{x:2,y:1},_13362{x:2,y:2}]
La valeur de Adjacents est : [_24786{x:1,y:3}]
La valeur de X est : _13362{x:2,y:2}
La valeur de V est : [_13626{x:1,y:1},_13494{x:2,y:1}]
La valeur de Adjacents est : [_27306{x:2,y:1},_27288{x:1,y:2},_27270{x:3,y:2},_27252{x:2,y:3}]
La valeur de Depart est : _13362{x:2,y:2}
La valeur de Case est : _13362{x:2,y:2}
La valeur de Visited est : [_13626{x:1,y:1},_13494{x:2,y:1},_13362{x:2,y:2}]
La valeur de Adjacents est : []
Completion du else : _24786{x:1,y:3}
La valeur de Visited est : [_13626{x:1,y:1},_13494{x:2,y:1},_13362{x:2,y:2}]
La valeur de Visited est : [_13758{x:1,y:2},_13626{x:1,y:1},_13494{x:2,y:1},_13362{x:2,y:2}]
La valeur de Case est : _13362{x:2,y:2}
_{ beliefsv2:_{ alive:[_{id:hunter}],
		dir:[dir{d:east,h:hunter{id:hunter}}],
		fat_gold:[],
		fat_hunter:_{c:_{x:2,y:3},h:_{id:hunter}},
		game_state:running,
		has_arrow:[_{a:_{id:arrow1},h:_{id:hunter}}],
		has_gold:true,
		score:0,
		visited:[ _{from:_{x:2,y:2},to:_{x:2,y:3}},
			  _{from:_{x:2,y:1},to:_{x:2,y:2}},
			  _{from:A{x:1,y:1},to:_{x:2,y:1}},
			  _{from:_{x:1,y:2},to:_{x:1,y:1}},
			  _{from:A{x:1,y:1},to:_{x:1,y:2}}
			]
	      },
   percepts:[breeze,stench]
 }
completed(15, 0.40662875600000004, 3477, 200, ok).
/*Fri Mar  8 16:43:46 2024*/ request(16, 1709912626.182, [peer(ip(127,0,0,1)),method(options),request_uri('/action'),path('/action'),http_version(1-1),host(localhost),port(8081),connection('keep-alive'),access_control_request_method('PUT'),access_control_request_headers('content-type'),origin('http://localhost:9000'),user_agent('Mozilla/5.0 (X11; Linux x86_64) AppleWebKit/537.36 (KHTML, like Gecko) Chrome/122.0.0.0 Safari/537.36'),sec_fetch_mode(cors),sec_fetch_site('same-site'),sec_fetch_dest(empty),referer('http://localhost:9000/')]).
completed(16, 0.002422216000000005, 0, 200, ok).
/*Fri Mar  8 16:43:46 2024*/ request(17, 1709912626.186, [peer(ip(127,0,0,1)),method(put),request_uri('/action'),path('/action'),http_version(1-1),host(localhost),port(8081),connection('keep-alive'),content_length(2740),sec_ch_ua('"Chromium";v="122", "Not(A:Brand";v="24", "Brave";v="122"'),sec_ch_ua_platform('"Linux"'),sec_ch_ua_mobile('?0'),user_agent('Mozilla/5.0 (X11; Linux x86_64) AppleWebKit/537.36 (KHTML, like Gecko) Chrome/122.0.0.0 Safari/537.36'),content_type('application/json'),sec_gpc('1'),origin('http://localhost:9000'),sec_fetch_site('same-site'),sec_fetch_mode(cors),sec_fetch_dest(empty),referer('http://localhost:9000/')]).
La valeur de Ls est : [_13756{x:1,y:2},_13624{x:1,y:1},_13492{x:2,y:1},_13360{x:2,y:2}]
La valeur de Adjacents est : [_20624{x:1,y:0},_20606{x:0,y:1},_20588{x:2,y:1},_20570{x:1,y:2}]
La valeur de Adjacents est : [_20606{x:0,y:1},_20588{x:2,y:1},_20570{x:1,y:2}]
Completion du else : _20624{x:1,y:0}
La valeur de Visited est : [_13756{x:1,y:2},_13624{x:1,y:1},_13492{x:2,y:1},_13360{x:2,y:2}]
La valeur de Adjacents est : [_20588{x:2,y:1},_20570{x:1,y:2}]
Completion du else : _20606{x:0,y:1}
La valeur de Visited est : [_13756{x:1,y:2},_13624{x:1,y:1},_13492{x:2,y:1},_13360{x:2,y:2}]
La valeur de Adjacents est : [_20570{x:1,y:2}]
La valeur de X est : _13492{x:2,y:1}
La valeur de V est : [_13756{x:1,y:2},_13624{x:1,y:1},_13360{x:2,y:2}]
La valeur de Adjacents est : [_21244{x:2,y:0},_21226{x:1,y:1},_21208{x:3,y:1},_21190{x:2,y:2}]
La valeur de Adjacents est : [_21226{x:1,y:1},_21208{x:3,y:1},_21190{x:2,y:2}]
Completion du else : _21244{x:2,y:0}
La valeur de Visited est : [_13756{x:1,y:2},_13624{x:1,y:1},_13360{x:2,y:2}]
La valeur de Adjacents est : [_21208{x:3,y:1},_21190{x:2,y:2}]
La valeur de X est : _13624{x:1,y:1}
La valeur de V est : [_13756{x:1,y:2},_13360{x:2,y:2}]
La valeur de Adjacents est : [_21816{x:1,y:0},_21798{x:0,y:1},_21780{x:2,y:1},_21762{x:1,y:2}]
La valeur de Adjacents est : [_21798{x:0,y:1},_21780{x:2,y:1},_21762{x:1,y:2}]
Completion du else : _21816{x:1,y:0}
La valeur de Visited est : [_13756{x:1,y:2},_13360{x:2,y:2}]
La valeur de Adjacents est : [_21780{x:2,y:1},_21762{x:1,y:2}]
Completion du else : _21798{x:0,y:1}
La valeur de Visited est : [_13756{x:1,y:2},_13360{x:2,y:2}]
La valeur de Adjacents est : [_21762{x:1,y:2}]
Completion du else : _21780{x:2,y:1}
La valeur de Visited est : [_13756{x:1,y:2},_13360{x:2,y:2}]
La valeur de Adjacents est : []
La valeur de X est : _13756{x:1,y:2}
La valeur de V est : [_13360{x:2,y:2}]
La valeur de Adjacents est : [_22466{x:1,y:1},_22448{x:0,y:2},_22430{x:2,y:2},_22412{x:1,y:3}]
La valeur de Adjacents est : [_22448{x:0,y:2},_22430{x:2,y:2},_22412{x:1,y:3}]
Completion du else : _22466{x:1,y:1}
La valeur de Visited est : [_13360{x:2,y:2}]
La valeur de Adjacents est : [_22430{x:2,y:2},_22412{x:1,y:3}]
Completion du else : _22448{x:0,y:2}
La valeur de Visited est : [_13360{x:2,y:2}]
La valeur de Adjacents est : [_22412{x:1,y:3}]
La valeur de X est : _13360{x:2,y:2}
La valeur de V est : []
La valeur de Adjacents est : [_23068{x:2,y:1},_23050{x:1,y:2},_23032{x:3,y:2},_23014{x:2,y:3}]
La valeur de Depart est : _13360{x:2,y:2}
La valeur de Case est : _13360{x:2,y:2}
La valeur de Visited est : [_13360{x:2,y:2}]
La valeur de Adjacents est : []
Completion du else : _22412{x:1,y:3}
La valeur de Visited est : [_13360{x:2,y:2}]
La valeur de Visited est : [_13756{x:1,y:2},_13360{x:2,y:2}]
La valeur de Visited est : [_13756{x:1,y:2},_13624{x:1,y:1},_13360{x:2,y:2}]
La valeur de Adjacents est : [_21190{x:2,y:2}]
Completion du else : _21208{x:3,y:1}
La valeur de Visited est : [_13756{x:1,y:2},_13624{x:1,y:1},_13360{x:2,y:2}]
La valeur de Adjacents est : []
La valeur de X est : _13360{x:2,y:2}
La valeur de V est : [_13756{x:1,y:2},_13624{x:1,y:1}]
La valeur de Adjacents est : [_23752{x:2,y:1},_23734{x:1,y:2},_23716{x:3,y:2},_23698{x:2,y:3}]
La valeur de Depart est : _13360{x:2,y:2}
La valeur de Case est : _13360{x:2,y:2}
La valeur de Visited est : [_13756{x:1,y:2},_13624{x:1,y:1},_13360{x:2,y:2}]
La valeur de Visited est : [_13756{x:1,y:2},_13624{x:1,y:1},_13492{x:2,y:1},_13360{x:2,y:2}]
La valeur de Adjacents est : []
La valeur de X est : _13756{x:1,y:2}
La valeur de V est : [_13624{x:1,y:1},_13492{x:2,y:1},_13360{x:2,y:2}]
La valeur de Adjacents est : [_24344{x:1,y:1},_24326{x:0,y:2},_24308{x:2,y:2},_24290{x:1,y:3}]
La valeur de Adjacents est : [_24326{x:0,y:2},_24308{x:2,y:2},_24290{x:1,y:3}]
La valeur de X est : _13624{x:1,y:1}
La valeur de V est : [_13492{x:2,y:1},_13360{x:2,y:2}]
La valeur de Adjacents est : [_24874{x:1,y:0},_24856{x:0,y:1},_24838{x:2,y:1},_24820{x:1,y:2}]
La valeur de Adjacents est : [_24856{x:0,y:1},_24838{x:2,y:1},_24820{x:1,y:2}]
Completion du else : _24874{x:1,y:0}
La valeur de Visited est : [_13492{x:2,y:1},_13360{x:2,y:2}]
La valeur de Adjacents est : [_24838{x:2,y:1},_24820{x:1,y:2}]
Completion du else : _24856{x:0,y:1}
La valeur de Visited est : [_13492{x:2,y:1},_13360{x:2,y:2}]
La valeur de Adjacents est : [_24820{x:1,y:2}]
La valeur de X est : _13492{x:2,y:1}
La valeur de V est : [_13360{x:2,y:2}]
La valeur de Adjacents est : [_25482{x:2,y:0},_25464{x:1,y:1},_25446{x:3,y:1},_25428{x:2,y:2}]
La valeur de Adjacents est : [_25464{x:1,y:1},_25446{x:3,y:1},_25428{x:2,y:2}]
Completion du else : _25482{x:2,y:0}
La valeur de Visited est : [_13360{x:2,y:2}]
La valeur de Adjacents est : [_25446{x:3,y:1},_25428{x:2,y:2}]
Completion du else : _25464{x:1,y:1}
La valeur de Visited est : [_13360{x:2,y:2}]
La valeur de Adjacents est : [_25428{x:2,y:2}]
Completion du else : _25446{x:3,y:1}
La valeur de Visited est : [_13360{x:2,y:2}]
La valeur de Adjacents est : []
La valeur de X est : _13360{x:2,y:2}
La valeur de V est : []
La valeur de Adjacents est : [_26126{x:2,y:1},_26108{x:1,y:2},_26090{x:3,y:2},_26072{x:2,y:3}]
La valeur de Depart est : _13360{x:2,y:2}
La valeur de Case est : _13360{x:2,y:2}
La valeur de Visited est : [_13360{x:2,y:2}]
La valeur de Visited est : [_13492{x:2,y:1},_13360{x:2,y:2}]
La valeur de Adjacents est : []
Completion du else : _24820{x:1,y:2}
La valeur de Visited est : [_13492{x:2,y:1},_13360{x:2,y:2}]
La valeur de Visited est : [_13624{x:1,y:1},_13492{x:2,y:1},_13360{x:2,y:2}]
La valeur de Adjacents est : [_24308{x:2,y:2},_24290{x:1,y:3}]
Completion du else : _24326{x:0,y:2}
La valeur de Visited est : [_13624{x:1,y:1},_13492{x:2,y:1},_13360{x:2,y:2}]
La valeur de Adjacents est : [_24290{x:1,y:3}]
La valeur de X est : _13360{x:2,y:2}
La valeur de V est : [_13624{x:1,y:1},_13492{x:2,y:1}]
La valeur de Adjacents est : [_26810{x:2,y:1},_26792{x:1,y:2},_26774{x:3,y:2},_26756{x:2,y:3}]
La valeur de Depart est : _13360{x:2,y:2}
La valeur de Case est : _13360{x:2,y:2}
La valeur de Visited est : [_13624{x:1,y:1},_13492{x:2,y:1},_13360{x:2,y:2}]
La valeur de Adjacents est : []
Completion du else : _24290{x:1,y:3}
La valeur de Visited est : [_13624{x:1,y:1},_13492{x:2,y:1},_13360{x:2,y:2}]
La valeur de Visited est : [_13756{x:1,y:2},_13624{x:1,y:1},_13492{x:2,y:1},_13360{x:2,y:2}]
La valeur de Case est : _13360{x:2,y:2}
_{ beliefsv2:_{ alive:[_{id:hunter}],
		dir:[dir{d:south,h:hunter{id:hunter}}],
		fat_gold:[],
		fat_hunter:_{c:_{x:2,y:3},h:_{id:hunter}},
		game_state:running,
		has_arrow:[_{a:_{id:arrow1},h:_{id:hunter}}],
		has_gold:true,
		score:0,
		visited:[ _{from:_{x:2,y:2},to:_{x:2,y:3}},
			  _{from:_{x:2,y:1},to:_{x:2,y:2}},
			  _{from:A{x:1,y:1},to:_{x:2,y:1}},
			  _{from:_{x:1,y:2},to:_{x:1,y:1}},
			  _{from:A{x:1,y:1},to:_{x:1,y:2}}
			]
	      },
   percepts:[breeze,stench]
 }
completed(17, 0.41397739599999994, 3478, 200, ok).
/*Fri Mar  8 16:43:49 2024*/ request(18, 1709912629.152, [peer(ip(127,0,0,1)),method(put),request_uri('/action'),path('/action'),http_version(1-1),host(localhost),port(8081),connection('keep-alive'),content_length(2741),sec_ch_ua('"Chromium";v="122", "Not(A:Brand";v="24", "Brave";v="122"'),sec_ch_ua_platform('"Linux"'),sec_ch_ua_mobile('?0'),user_agent('Mozilla/5.0 (X11; Linux x86_64) AppleWebKit/537.36 (KHTML, like Gecko) Chrome/122.0.0.0 Safari/537.36'),content_type('application/json'),sec_gpc('1'),origin('http://localhost:9000'),sec_fetch_site('same-site'),sec_fetch_mode(cors),sec_fetch_dest(empty),referer('http://localhost:9000/')]).
La valeur de Ls est : [_13768{x:1,y:2},_13636{x:1,y:1},_13504{x:2,y:1},_13372{x:2,y:2}]
La valeur de Adjacents est : [_20636{x:1,y:0},_20618{x:0,y:1},_20600{x:2,y:1},_20582{x:1,y:2}]
La valeur de Adjacents est : [_20618{x:0,y:1},_20600{x:2,y:1},_20582{x:1,y:2}]
Completion du else : _20636{x:1,y:0}
La valeur de Visited est : [_13768{x:1,y:2},_13636{x:1,y:1},_13504{x:2,y:1},_13372{x:2,y:2}]
La valeur de Adjacents est : [_20600{x:2,y:1},_20582{x:1,y:2}]
Completion du else : _20618{x:0,y:1}
La valeur de Visited est : [_13768{x:1,y:2},_13636{x:1,y:1},_13504{x:2,y:1},_13372{x:2,y:2}]
La valeur de Adjacents est : [_20582{x:1,y:2}]
La valeur de X est : _13504{x:2,y:1}
La valeur de V est : [_13768{x:1,y:2},_13636{x:1,y:1},_13372{x:2,y:2}]
La valeur de Adjacents est : [_21256{x:2,y:0},_21238{x:1,y:1},_21220{x:3,y:1},_21202{x:2,y:2}]
La valeur de Adjacents est : [_21238{x:1,y:1},_21220{x:3,y:1},_21202{x:2,y:2}]
Completion du else : _21256{x:2,y:0}
La valeur de Visited est : [_13768{x:1,y:2},_13636{x:1,y:1},_13372{x:2,y:2}]
La valeur de Adjacents est : [_21220{x:3,y:1},_21202{x:2,y:2}]
La valeur de X est : _13636{x:1,y:1}
La valeur de V est : [_13768{x:1,y:2},_13372{x:2,y:2}]
La valeur de Adjacents est : [_21828{x:1,y:0},_21810{x:0,y:1},_21792{x:2,y:1},_21774{x:1,y:2}]
La valeur de Adjacents est : [_21810{x:0,y:1},_21792{x:2,y:1},_21774{x:1,y:2}]
Completion du else : _21828{x:1,y:0}
La valeur de Visited est : [_13768{x:1,y:2},_13372{x:2,y:2}]
La valeur de Adjacents est : [_21792{x:2,y:1},_21774{x:1,y:2}]
Completion du else : _21810{x:0,y:1}
La valeur de Visited est : [_13768{x:1,y:2},_13372{x:2,y:2}]
La valeur de Adjacents est : [_21774{x:1,y:2}]
Completion du else : _21792{x:2,y:1}
La valeur de Visited est : [_13768{x:1,y:2},_13372{x:2,y:2}]
La valeur de Adjacents est : []
La valeur de X est : _13768{x:1,y:2}
La valeur de V est : [_13372{x:2,y:2}]
La valeur de Adjacents est : [_22478{x:1,y:1},_22460{x:0,y:2},_22442{x:2,y:2},_22424{x:1,y:3}]
La valeur de Adjacents est : [_22460{x:0,y:2},_22442{x:2,y:2},_22424{x:1,y:3}]
Completion du else : _22478{x:1,y:1}
La valeur de Visited est : [_13372{x:2,y:2}]
La valeur de Adjacents est : [_22442{x:2,y:2},_22424{x:1,y:3}]
Completion du else : _22460{x:0,y:2}
La valeur de Visited est : [_13372{x:2,y:2}]
La valeur de Adjacents est : [_22424{x:1,y:3}]
La valeur de X est : _13372{x:2,y:2}
La valeur de V est : []
La valeur de Adjacents est : [_23080{x:2,y:1},_23062{x:1,y:2},_23044{x:3,y:2},_23026{x:2,y:3}]
La valeur de Depart est : _13372{x:2,y:2}
La valeur de Case est : _13372{x:2,y:2}
La valeur de Visited est : [_13372{x:2,y:2}]
La valeur de Adjacents est : []
Completion du else : _22424{x:1,y:3}
La valeur de Visited est : [_13372{x:2,y:2}]
La valeur de Visited est : [_13768{x:1,y:2},_13372{x:2,y:2}]
La valeur de Visited est : [_13768{x:1,y:2},_13636{x:1,y:1},_13372{x:2,y:2}]
La valeur de Adjacents est : [_21202{x:2,y:2}]
Completion du else : _21220{x:3,y:1}
La valeur de Visited est : [_13768{x:1,y:2},_13636{x:1,y:1},_13372{x:2,y:2}]
La valeur de Adjacents est : []
La valeur de X est : _13372{x:2,y:2}
La valeur de V est : [_13768{x:1,y:2},_13636{x:1,y:1}]
La valeur de Adjacents est : [_23764{x:2,y:1},_23746{x:1,y:2},_23728{x:3,y:2},_23710{x:2,y:3}]
La valeur de Depart est : _13372{x:2,y:2}
La valeur de Case est : _13372{x:2,y:2}
La valeur de Visited est : [_13768{x:1,y:2},_13636{x:1,y:1},_13372{x:2,y:2}]
La valeur de Visited est : [_13768{x:1,y:2},_13636{x:1,y:1},_13504{x:2,y:1},_13372{x:2,y:2}]
La valeur de Adjacents est : []
La valeur de X est : _13768{x:1,y:2}
La valeur de V est : [_13636{x:1,y:1},_13504{x:2,y:1},_13372{x:2,y:2}]
La valeur de Adjacents est : [_24356{x:1,y:1},_24338{x:0,y:2},_24320{x:2,y:2},_24302{x:1,y:3}]
La valeur de Adjacents est : [_24338{x:0,y:2},_24320{x:2,y:2},_24302{x:1,y:3}]
La valeur de X est : _13636{x:1,y:1}
La valeur de V est : [_13504{x:2,y:1},_13372{x:2,y:2}]
La valeur de Adjacents est : [_24886{x:1,y:0},_24868{x:0,y:1},_24850{x:2,y:1},_24832{x:1,y:2}]
La valeur de Adjacents est : [_24868{x:0,y:1},_24850{x:2,y:1},_24832{x:1,y:2}]
Completion du else : _24886{x:1,y:0}
La valeur de Visited est : [_13504{x:2,y:1},_13372{x:2,y:2}]
La valeur de Adjacents est : [_24850{x:2,y:1},_24832{x:1,y:2}]
Completion du else : _24868{x:0,y:1}
La valeur de Visited est : [_13504{x:2,y:1},_13372{x:2,y:2}]
La valeur de Adjacents est : [_24832{x:1,y:2}]
La valeur de X est : _13504{x:2,y:1}
La valeur de V est : [_13372{x:2,y:2}]
La valeur de Adjacents est : [_25494{x:2,y:0},_25476{x:1,y:1},_25458{x:3,y:1},_25440{x:2,y:2}]
La valeur de Adjacents est : [_25476{x:1,y:1},_25458{x:3,y:1},_25440{x:2,y:2}]
Completion du else : _25494{x:2,y:0}
La valeur de Visited est : [_13372{x:2,y:2}]
La valeur de Adjacents est : [_25458{x:3,y:1},_25440{x:2,y:2}]
Completion du else : _25476{x:1,y:1}
La valeur de Visited est : [_13372{x:2,y:2}]
La valeur de Adjacents est : [_25440{x:2,y:2}]
Completion du else : _25458{x:3,y:1}
La valeur de Visited est : [_13372{x:2,y:2}]
La valeur de Adjacents est : []
La valeur de X est : _13372{x:2,y:2}
La valeur de V est : []
La valeur de Adjacents est : [_26138{x:2,y:1},_26120{x:1,y:2},_26102{x:3,y:2},_26084{x:2,y:3}]
La valeur de Depart est : _13372{x:2,y:2}
La valeur de Case est : _13372{x:2,y:2}
La valeur de Visited est : [_13372{x:2,y:2}]
La valeur de Visited est : [_13504{x:2,y:1},_13372{x:2,y:2}]
La valeur de Adjacents est : []
Completion du else : _24832{x:1,y:2}
La valeur de Visited est : [_13504{x:2,y:1},_13372{x:2,y:2}]
La valeur de Visited est : [_13636{x:1,y:1},_13504{x:2,y:1},_13372{x:2,y:2}]
La valeur de Adjacents est : [_24320{x:2,y:2},_24302{x:1,y:3}]
Completion du else : _24338{x:0,y:2}
La valeur de Visited est : [_13636{x:1,y:1},_13504{x:2,y:1},_13372{x:2,y:2}]
La valeur de Adjacents est : [_24302{x:1,y:3}]
La valeur de X est : _13372{x:2,y:2}
La valeur de V est : [_13636{x:1,y:1},_13504{x:2,y:1}]
La valeur de Adjacents est : [_26822{x:2,y:1},_26804{x:1,y:2},_26786{x:3,y:2},_26768{x:2,y:3}]
La valeur de Depart est : _13372{x:2,y:2}
La valeur de Case est : _13372{x:2,y:2}
La valeur de Visited est : [_13636{x:1,y:1},_13504{x:2,y:1},_13372{x:2,y:2}]
La valeur de Adjacents est : []
Completion du else : _24302{x:1,y:3}
La valeur de Visited est : [_13636{x:1,y:1},_13504{x:2,y:1},_13372{x:2,y:2}]
La valeur de Visited est : [_13768{x:1,y:2},_13636{x:1,y:1},_13504{x:2,y:1},_13372{x:2,y:2}]
La valeur de Case est : _13372{x:2,y:2}
_{ beliefsv2:_{ alive:[_{id:hunter}],
		dir:[dir{d:south,h:hunter{id:hunter}}],
		fat_gold:[],
		fat_hunter:fat{c:c{x:2,y:2},h:hunter{id:hunter}},
		game_state:running,
		has_arrow:[_{a:_{id:arrow1},h:_{id:hunter}}],
		has_gold:true,
		score:0,
		visited:[ v{from:c{x:2,y:3},to:c{x:2,y:2}},
			  _{from:_{x:2,y:2},to:_{x:2,y:3}},
			  _{from:_{x:2,y:1},to:_{x:2,y:2}},
			  _{from:A{x:1,y:1},to:_{x:2,y:1}},
			  _{from:_{x:1,y:2},to:_{x:1,y:1}},
			  _{from:A{x:1,y:1},to:_{x:1,y:2}}
			]
	      },
   percepts:[breeze,stench]
 }
completed(18, 0.409860337, 3531, 200, ok).
/*Fri Mar  8 16:43:53 2024*/ request(19, 1709912633.132, [peer(ip(127,0,0,1)),method(options),request_uri('/action'),path('/action'),http_version(1-1),host(localhost),port(8081),connection('keep-alive'),access_control_request_method('PUT'),access_control_request_headers('content-type'),origin('http://localhost:9000'),user_agent('Mozilla/5.0 (X11; Linux x86_64) AppleWebKit/537.36 (KHTML, like Gecko) Chrome/122.0.0.0 Safari/537.36'),sec_fetch_mode(cors),sec_fetch_site('same-site'),sec_fetch_dest(empty),referer('http://localhost:9000/')]).
completed(19, 0.0035740839999999774, 0, 200, ok).
/*Fri Mar  8 16:43:53 2024*/ request(20, 1709912633.140, [peer(ip(127,0,0,1)),method(put),request_uri('/action'),path('/action'),http_version(1-1),host(localhost),port(8081),connection('keep-alive'),content_length(2766),sec_ch_ua('"Chromium";v="122", "Not(A:Brand";v="24", "Brave";v="122"'),sec_ch_ua_platform('"Linux"'),sec_ch_ua_mobile('?0'),user_agent('Mozilla/5.0 (X11; Linux x86_64) AppleWebKit/537.36 (KHTML, like Gecko) Chrome/122.0.0.0 Safari/537.36'),content_type('application/json'),sec_gpc('1'),origin('http://localhost:9000'),sec_fetch_site('same-site'),sec_fetch_mode(cors),sec_fetch_dest(empty),referer('http://localhost:9000/')]).
La valeur de Ls est : [_14074{x:1,y:2},_13942{x:1,y:1},_13810{x:2,y:1},_13678{x:2,y:2},_13546{x:2,y:3}]
La valeur de Adjacents est : [_20610{x:1,y:0},_20592{x:0,y:1},_20574{x:2,y:1},_20556{x:1,y:2}]
La valeur de Adjacents est : [_20592{x:0,y:1},_20574{x:2,y:1},_20556{x:1,y:2}]
Completion du else : _20610{x:1,y:0}
La valeur de Visited est : [_14074{x:1,y:2},_13942{x:1,y:1},_13810{x:2,y:1},_13678{x:2,y:2},_13546{x:2,y:3}]
La valeur de Adjacents est : [_20574{x:2,y:1},_20556{x:1,y:2}]
Completion du else : _20592{x:0,y:1}
La valeur de Visited est : [_14074{x:1,y:2},_13942{x:1,y:1},_13810{x:2,y:1},_13678{x:2,y:2},_13546{x:2,y:3}]
La valeur de Adjacents est : [_20556{x:1,y:2}]
La valeur de X est : _13810{x:2,y:1}
La valeur de V est : [_14074{x:1,y:2},_13942{x:1,y:1},_13678{x:2,y:2},_13546{x:2,y:3}]
La valeur de Adjacents est : [_21236{x:2,y:0},_21218{x:1,y:1},_21200{x:3,y:1},_21182{x:2,y:2}]
La valeur de Depart est : _13810{x:2,y:1}
La valeur de Case est : _13810{x:2,y:1}
La valeur de Visited est : [_14074{x:1,y:2},_13942{x:1,y:1},_13810{x:2,y:1},_13678{x:2,y:2},_13546{x:2,y:3}]
La valeur de Adjacents est : []
La valeur de X est : _14074{x:1,y:2}
La valeur de V est : [_13942{x:1,y:1},_13810{x:2,y:1},_13678{x:2,y:2},_13546{x:2,y:3}]
La valeur de Adjacents est : [_21820{x:1,y:1},_21802{x:0,y:2},_21784{x:2,y:2},_21766{x:1,y:3}]
La valeur de Depart est : _14074{x:1,y:2}
server(error, 1709912633).
server(started, 1709920830).
server(stopped, 1709920832).
server(started, 1709920866).
server(stopped, 1709920873).
server(started, 1709920910).
server(stopped, 1709920911).
server(started, 1709920926).
server(stopped, 1709920931).
server(started, 1709920932).
/*Fri Mar  8 19:02:17 2024*/ request(1, 1709920937.425, [peer(ip(127,0,0,1)),method(options),request_uri('/action'),path('/action'),http_version(1-1),host(localhost),port(8081),connection('keep-alive'),access_control_request_method('PUT'),access_control_request_headers('content-type'),origin('http://localhost:9000'),user_agent('Mozilla/5.0 (X11; Linux x86_64) AppleWebKit/537.36 (KHTML, like Gecko) Chrome/122.0.0.0 Safari/537.36'),sec_fetch_mode(cors),sec_fetch_site('same-site'),sec_fetch_dest(empty),referer('http://localhost:9000/')]).
completed(1, 0.027588274, 0, 200, ok).
/*Fri Mar  8 19:02:17 2024*/ request(2, 1709920937.435, [peer(ip(127,0,0,1)),method(put),request_uri('/action'),path('/action'),http_version(1-1),host(localhost),port(8081),connection('keep-alive'),content_length(1781),sec_ch_ua('"Chromium";v="122", "Not(A:Brand";v="24", "Brave";v="122"'),sec_ch_ua_platform('"Linux"'),sec_ch_ua_mobile('?0'),user_agent('Mozilla/5.0 (X11; Linux x86_64) AppleWebKit/537.36 (KHTML, like Gecko) Chrome/122.0.0.0 Safari/537.36'),content_type('application/json'),sec_gpc('1'),origin('http://localhost:9000'),sec_fetch_site('same-site'),sec_fetch_mode(cors),sec_fetch_dest(empty),referer('http://localhost:9000/')]).
La valeur de AdjSansWumpus est : [_2756{x:1,y:2},_2774{x:2,y:1}]
Cases Auth est : [_2756{x:1,y:2},_2774{x:2,y:1}]
La valeur de X est : 1
La valeur de Y est : 2
_{ beliefsv2:_{ alive:[_{id:hunter}],
		dir:[dir{d:north,h:hunter{id:hunter}}],
		fat_gold:[],
		fat_hunter:fat{c:c{x:1,y:2},h:hunter{id:hunter}},
		game_state:running,
		has_arrow:[_{a:_{id:arrow1},h:_{id:hunter}}],
		has_gold:[],
		score:0,
		visited:[_{from:c{x:1,y:1},to:c{x:1,y:2}}]
	      },
   percepts:[]
 }
completed(2, 0.06136562, 2628, 200, ok).
/*Fri Mar  8 19:02:19 2024*/ request(3, 1709920939.290, [peer(ip(127,0,0,1)),method(put),request_uri('/action'),path('/action'),http_version(1-1),host(localhost),port(8081),connection('keep-alive'),content_length(2050),sec_ch_ua('"Chromium";v="122", "Not(A:Brand";v="24", "Brave";v="122"'),sec_ch_ua_platform('"Linux"'),sec_ch_ua_mobile('?0'),user_agent('Mozilla/5.0 (X11; Linux x86_64) AppleWebKit/537.36 (KHTML, like Gecko) Chrome/122.0.0.0 Safari/537.36'),content_type('application/json'),sec_gpc('1'),origin('http://localhost:9000'),sec_fetch_site('same-site'),sec_fetch_mode(cors),sec_fetch_dest(empty),referer('http://localhost:9000/')]).
La valeur de AdjSansWumpus est : [_7748{x:1,y:1}]
Cases Auth est : [_7534{x:1,y:1}]
La valeur de X est : 1
La valeur de Y est : 3
_{ beliefsv2:_{ alive:[_{id:hunter}],
		dir:[dir{d:west,h:hunter{id:hunter}}],
		fat_gold:[],
		fat_hunter:_{c:_{x:1,y:2},h:_{id:hunter}},
		game_state:running,
		has_arrow:[_{a:_{id:arrow1},h:_{id:hunter}}],
		has_gold:[],
		score:0,
		visited:[_{from:_{x:1,y:1},to:_{x:1,y:2}}]
	      },
   percepts:[stench]
 }
completed(3, 0.037909211, 2811, 200, ok).
/*Fri Mar  8 19:02:21 2024*/ request(4, 1709920941.003, [peer(ip(127,0,0,1)),method(put),request_uri('/action'),path('/action'),http_version(1-1),host(localhost),port(8081),connection('keep-alive'),content_length(2195),sec_ch_ua('"Chromium";v="122", "Not(A:Brand";v="24", "Brave";v="122"'),sec_ch_ua_platform('"Linux"'),sec_ch_ua_mobile('?0'),user_agent('Mozilla/5.0 (X11; Linux x86_64) AppleWebKit/537.36 (KHTML, like Gecko) Chrome/122.0.0.0 Safari/537.36'),content_type('application/json'),sec_gpc('1'),origin('http://localhost:9000'),sec_fetch_site('same-site'),sec_fetch_mode(cors),sec_fetch_dest(empty),referer('http://localhost:9000/')]).
La valeur de AdjSansWumpus est : [_9260{x:1,y:1}]
Cases Auth est : [_9046{x:1,y:1}]
La valeur de X est : 0
La valeur de Y est : 2
_{ beliefsv2:_{ alive:[_{id:hunter}],
		dir:[dir{d:south,h:hunter{id:hunter}}],
		fat_gold:[],
		fat_hunter:_{c:_{x:1,y:2},h:_{id:hunter}},
		game_state:running,
		has_arrow:[_{a:_{id:arrow1},h:_{id:hunter}}],
		has_gold:[],
		score:0,
		visited:[_{from:_{x:1,y:1},to:_{x:1,y:2}}]
	      },
   percepts:[stench]
 }
completed(4, 0.046607708000000005, 2812, 200, ok).
/*Fri Mar  8 19:02:22 2024*/ request(5, 1709920942.541, [peer(ip(127,0,0,1)),method(options),request_uri('/action'),path('/action'),http_version(1-1),host(localhost),port(8081),connection('keep-alive'),access_control_request_method('PUT'),access_control_request_headers('content-type'),origin('http://localhost:9000'),user_agent('Mozilla/5.0 (X11; Linux x86_64) AppleWebKit/537.36 (KHTML, like Gecko) Chrome/122.0.0.0 Safari/537.36'),sec_fetch_mode(cors),sec_fetch_site('same-site'),sec_fetch_dest(empty),referer('http://localhost:9000/')]).
completed(5, 0.0010303229999999997, 0, 200, ok).
/*Fri Mar  8 19:02:22 2024*/ request(6, 1709920942.543, [peer(ip(127,0,0,1)),method(put),request_uri('/action'),path('/action'),http_version(1-1),host(localhost),port(8081),connection('keep-alive'),content_length(2196),sec_ch_ua('"Chromium";v="122", "Not(A:Brand";v="24", "Brave";v="122"'),sec_ch_ua_platform('"Linux"'),sec_ch_ua_mobile('?0'),user_agent('Mozilla/5.0 (X11; Linux x86_64) AppleWebKit/537.36 (KHTML, like Gecko) Chrome/122.0.0.0 Safari/537.36'),content_type('application/json'),sec_gpc('1'),origin('http://localhost:9000'),sec_fetch_site('same-site'),sec_fetch_mode(cors),sec_fetch_dest(empty),referer('http://localhost:9000/')]).
La valeur de AdjSansWumpus est : [_9174{x:1,y:1}]
Cases Auth est : [_8960{x:1,y:1}]
La valeur de X est : 1
La valeur de Y est : 1
_{ beliefsv2:_{ alive:[_{id:hunter}],
		dir:[dir{d:south,h:hunter{id:hunter}}],
		fat_gold:[],
		fat_hunter:fat{c:c{x:1,y:1},h:hunter{id:hunter}},
		game_state:running,
		has_arrow:[_{a:_{id:arrow1},h:_{id:hunter}}],
		has_gold:[],
		score:0,
		visited:[ _{from:c{x:1,y:2},to:c{x:1,y:1}},
			  _{from:_{x:1,y:1},to:_{x:1,y:2}}
			]
	      },
   percepts:[stench]
 }
completed(6, 0.037302092, 2870, 200, ok).
/*Fri Mar  8 19:02:24 2024*/ request(7, 1709920944.012, [peer(ip(127,0,0,1)),method(put),request_uri('/action'),path('/action'),http_version(1-1),host(localhost),port(8081),connection('keep-alive'),content_length(2230),sec_ch_ua('"Chromium";v="122", "Not(A:Brand";v="24", "Brave";v="122"'),sec_ch_ua_platform('"Linux"'),sec_ch_ua_mobile('?0'),user_agent('Mozilla/5.0 (X11; Linux x86_64) AppleWebKit/537.36 (KHTML, like Gecko) Chrome/122.0.0.0 Safari/537.36'),content_type('application/json'),sec_gpc('1'),origin('http://localhost:9000'),sec_fetch_site('same-site'),sec_fetch_mode(cors),sec_fetch_dest(empty),referer('http://localhost:9000/')]).
La valeur de AdjSansWumpus est : [_9982{x:1,y:2},_9866{x:2,y:1}]
Cases Auth est : [_9866{x:2,y:1}]
La valeur de X est : 1
La valeur de Y est : 0
_{ beliefsv2:_{ alive:[_{id:hunter}],
		dir:[dir{d:east,h:hunter{id:hunter}}],
		fat_gold:[],
		fat_hunter:_{c:_{x:1,y:1},h:_{id:hunter}},
		game_state:running,
		has_arrow:[_{a:_{id:arrow1},h:_{id:hunter}}],
		has_gold:[],
		score:0,
		visited:[ _{from:_{x:1,y:2},to:_{x:1,y:1}},
			  _{from:_{x:1,y:1},to:_{x:1,y:2}}
			]
	      },
   percepts:[]
 }
completed(7, 0.043990528, 2857, 200, ok).
/*Fri Mar  8 19:02:25 2024*/ request(8, 1709920945.488, [peer(ip(127,0,0,1)),method(put),request_uri('/action'),path('/action'),http_version(1-1),host(localhost),port(8081),connection('keep-alive'),content_length(2229),sec_ch_ua('"Chromium";v="122", "Not(A:Brand";v="24", "Brave";v="122"'),sec_ch_ua_platform('"Linux"'),sec_ch_ua_mobile('?0'),user_agent('Mozilla/5.0 (X11; Linux x86_64) AppleWebKit/537.36 (KHTML, like Gecko) Chrome/122.0.0.0 Safari/537.36'),content_type('application/json'),sec_gpc('1'),origin('http://localhost:9000'),sec_fetch_site('same-site'),sec_fetch_mode(cors),sec_fetch_dest(empty),referer('http://localhost:9000/')]).
La valeur de AdjSansWumpus est : [_9892{x:1,y:2},_9776{x:2,y:1}]
Cases Auth est : [_9776{x:2,y:1}]
La valeur de X est : 2
La valeur de Y est : 1
_{ beliefsv2:_{ alive:[_{id:hunter}],
		dir:[dir{d:east,h:hunter{id:hunter}}],
		fat_gold:[],
		fat_hunter:fat{c:c{x:2,y:1},h:hunter{id:hunter}},
		game_state:running,
		has_arrow:[_{a:_{id:arrow1},h:_{id:hunter}}],
		has_gold:[],
		score:0,
		visited:[ _{from:c{x:1,y:1},to:c{x:2,y:1}},
			  _{from:_{x:1,y:2},to:_{x:1,y:1}},
			  _{from:_{x:1,y:1},to:_{x:1,y:2}}
			]
	      },
   percepts:[]
 }
completed(8, 0.061164543, 2911, 200, ok).
/*Fri Mar  8 19:02:26 2024*/ request(9, 1709920946.986, [peer(ip(127,0,0,1)),method(put),request_uri('/action'),path('/action'),http_version(1-1),host(localhost),port(8081),connection('keep-alive'),content_length(2279),sec_ch_ua('"Chromium";v="122", "Not(A:Brand";v="24", "Brave";v="122"'),sec_ch_ua_platform('"Linux"'),sec_ch_ua_mobile('?0'),user_agent('Mozilla/5.0 (X11; Linux x86_64) AppleWebKit/537.36 (KHTML, like Gecko) Chrome/122.0.0.0 Safari/537.36'),content_type('application/json'),sec_gpc('1'),origin('http://localhost:9000'),sec_fetch_site('same-site'),sec_fetch_mode(cors),sec_fetch_dest(empty),referer('http://localhost:9000/')]).
La valeur de AdjSansWumpus est : [_10654{x:2,y:2},_10306{x:1,y:1}]
Cases Auth est : [_10654{x:2,y:2}]
La valeur de X est : 3
La valeur de Y est : 1
_{ beliefsv2:_{ alive:[_{id:hunter}],
		dir:[dir{d:north,h:hunter{id:hunter}}],
		fat_gold:[],
		fat_hunter:_{c:_{x:2,y:1},h:_{id:hunter}},
		game_state:running,
		has_arrow:[_{a:_{id:arrow1},h:_{id:hunter}}],
		has_gold:[],
		score:0,
		visited:[ _{from:A{x:1,y:1},to:_{x:2,y:1}},
			  _{from:_{x:1,y:2},to:_{x:1,y:1}},
			  _{from:A{x:1,y:1},to:_{x:1,y:2}}
			]
	      },
   percepts:[breeze]
 }
completed(9, 0.06216974499999999, 3008, 200, ok).
/*Fri Mar  8 19:02:29 2024*/ request(10, 1709920949.055, [peer(ip(127,0,0,1)),method(options),request_uri('/action'),path('/action'),http_version(1-1),host(localhost),port(8081),connection('keep-alive'),access_control_request_method('PUT'),access_control_request_headers('content-type'),origin('http://localhost:9000'),user_agent('Mozilla/5.0 (X11; Linux x86_64) AppleWebKit/537.36 (KHTML, like Gecko) Chrome/122.0.0.0 Safari/537.36'),sec_fetch_mode(cors),sec_fetch_site('same-site'),sec_fetch_dest(empty),referer('http://localhost:9000/')]).
completed(10, 0.002041844999999997, 0, 200, ok).
/*Fri Mar  8 19:02:29 2024*/ request(11, 1709920949.058, [peer(ip(127,0,0,1)),method(put),request_uri('/action'),path('/action'),http_version(1-1),host(localhost),port(8081),connection('keep-alive'),content_length(2354),sec_ch_ua('"Chromium";v="122", "Not(A:Brand";v="24", "Brave";v="122"'),sec_ch_ua_platform('"Linux"'),sec_ch_ua_mobile('?0'),user_agent('Mozilla/5.0 (X11; Linux x86_64) AppleWebKit/537.36 (KHTML, like Gecko) Chrome/122.0.0.0 Safari/537.36'),content_type('application/json'),sec_gpc('1'),origin('http://localhost:9000'),sec_fetch_site('same-site'),sec_fetch_mode(cors),sec_fetch_dest(empty),referer('http://localhost:9000/')]).
La valeur de AdjSansWumpus est : [_11462{x:2,y:2},_11114{x:1,y:1}]
Cases Auth est : [_11462{x:2,y:2}]
La valeur de X est : 2
La valeur de Y est : 2
_{ beliefsv2:_{ alive:[_{id:hunter}],
		dir:[dir{d:north,h:hunter{id:hunter}}],
		fat_gold:[],
		fat_hunter:fat{c:c{x:2,y:2},h:hunter{id:hunter}},
		game_state:running,
		has_arrow:[_{a:_{id:arrow1},h:_{id:hunter}}],
		has_gold:[],
		score:0,
		visited:[ _{from:c{x:2,y:1},to:c{x:2,y:2}},
			  _{from:A{x:1,y:1},to:_{x:2,y:1}},
			  _{from:_{x:1,y:2},to:_{x:1,y:1}},
			  _{from:A{x:1,y:1},to:_{x:1,y:2}}
			]
	      },
   percepts:[breeze]
 }
completed(11, 0.040470914, 3062, 200, ok).
/*Fri Mar  8 19:02:30 2024*/ request(12, 1709920950.502, [peer(ip(127,0,0,1)),method(put),request_uri('/action'),path('/action'),http_version(1-1),host(localhost),port(8081),connection('keep-alive'),content_length(2388),sec_ch_ua('"Chromium";v="122", "Not(A:Brand";v="24", "Brave";v="122"'),sec_ch_ua_platform('"Linux"'),sec_ch_ua_mobile('?0'),user_agent('Mozilla/5.0 (X11; Linux x86_64) AppleWebKit/537.36 (KHTML, like Gecko) Chrome/122.0.0.0 Safari/537.36'),content_type('application/json'),sec_gpc('1'),origin('http://localhost:9000'),sec_fetch_site('same-site'),sec_fetch_mode(cors),sec_fetch_dest(empty),referer('http://localhost:9000/')]).
La valeur de AdjSansWumpus est : [_13260{x:2,y:3},_13278{x:3,y:2},_11720{x:1,y:2},_11604{x:2,y:1}]
Cases Auth est : [_13278{x:3,y:2},_13260{x:2,y:3}]
La valeur de X est : 2
La valeur de Y est : 3
_{ beliefsv2:_{ alive:[_{id:hunter}],
		dir:[dir{d:north,h:hunter{id:hunter}}],
		fat_gold:[],
		fat_hunter:fat{c:c{x:2,y:3},h:hunter{id:hunter}},
		game_state:running,
		has_arrow:[_{a:_{id:arrow1},h:_{id:hunter}}],
		has_gold:[],
		score:0,
		visited:[ _{from:c{x:2,y:2},to:c{x:2,y:3}},
			  _{from:_{x:2,y:1},to:_{x:2,y:2}},
			  _{from:A{x:1,y:1},to:_{x:2,y:1}},
			  _{from:_{x:1,y:2},to:_{x:1,y:1}},
			  _{from:A{x:1,y:1},to:_{x:1,y:2}}
			]
	      },
   percepts:[]
 }
completed(12, 0.063762632, 3284, 200, ok).
/*Fri Mar  8 19:02:32 2024*/ request(13, 1709920952.067, [peer(ip(127,0,0,1)),method(put),request_uri('/action'),path('/action'),http_version(1-1),host(localhost),port(8081),connection('keep-alive'),content_length(2605),sec_ch_ua('"Chromium";v="122", "Not(A:Brand";v="24", "Brave";v="122"'),sec_ch_ua_platform('"Linux"'),sec_ch_ua_mobile('?0'),user_agent('Mozilla/5.0 (X11; Linux x86_64) AppleWebKit/537.36 (KHTML, like Gecko) Chrome/122.0.0.0 Safari/537.36'),content_type('application/json'),sec_gpc('1'),origin('http://localhost:9000'),sec_fetch_site('same-site'),sec_fetch_mode(cors),sec_fetch_dest(empty),referer('http://localhost:9000/')]).
_{ beliefsv2:_{ alive:[_{id:hunter}],
		dir:[_{d:north,h:_{id:hunter}}],
		fat_gold:[],
		fat_hunter:_{c:_{x:2,y:3},h:_{id:hunter}},
		game_state:running,
		has_arrow:[_{a:_{id:arrow1},h:_{id:hunter}}],
		has_gold:true,
		score:0,
		visited:[ _{from:_{x:2,y:2},to:_{x:2,y:3}},
			  _{from:_{x:2,y:1},to:_{x:2,y:2}},
			  _{from:_{x:1,y:1},to:_{x:2,y:1}},
			  _{from:_{x:1,y:2},to:_{x:1,y:1}},
			  _{from:_{x:1,y:1},to:_{x:1,y:2}}
			]
	      },
   percepts:[glitter,breeze,stench]
 }
completed(13, 0.06967650900000001, 3488, 200, ok).
/*Fri Mar  8 19:02:34 2024*/ request(14, 1709920954.529, [peer(ip(127,0,0,1)),method(options),request_uri('/action'),path('/action'),http_version(1-1),host(localhost),port(8081),connection('keep-alive'),access_control_request_method('PUT'),access_control_request_headers('content-type'),origin('http://localhost:9000'),user_agent('Mozilla/5.0 (X11; Linux x86_64) AppleWebKit/537.36 (KHTML, like Gecko) Chrome/122.0.0.0 Safari/537.36'),sec_fetch_mode(cors),sec_fetch_site('same-site'),sec_fetch_dest(empty),referer('http://localhost:9000/')]).
completed(14, 0.003824141000000003, 0, 200, ok).
/*Fri Mar  8 19:02:34 2024*/ request(15, 1709920954.535, [peer(ip(127,0,0,1)),method(put),request_uri('/action'),path('/action'),http_version(1-1),host(localhost),port(8081),connection('keep-alive'),content_length(2741),sec_ch_ua('"Chromium";v="122", "Not(A:Brand";v="24", "Brave";v="122"'),sec_ch_ua_platform('"Linux"'),sec_ch_ua_mobile('?0'),user_agent('Mozilla/5.0 (X11; Linux x86_64) AppleWebKit/537.36 (KHTML, like Gecko) Chrome/122.0.0.0 Safari/537.36'),content_type('application/json'),sec_gpc('1'),origin('http://localhost:9000'),sec_fetch_site('same-site'),sec_fetch_mode(cors),sec_fetch_dest(empty),referer('http://localhost:9000/')]).
server(error, 1709920955).
server(started, 1709921079).
/*Fri Mar  8 19:04:47 2024*/ request(1, 1709921087.203, [peer(ip(127,0,0,1)),method(options),request_uri('/action'),path('/action'),http_version(1-1),host(localhost),port(8081),connection('keep-alive'),access_control_request_method('PUT'),access_control_request_headers('content-type'),origin('http://localhost:9000'),user_agent('Mozilla/5.0 (X11; Linux x86_64) AppleWebKit/537.36 (KHTML, like Gecko) Chrome/122.0.0.0 Safari/537.36'),sec_fetch_mode(cors),sec_fetch_site('same-site'),sec_fetch_dest(empty),referer('http://localhost:9000/')]).
completed(1, 0.016552757, 0, 200, ok).
/*Fri Mar  8 19:04:47 2024*/ request(2, 1709921087.211, [peer(ip(127,0,0,1)),method(put),request_uri('/action'),path('/action'),http_version(1-1),host(localhost),port(8081),connection('keep-alive'),content_length(1781),sec_ch_ua('"Chromium";v="122", "Not(A:Brand";v="24", "Brave";v="122"'),sec_ch_ua_platform('"Linux"'),sec_ch_ua_mobile('?0'),user_agent('Mozilla/5.0 (X11; Linux x86_64) AppleWebKit/537.36 (KHTML, like Gecko) Chrome/122.0.0.0 Safari/537.36'),content_type('application/json'),sec_gpc('1'),origin('http://localhost:9000'),sec_fetch_site('same-site'),sec_fetch_mode(cors),sec_fetch_dest(empty),referer('http://localhost:9000/')]).
_{ beliefs:_{ certain_eternals:_{ cells:[ _{x:0,y:0},
					  _{x:1,y:0},
					  _{x:2,y:0},
					  _{x:3,y:0},
					  _{x:4,y:0},
					  _{x:5,y:0},
					  _{x:0,y:1},
					  _{x:1,y:1},
					  _{x:2,y:1},
					  _{x:3,y:1},
					  _{x:4,y:1},
					  _{x:5,y:1},
					  _{x:0,y:2},
					  _{x:1,y:2},
					  _{x:2,y:2},
					  _{x:3,y:2},
					  _{x:4,y:2},
					  _{x:5,y:2},
					  _{x:0,y:3},
					  _{x:1,y:3},
					  _{x:2,y:3},
					  _{x:3,y:3},
					  _{x:4,y:3},
					  _{x:5,y:3},
					  _{x:0,y:4},
					  _{x:1,y:4},
					  _{x:2,y:4},
					  _{x:3,y:4},
					  _{x:4,y:4},
					  _{x:5,y:4},
					  _{x:0,y:5},
					  _{x:1,y:5},
					  _{x:2,y:5},
					  _{x:3,y:5},
					  _{x:4,y:5},
					  _{x:5,y:5}
					],
				  eat_exit:_{c:_{x:1,y:1},e:_{id:exit}},
				  eat_walls:[ _{ c:_{x:5,y:5},
						 w:_{id:wall20}
					       },
					      _{ c:_{x:4,y:5},
						 w:_{id:wall19}
					       },
					      _{ c:_{x:3,y:5},
						 w:_{id:wall18}
					       },
					      _{ c:_{x:2,y:5},
						 w:_{id:wall17}
					       },
					      _{ c:_{x:1,y:5},
						 w:_{id:wall16}
					       },
					      _{ c:_{x:0,y:5},
						 w:_{id:wall15}
					       },
					      _{ c:_{x:5,y:4},
						 w:_{id:wall14}
					       },
					      _{ c:_{x:0,y:4},
						 w:_{id:wall13}
					       },
					      _{ c:_{x:5,y:3},
						 w:_{id:wall12}
					       },
					      _{ c:_{x:0,y:3},
						 w:_{id:wall11}
					       },
					      _{ c:_{x:5,y:2},
						 w:_{id:wall10}
					       },
					      _{ c:_{x:0,y:2},
						 w:_{id:wall9}
					       },
					      _{ c:_{x:5,y:1},
						 w:_{id:wall8}
					       },
					      _{ c:_{x:0,y:1},
						 w:_{id:wall7}
					       },
					      _{ c:_{x:5,y:0},
						 w:_{id:wall6}
					       },
					      _{ c:_{x:4,y:0},
						 w:_{id:wall5}
					       },
					      _{ c:_{x:3,y:0},
						 w:_{id:wall4}
					       },
					      _{ c:_{x:2,y:0},
						 w:_{id:wall3}
					       },
					      _{ c:_{x:1,y:0},
						 w:_{id:wall2}
					       },
					      _{ c:_{x:0,y:0},
						 w:_{id:wall1}
					       }
					    ]
				},
	      certain_fluents:_{ alive:[_{id:hunter}],
				 dir:[_{d:north,h:_{id:hunter}}],
				 fat_gold:[],
				 fat_hunter:_{ c:_{x:1,y:1},
					       h:_{id:hunter}
					     },
				 game_state:running,
				 has_arrow:[ _{ a:_{id:arrow1},
						h:_{id:hunter}
					      }
					   ],
				 has_gold:[],
				 score:0,
				 visited:[]
			       },
	      step:0,
	      uncertain_eternals:_{eat_pit:[],eat_wumpus:[]},
	      uncertain_fluents:_{fatal:[]}
	    },
   percepts:[]
 }
La valeur de AdjSansWumpus est : [_25080{x:1,y:2},_25098{x:2,y:1}]
Cases Auth est : [_25080{x:1,y:2},_25098{x:2,y:1}]
La valeur de X est : 1
La valeur de Y est : 2
completed(2, 0.059492988000000004, 2628, 200, ok).
/*Fri Mar  8 19:04:48 2024*/ request(3, 1709921088.678, [peer(ip(127,0,0,1)),method(put),request_uri('/action'),path('/action'),http_version(1-1),host(localhost),port(8081),connection('keep-alive'),content_length(2050),sec_ch_ua('"Chromium";v="122", "Not(A:Brand";v="24", "Brave";v="122"'),sec_ch_ua_platform('"Linux"'),sec_ch_ua_mobile('?0'),user_agent('Mozilla/5.0 (X11; Linux x86_64) AppleWebKit/537.36 (KHTML, like Gecko) Chrome/122.0.0.0 Safari/537.36'),content_type('application/json'),sec_gpc('1'),origin('http://localhost:9000'),sec_fetch_site('same-site'),sec_fetch_mode(cors),sec_fetch_dest(empty),referer('http://localhost:9000/')]).
_{ beliefs:_{ certain_eternals:_{ cells:[ _{x:0,y:0},
					  _{x:1,y:0},
					  _{x:2,y:0},
					  _{x:3,y:0},
					  _{x:4,y:0},
					  _{x:5,y:0},
					  _{x:0,y:1},
					  _{x:1,y:1},
					  _{x:2,y:1},
					  _{x:3,y:1},
					  _{x:4,y:1},
					  _{x:5,y:1},
					  _{x:0,y:2},
					  _{x:1,y:2},
					  _{x:2,y:2},
					  _{x:3,y:2},
					  _{x:4,y:2},
					  _{x:5,y:2},
					  _{x:0,y:3},
					  _{x:1,y:3},
					  _{x:2,y:3},
					  _{x:3,y:3},
					  _{x:4,y:3},
					  _{x:5,y:3},
					  _{x:0,y:4},
					  _{x:1,y:4},
					  _{x:2,y:4},
					  _{x:3,y:4},
					  _{x:4,y:4},
					  _{x:5,y:4},
					  _{x:0,y:5},
					  _{x:1,y:5},
					  _{x:2,y:5},
					  _{x:3,y:5},
					  _{x:4,y:5},
					  _{x:5,y:5}
					],
				  eat_exit:_{c:_{x:1,y:1},e:_{id:exit}},
				  eat_walls:[ _{ c:_{x:5,y:5},
						 w:_{id:wall20}
					       },
					      _{ c:_{x:4,y:5},
						 w:_{id:wall19}
					       },
					      _{ c:_{x:3,y:5},
						 w:_{id:wall18}
					       },
					      _{ c:_{x:2,y:5},
						 w:_{id:wall17}
					       },
					      _{ c:_{x:1,y:5},
						 w:_{id:wall16}
					       },
					      _{ c:_{x:0,y:5},
						 w:_{id:wall15}
					       },
					      _{ c:_{x:5,y:4},
						 w:_{id:wall14}
					       },
					      _{ c:_{x:0,y:4},
						 w:_{id:wall13}
					       },
					      _{ c:_{x:5,y:3},
						 w:_{id:wall12}
					       },
					      _{ c:_{x:0,y:3},
						 w:_{id:wall11}
					       },
					      _{ c:_{x:5,y:2},
						 w:_{id:wall10}
					       },
					      _{ c:_{x:0,y:2},
						 w:_{id:wall9}
					       },
					      _{ c:_{x:5,y:1},
						 w:_{id:wall8}
					       },
					      _{ c:_{x:0,y:1},
						 w:_{id:wall7}
					       },
					      _{ c:_{x:5,y:0},
						 w:_{id:wall6}
					       },
					      _{ c:_{x:4,y:0},
						 w:_{id:wall5}
					       },
					      _{ c:_{x:3,y:0},
						 w:_{id:wall4}
					       },
					      _{ c:_{x:2,y:0},
						 w:_{id:wall3}
					       },
					      _{ c:_{x:1,y:0},
						 w:_{id:wall2}
					       },
					      _{ c:_{x:0,y:0},
						 w:_{id:wall1}
					       }
					    ]
				},
	      certain_fluents:_{ alive:[_{id:hunter}],
				 dir:[_{d:north,h:_{id:hunter}}],
				 fat_gold:[],
				 fat_hunter:_{ c:_{x:1,y:2},
					       h:_{id:hunter}
					     },
				 game_state:running,
				 has_arrow:[ _{ a:_{id:arrow1},
						h:_{id:hunter}
					      }
					   ],
				 has_gold:[],
				 score:0,
				 visited:[ _{ from:_{x:1,y:1},
					      to:_{x:1,y:2}
					    }
					 ]
			       },
	      step:0,
	      uncertain_eternals:_{ eat_pit:[ _{ c:_{x:1,y:1},
						 p:_{id:false}
					       },
					      _{ c:_{x:2,y:1},
						 p:_{id:false}
					       },
					      _{ c:_{x:1,y:2},
						 p:_{id:false}
					       }
					    ],
				    eat_wumpus:[ _{ c:_{x:1,y:1},
						    w:_{id:false}
						  },
						 _{ c:_{x:2,y:1},
						    w:_{id:false}
						  },
						 _{ c:_{x:1,y:2},
						    w:_{id:false}
						  }
					       ]
				  },
	      uncertain_fluents:_{fatal:[]}
	    },
   percepts:[stench]
 }
La valeur de AdjSansWumpus est : [_7672{x:1,y:1}]
Cases Auth est : [_7458{x:1,y:1}]
La valeur de X est : 1
La valeur de Y est : 3
completed(3, 0.0420653, 2811, 200, ok).
server(stopped, 1709921129).
server(started, 1709921130).
server(stopped, 1709921136).
server(started, 1709921137).
/*Fri Mar  8 19:05:40 2024*/ request(1, 1709921140.532, [peer(ip(127,0,0,1)),method(options),request_uri('/action'),path('/action'),http_version(1-1),host(localhost),port(8081),connection('keep-alive'),access_control_request_method('PUT'),access_control_request_headers('content-type'),origin('http://localhost:9000'),user_agent('Mozilla/5.0 (X11; Linux x86_64) AppleWebKit/537.36 (KHTML, like Gecko) Chrome/122.0.0.0 Safari/537.36'),sec_fetch_mode(cors),sec_fetch_site('same-site'),sec_fetch_dest(empty),referer('http://localhost:9000/')]).
completed(1, 0.04062806, 0, 200, ok).
/*Fri Mar  8 19:05:40 2024*/ request(2, 1709921140.543, [peer(ip(127,0,0,1)),method(put),request_uri('/action'),path('/action'),http_version(1-1),host(localhost),port(8081),connection('keep-alive'),content_length(1781),sec_ch_ua('"Chromium";v="122", "Not(A:Brand";v="24", "Brave";v="122"'),sec_ch_ua_platform('"Linux"'),sec_ch_ua_mobile('?0'),user_agent('Mozilla/5.0 (X11; Linux x86_64) AppleWebKit/537.36 (KHTML, like Gecko) Chrome/122.0.0.0 Safari/537.36'),content_type('application/json'),sec_gpc('1'),origin('http://localhost:9000'),sec_fetch_site('same-site'),sec_fetch_mode(cors),sec_fetch_dest(empty),referer('http://localhost:9000/')]).
_{ beliefs:_{ certain_eternals:_{ cells:[ _{x:0,y:0},
					  _{x:1,y:0},
					  _{x:2,y:0},
					  _{x:3,y:0},
					  _{x:4,y:0},
					  _{x:5,y:0},
					  _{x:0,y:1},
					  _{x:1,y:1},
					  _{x:2,y:1},
					  _{x:3,y:1},
					  _{x:4,y:1},
					  _{x:5,y:1},
					  _{x:0,y:2},
					  _{x:1,y:2},
					  _{x:2,y:2},
					  _{x:3,y:2},
					  _{x:4,y:2},
					  _{x:5,y:2},
					  _{x:0,y:3},
					  _{x:1,y:3},
					  _{x:2,y:3},
					  _{x:3,y:3},
					  _{x:4,y:3},
					  _{x:5,y:3},
					  _{x:0,y:4},
					  _{x:1,y:4},
					  _{x:2,y:4},
					  _{x:3,y:4},
					  _{x:4,y:4},
					  _{x:5,y:4},
					  _{x:0,y:5},
					  _{x:1,y:5},
					  _{x:2,y:5},
					  _{x:3,y:5},
					  _{x:4,y:5},
					  _{x:5,y:5}
					],
				  eat_exit:_{c:_{x:1,y:1},e:_{id:exit}},
				  eat_walls:[ _{ c:_{x:5,y:5},
						 w:_{id:wall20}
					       },
					      _{ c:_{x:4,y:5},
						 w:_{id:wall19}
					       },
					      _{ c:_{x:3,y:5},
						 w:_{id:wall18}
					       },
					      _{ c:_{x:2,y:5},
						 w:_{id:wall17}
					       },
					      _{ c:_{x:1,y:5},
						 w:_{id:wall16}
					       },
					      _{ c:_{x:0,y:5},
						 w:_{id:wall15}
					       },
					      _{ c:_{x:5,y:4},
						 w:_{id:wall14}
					       },
					      _{ c:_{x:0,y:4},
						 w:_{id:wall13}
					       },
					      _{ c:_{x:5,y:3},
						 w:_{id:wall12}
					       },
					      _{ c:_{x:0,y:3},
						 w:_{id:wall11}
					       },
					      _{ c:_{x:5,y:2},
						 w:_{id:wall10}
					       },
					      _{ c:_{x:0,y:2},
						 w:_{id:wall9}
					       },
					      _{ c:_{x:5,y:1},
						 w:_{id:wall8}
					       },
					      _{ c:_{x:0,y:1},
						 w:_{id:wall7}
					       },
					      _{ c:_{x:5,y:0},
						 w:_{id:wall6}
					       },
					      _{ c:_{x:4,y:0},
						 w:_{id:wall5}
					       },
					      _{ c:_{x:3,y:0},
						 w:_{id:wall4}
					       },
					      _{ c:_{x:2,y:0},
						 w:_{id:wall3}
					       },
					      _{ c:_{x:1,y:0},
						 w:_{id:wall2}
					       },
					      _{ c:_{x:0,y:0},
						 w:_{id:wall1}
					       }
					    ]
				},
	      certain_fluents:_{ alive:[_{id:hunter}],
				 dir:[_{d:north,h:_{id:hunter}}],
				 fat_gold:[],
				 fat_hunter:_{ c:_{x:1,y:1},
					       h:_{id:hunter}
					     },
				 game_state:running,
				 has_arrow:[ _{ a:_{id:arrow1},
						h:_{id:hunter}
					      }
					   ],
				 has_gold:[],
				 score:0,
				 visited:[]
			       },
	      step:0,
	      uncertain_eternals:_{eat_pit:[],eat_wumpus:[]},
	      uncertain_fluents:_{fatal:[]}
	    },
   percepts:[]
 }
La valeur de AdjSansWumpus est : [_25080{x:1,y:2},_25098{x:2,y:1}]
Cases Auth est : [_25080{x:1,y:2},_25098{x:2,y:1}]
La valeur de X est : 1
La valeur de Y est : 2
completed(2, 0.063818877, 2628, 200, ok).
/*Fri Mar  8 19:05:41 2024*/ request(3, 1709921141.685, [peer(ip(127,0,0,1)),method(put),request_uri('/action'),path('/action'),http_version(1-1),host(localhost),port(8081),connection('keep-alive'),content_length(2050),sec_ch_ua('"Chromium";v="122", "Not(A:Brand";v="24", "Brave";v="122"'),sec_ch_ua_platform('"Linux"'),sec_ch_ua_mobile('?0'),user_agent('Mozilla/5.0 (X11; Linux x86_64) AppleWebKit/537.36 (KHTML, like Gecko) Chrome/122.0.0.0 Safari/537.36'),content_type('application/json'),sec_gpc('1'),origin('http://localhost:9000'),sec_fetch_site('same-site'),sec_fetch_mode(cors),sec_fetch_dest(empty),referer('http://localhost:9000/')]).
_{ beliefs:_{ certain_eternals:_{ cells:[ _{x:0,y:0},
					  _{x:1,y:0},
					  _{x:2,y:0},
					  _{x:3,y:0},
					  _{x:4,y:0},
					  _{x:5,y:0},
					  _{x:0,y:1},
					  _{x:1,y:1},
					  _{x:2,y:1},
					  _{x:3,y:1},
					  _{x:4,y:1},
					  _{x:5,y:1},
					  _{x:0,y:2},
					  _{x:1,y:2},
					  _{x:2,y:2},
					  _{x:3,y:2},
					  _{x:4,y:2},
					  _{x:5,y:2},
					  _{x:0,y:3},
					  _{x:1,y:3},
					  _{x:2,y:3},
					  _{x:3,y:3},
					  _{x:4,y:3},
					  _{x:5,y:3},
					  _{x:0,y:4},
					  _{x:1,y:4},
					  _{x:2,y:4},
					  _{x:3,y:4},
					  _{x:4,y:4},
					  _{x:5,y:4},
					  _{x:0,y:5},
					  _{x:1,y:5},
					  _{x:2,y:5},
					  _{x:3,y:5},
					  _{x:4,y:5},
					  _{x:5,y:5}
					],
				  eat_exit:_{c:_{x:1,y:1},e:_{id:exit}},
				  eat_walls:[ _{ c:_{x:5,y:5},
						 w:_{id:wall20}
					       },
					      _{ c:_{x:4,y:5},
						 w:_{id:wall19}
					       },
					      _{ c:_{x:3,y:5},
						 w:_{id:wall18}
					       },
					      _{ c:_{x:2,y:5},
						 w:_{id:wall17}
					       },
					      _{ c:_{x:1,y:5},
						 w:_{id:wall16}
					       },
					      _{ c:_{x:0,y:5},
						 w:_{id:wall15}
					       },
					      _{ c:_{x:5,y:4},
						 w:_{id:wall14}
					       },
					      _{ c:_{x:0,y:4},
						 w:_{id:wall13}
					       },
					      _{ c:_{x:5,y:3},
						 w:_{id:wall12}
					       },
					      _{ c:_{x:0,y:3},
						 w:_{id:wall11}
					       },
					      _{ c:_{x:5,y:2},
						 w:_{id:wall10}
					       },
					      _{ c:_{x:0,y:2},
						 w:_{id:wall9}
					       },
					      _{ c:_{x:5,y:1},
						 w:_{id:wall8}
					       },
					      _{ c:_{x:0,y:1},
						 w:_{id:wall7}
					       },
					      _{ c:_{x:5,y:0},
						 w:_{id:wall6}
					       },
					      _{ c:_{x:4,y:0},
						 w:_{id:wall5}
					       },
					      _{ c:_{x:3,y:0},
						 w:_{id:wall4}
					       },
					      _{ c:_{x:2,y:0},
						 w:_{id:wall3}
					       },
					      _{ c:_{x:1,y:0},
						 w:_{id:wall2}
					       },
					      _{ c:_{x:0,y:0},
						 w:_{id:wall1}
					       }
					    ]
				},
	      certain_fluents:_{ alive:[_{id:hunter}],
				 dir:[_{d:north,h:_{id:hunter}}],
				 fat_gold:[],
				 fat_hunter:_{ c:_{x:1,y:2},
					       h:_{id:hunter}
					     },
				 game_state:running,
				 has_arrow:[ _{ a:_{id:arrow1},
						h:_{id:hunter}
					      }
					   ],
				 has_gold:[],
				 score:0,
				 visited:[ _{ from:_{x:1,y:1},
					      to:_{x:1,y:2}
					    }
					 ]
			       },
	      step:0,
	      uncertain_eternals:_{ eat_pit:[ _{ c:_{x:1,y:1},
						 p:_{id:false}
					       },
					      _{ c:_{x:2,y:1},
						 p:_{id:false}
					       },
					      _{ c:_{x:1,y:2},
						 p:_{id:false}
					       }
					    ],
				    eat_wumpus:[ _{ c:_{x:1,y:1},
						    w:_{id:false}
						  },
						 _{ c:_{x:2,y:1},
						    w:_{id:false}
						  },
						 _{ c:_{x:1,y:2},
						    w:_{id:false}
						  }
					       ]
				  },
	      uncertain_fluents:_{fatal:[]}
	    },
   percepts:[stench]
 }
La valeur de AdjSansWumpus est : [_2300{x:1,y:1}]
Cases Auth est : [_2218{x:1,y:1}]
La valeur de X est : 1
La valeur de Y est : 3
completed(3, 0.06903805, 2811, 200, ok).
/*Fri Mar  8 19:05:42 2024*/ request(4, 1709921142.935, [peer(ip(127,0,0,1)),method(put),request_uri('/action'),path('/action'),http_version(1-1),host(localhost),port(8081),connection('keep-alive'),content_length(2195),sec_ch_ua('"Chromium";v="122", "Not(A:Brand";v="24", "Brave";v="122"'),sec_ch_ua_platform('"Linux"'),sec_ch_ua_mobile('?0'),user_agent('Mozilla/5.0 (X11; Linux x86_64) AppleWebKit/537.36 (KHTML, like Gecko) Chrome/122.0.0.0 Safari/537.36'),content_type('application/json'),sec_gpc('1'),origin('http://localhost:9000'),sec_fetch_site('same-site'),sec_fetch_mode(cors),sec_fetch_dest(empty),referer('http://localhost:9000/')]).
_{ beliefs:_{ certain_eternals:_{ cells:[ _{x:0,y:0},
					  _{x:1,y:0},
					  _{x:2,y:0},
					  _{x:3,y:0},
					  _{x:4,y:0},
					  _{x:5,y:0},
					  _{x:0,y:1},
					  _{x:1,y:1},
					  _{x:2,y:1},
					  _{x:3,y:1},
					  _{x:4,y:1},
					  _{x:5,y:1},
					  _{x:0,y:2},
					  _{x:1,y:2},
					  _{x:2,y:2},
					  _{x:3,y:2},
					  _{x:4,y:2},
					  _{x:5,y:2},
					  _{x:0,y:3},
					  _{x:1,y:3},
					  _{x:2,y:3},
					  _{x:3,y:3},
					  _{x:4,y:3},
					  _{x:5,y:3},
					  _{x:0,y:4},
					  _{x:1,y:4},
					  _{x:2,y:4},
					  _{x:3,y:4},
					  _{x:4,y:4},
					  _{x:5,y:4},
					  _{x:0,y:5},
					  _{x:1,y:5},
					  _{x:2,y:5},
					  _{x:3,y:5},
					  _{x:4,y:5},
					  _{x:5,y:5}
					],
				  eat_exit:_{c:_{x:1,y:1},e:_{id:exit}},
				  eat_walls:[ _{ c:_{x:5,y:5},
						 w:_{id:wall20}
					       },
					      _{ c:_{x:4,y:5},
						 w:_{id:wall19}
					       },
					      _{ c:_{x:3,y:5},
						 w:_{id:wall18}
					       },
					      _{ c:_{x:2,y:5},
						 w:_{id:wall17}
					       },
					      _{ c:_{x:1,y:5},
						 w:_{id:wall16}
					       },
					      _{ c:_{x:0,y:5},
						 w:_{id:wall15}
					       },
					      _{ c:_{x:5,y:4},
						 w:_{id:wall14}
					       },
					      _{ c:_{x:0,y:4},
						 w:_{id:wall13}
					       },
					      _{ c:_{x:5,y:3},
						 w:_{id:wall12}
					       },
					      _{ c:_{x:0,y:3},
						 w:_{id:wall11}
					       },
					      _{ c:_{x:5,y:2},
						 w:_{id:wall10}
					       },
					      _{ c:_{x:0,y:2},
						 w:_{id:wall9}
					       },
					      _{ c:_{x:5,y:1},
						 w:_{id:wall8}
					       },
					      _{ c:_{x:0,y:1},
						 w:_{id:wall7}
					       },
					      _{ c:_{x:5,y:0},
						 w:_{id:wall6}
					       },
					      _{ c:_{x:4,y:0},
						 w:_{id:wall5}
					       },
					      _{ c:_{x:3,y:0},
						 w:_{id:wall4}
					       },
					      _{ c:_{x:2,y:0},
						 w:_{id:wall3}
					       },
					      _{ c:_{x:1,y:0},
						 w:_{id:wall2}
					       },
					      _{ c:_{x:0,y:0},
						 w:_{id:wall1}
					       }
					    ]
				},
	      certain_fluents:_{ alive:[_{id:hunter}],
				 dir:[_{d:west,h:_{id:hunter}}],
				 fat_gold:[],
				 fat_hunter:_{ c:_{x:1,y:2},
					       h:_{id:hunter}
					     },
				 game_state:running,
				 has_arrow:[ _{ a:_{id:arrow1},
						h:_{id:hunter}
					      }
					   ],
				 has_gold:[],
				 score:0,
				 visited:[ _{ from:_{x:1,y:1},
					      to:_{x:1,y:2}
					    }
					 ]
			       },
	      step:0,
	      uncertain_eternals:_{ eat_pit:[ _{ c:_{x:1,y:1},
						 p:_{id:false}
					       },
					      _{ c:_{x:2,y:1},
						 p:_{id:false}
					       },
					      _{ c:_{x:1,y:2},
						 p:_{id:false}
					       },
					      _{ c:_{x:2,y:2},
						 p:_{id:false}
					       },
					      _{ c:_{x:1,y:3},
						 p:_{id:false}
					       }
					    ],
				    eat_wumpus:[ _{ c:_{x:1,y:3},
						    w:_{id:true}
						  },
						 _{ c:_{x:2,y:2},
						    w:_{id:true}
						  },
						 _{ c:_{x:1,y:1},
						    w:_{id:false}
						  },
						 _{ c:_{x:2,y:1},
						    w:_{id:false}
						  },
						 _{ c:_{x:1,y:2},
						    w:_{id:false}
						  }
					       ]
				  },
	      uncertain_fluents:_{fatal:[]}
	    },
   percepts:[stench]
 }
La valeur de AdjSansWumpus est : [_2298{x:1,y:1}]
Cases Auth est : [_2216{x:1,y:1}]
La valeur de X est : 0
La valeur de Y est : 2
completed(4, 0.069568969, 2812, 200, ok).
/*Fri Mar  8 19:05:43 2024*/ request(5, 1709921143.969, [peer(ip(127,0,0,1)),method(put),request_uri('/action'),path('/action'),http_version(1-1),host(localhost),port(8081),connection('keep-alive'),content_length(2196),sec_ch_ua('"Chromium";v="122", "Not(A:Brand";v="24", "Brave";v="122"'),sec_ch_ua_platform('"Linux"'),sec_ch_ua_mobile('?0'),user_agent('Mozilla/5.0 (X11; Linux x86_64) AppleWebKit/537.36 (KHTML, like Gecko) Chrome/122.0.0.0 Safari/537.36'),content_type('application/json'),sec_gpc('1'),origin('http://localhost:9000'),sec_fetch_site('same-site'),sec_fetch_mode(cors),sec_fetch_dest(empty),referer('http://localhost:9000/')]).
_{ beliefs:_{ certain_eternals:_{ cells:[ _{x:0,y:0},
					  _{x:1,y:0},
					  _{x:2,y:0},
					  _{x:3,y:0},
					  _{x:4,y:0},
					  _{x:5,y:0},
					  _{x:0,y:1},
					  _{x:1,y:1},
					  _{x:2,y:1},
					  _{x:3,y:1},
					  _{x:4,y:1},
					  _{x:5,y:1},
					  _{x:0,y:2},
					  _{x:1,y:2},
					  _{x:2,y:2},
					  _{x:3,y:2},
					  _{x:4,y:2},
					  _{x:5,y:2},
					  _{x:0,y:3},
					  _{x:1,y:3},
					  _{x:2,y:3},
					  _{x:3,y:3},
					  _{x:4,y:3},
					  _{x:5,y:3},
					  _{x:0,y:4},
					  _{x:1,y:4},
					  _{x:2,y:4},
					  _{x:3,y:4},
					  _{x:4,y:4},
					  _{x:5,y:4},
					  _{x:0,y:5},
					  _{x:1,y:5},
					  _{x:2,y:5},
					  _{x:3,y:5},
					  _{x:4,y:5},
					  _{x:5,y:5}
					],
				  eat_exit:_{c:_{x:1,y:1},e:_{id:exit}},
				  eat_walls:[ _{ c:_{x:5,y:5},
						 w:_{id:wall20}
					       },
					      _{ c:_{x:4,y:5},
						 w:_{id:wall19}
					       },
					      _{ c:_{x:3,y:5},
						 w:_{id:wall18}
					       },
					      _{ c:_{x:2,y:5},
						 w:_{id:wall17}
					       },
					      _{ c:_{x:1,y:5},
						 w:_{id:wall16}
					       },
					      _{ c:_{x:0,y:5},
						 w:_{id:wall15}
					       },
					      _{ c:_{x:5,y:4},
						 w:_{id:wall14}
					       },
					      _{ c:_{x:0,y:4},
						 w:_{id:wall13}
					       },
					      _{ c:_{x:5,y:3},
						 w:_{id:wall12}
					       },
					      _{ c:_{x:0,y:3},
						 w:_{id:wall11}
					       },
					      _{ c:_{x:5,y:2},
						 w:_{id:wall10}
					       },
					      _{ c:_{x:0,y:2},
						 w:_{id:wall9}
					       },
					      _{ c:_{x:5,y:1},
						 w:_{id:wall8}
					       },
					      _{ c:_{x:0,y:1},
						 w:_{id:wall7}
					       },
					      _{ c:_{x:5,y:0},
						 w:_{id:wall6}
					       },
					      _{ c:_{x:4,y:0},
						 w:_{id:wall5}
					       },
					      _{ c:_{x:3,y:0},
						 w:_{id:wall4}
					       },
					      _{ c:_{x:2,y:0},
						 w:_{id:wall3}
					       },
					      _{ c:_{x:1,y:0},
						 w:_{id:wall2}
					       },
					      _{ c:_{x:0,y:0},
						 w:_{id:wall1}
					       }
					    ]
				},
	      certain_fluents:_{ alive:[_{id:hunter}],
				 dir:[_{d:south,h:_{id:hunter}}],
				 fat_gold:[],
				 fat_hunter:_{ c:_{x:1,y:2},
					       h:_{id:hunter}
					     },
				 game_state:running,
				 has_arrow:[ _{ a:_{id:arrow1},
						h:_{id:hunter}
					      }
					   ],
				 has_gold:[],
				 score:0,
				 visited:[ _{ from:_{x:1,y:1},
					      to:_{x:1,y:2}
					    }
					 ]
			       },
	      step:0,
	      uncertain_eternals:_{ eat_pit:[ _{ c:_{x:1,y:1},
						 p:_{id:false}
					       },
					      _{ c:_{x:2,y:1},
						 p:_{id:false}
					       },
					      _{ c:_{x:1,y:2},
						 p:_{id:false}
					       },
					      _{ c:_{x:2,y:2},
						 p:_{id:false}
					       },
					      _{ c:_{x:1,y:3},
						 p:_{id:false}
					       }
					    ],
				    eat_wumpus:[ _{ c:_{x:1,y:3},
						    w:_{id:true}
						  },
						 _{ c:_{x:2,y:2},
						    w:_{id:true}
						  },
						 _{ c:_{x:1,y:1},
						    w:_{id:false}
						  },
						 _{ c:_{x:2,y:1},
						    w:_{id:false}
						  },
						 _{ c:_{x:1,y:2},
						    w:_{id:false}
						  }
					       ]
				  },
	      uncertain_fluents:_{fatal:[]}
	    },
   percepts:[stench]
 }
La valeur de AdjSansWumpus est : [_2306{x:1,y:1}]
Cases Auth est : [_2224{x:1,y:1}]
La valeur de X est : 1
La valeur de Y est : 1
completed(5, 0.06260284499999999, 2870, 200, ok).
/*Fri Mar  8 19:05:44 2024*/ request(6, 1709921144.896, [peer(ip(127,0,0,1)),method(put),request_uri('/action'),path('/action'),http_version(1-1),host(localhost),port(8081),connection('keep-alive'),content_length(2230),sec_ch_ua('"Chromium";v="122", "Not(A:Brand";v="24", "Brave";v="122"'),sec_ch_ua_platform('"Linux"'),sec_ch_ua_mobile('?0'),user_agent('Mozilla/5.0 (X11; Linux x86_64) AppleWebKit/537.36 (KHTML, like Gecko) Chrome/122.0.0.0 Safari/537.36'),content_type('application/json'),sec_gpc('1'),origin('http://localhost:9000'),sec_fetch_site('same-site'),sec_fetch_mode(cors),sec_fetch_dest(empty),referer('http://localhost:9000/')]).
_{ beliefs:_{ certain_eternals:_{ cells:[ _{x:0,y:0},
					  _{x:1,y:0},
					  _{x:2,y:0},
					  _{x:3,y:0},
					  _{x:4,y:0},
					  _{x:5,y:0},
					  _{x:0,y:1},
					  _{x:1,y:1},
					  _{x:2,y:1},
					  _{x:3,y:1},
					  _{x:4,y:1},
					  _{x:5,y:1},
					  _{x:0,y:2},
					  _{x:1,y:2},
					  _{x:2,y:2},
					  _{x:3,y:2},
					  _{x:4,y:2},
					  _{x:5,y:2},
					  _{x:0,y:3},
					  _{x:1,y:3},
					  _{x:2,y:3},
					  _{x:3,y:3},
					  _{x:4,y:3},
					  _{x:5,y:3},
					  _{x:0,y:4},
					  _{x:1,y:4},
					  _{x:2,y:4},
					  _{x:3,y:4},
					  _{x:4,y:4},
					  _{x:5,y:4},
					  _{x:0,y:5},
					  _{x:1,y:5},
					  _{x:2,y:5},
					  _{x:3,y:5},
					  _{x:4,y:5},
					  _{x:5,y:5}
					],
				  eat_exit:_{c:_{x:1,y:1},e:_{id:exit}},
				  eat_walls:[ _{ c:_{x:5,y:5},
						 w:_{id:wall20}
					       },
					      _{ c:_{x:4,y:5},
						 w:_{id:wall19}
					       },
					      _{ c:_{x:3,y:5},
						 w:_{id:wall18}
					       },
					      _{ c:_{x:2,y:5},
						 w:_{id:wall17}
					       },
					      _{ c:_{x:1,y:5},
						 w:_{id:wall16}
					       },
					      _{ c:_{x:0,y:5},
						 w:_{id:wall15}
					       },
					      _{ c:_{x:5,y:4},
						 w:_{id:wall14}
					       },
					      _{ c:_{x:0,y:4},
						 w:_{id:wall13}
					       },
					      _{ c:_{x:5,y:3},
						 w:_{id:wall12}
					       },
					      _{ c:_{x:0,y:3},
						 w:_{id:wall11}
					       },
					      _{ c:_{x:5,y:2},
						 w:_{id:wall10}
					       },
					      _{ c:_{x:0,y:2},
						 w:_{id:wall9}
					       },
					      _{ c:_{x:5,y:1},
						 w:_{id:wall8}
					       },
					      _{ c:_{x:0,y:1},
						 w:_{id:wall7}
					       },
					      _{ c:_{x:5,y:0},
						 w:_{id:wall6}
					       },
					      _{ c:_{x:4,y:0},
						 w:_{id:wall5}
					       },
					      _{ c:_{x:3,y:0},
						 w:_{id:wall4}
					       },
					      _{ c:_{x:2,y:0},
						 w:_{id:wall3}
					       },
					      _{ c:_{x:1,y:0},
						 w:_{id:wall2}
					       },
					      _{ c:_{x:0,y:0},
						 w:_{id:wall1}
					       }
					    ]
				},
	      certain_fluents:_{ alive:[_{id:hunter}],
				 dir:[_{d:south,h:_{id:hunter}}],
				 fat_gold:[],
				 fat_hunter:_{ c:_{x:1,y:1},
					       h:_{id:hunter}
					     },
				 game_state:running,
				 has_arrow:[ _{ a:_{id:arrow1},
						h:_{id:hunter}
					      }
					   ],
				 has_gold:[],
				 score:0,
				 visited:[ _{ from:_{x:1,y:2},
					      to:_{x:1,y:1}
					    },
					   _{ from:_{x:1,y:1},
					      to:_{x:1,y:2}
					    }
					 ]
			       },
	      step:0,
	      uncertain_eternals:_{ eat_pit:[ _{ c:_{x:1,y:1},
						 p:_{id:false}
					       },
					      _{ c:_{x:2,y:1},
						 p:_{id:false}
					       },
					      _{ c:_{x:1,y:2},
						 p:_{id:false}
					       },
					      _{ c:_{x:2,y:2},
						 p:_{id:false}
					       },
					      _{ c:_{x:1,y:3},
						 p:_{id:false}
					       }
					    ],
				    eat_wumpus:[ _{ c:_{x:1,y:3},
						    w:_{id:true}
						  },
						 _{ c:_{x:2,y:2},
						    w:_{id:true}
						  },
						 _{ c:_{x:1,y:1},
						    w:_{id:false}
						  },
						 _{ c:_{x:2,y:1},
						    w:_{id:false}
						  },
						 _{ c:_{x:1,y:2},
						    w:_{id:false}
						  }
					       ]
				  },
	      uncertain_fluents:_{fatal:[]}
	    },
   percepts:[]
 }
La valeur de AdjSansWumpus est : [_2416{x:1,y:2},_2378{x:2,y:1}]
Cases Auth est : [_2378{x:2,y:1}]
La valeur de X est : 1
La valeur de Y est : 0
completed(6, 0.07018348099999999, 2857, 200, ok).
/*Fri Mar  8 19:05:46 2024*/ request(7, 1709921146.119, [peer(ip(127,0,0,1)),method(options),request_uri('/action'),path('/action'),http_version(1-1),host(localhost),port(8081),connection('keep-alive'),access_control_request_method('PUT'),access_control_request_headers('content-type'),origin('http://localhost:9000'),user_agent('Mozilla/5.0 (X11; Linux x86_64) AppleWebKit/537.36 (KHTML, like Gecko) Chrome/122.0.0.0 Safari/537.36'),sec_fetch_mode(cors),sec_fetch_site('same-site'),sec_fetch_dest(empty),referer('http://localhost:9000/')]).
completed(7, 0.005216574999999987, 0, 200, ok).
/*Fri Mar  8 19:05:46 2024*/ request(8, 1709921146.127, [peer(ip(127,0,0,1)),method(put),request_uri('/action'),path('/action'),http_version(1-1),host(localhost),port(8081),connection('keep-alive'),content_length(2229),sec_ch_ua('"Chromium";v="122", "Not(A:Brand";v="24", "Brave";v="122"'),sec_ch_ua_platform('"Linux"'),sec_ch_ua_mobile('?0'),user_agent('Mozilla/5.0 (X11; Linux x86_64) AppleWebKit/537.36 (KHTML, like Gecko) Chrome/122.0.0.0 Safari/537.36'),content_type('application/json'),sec_gpc('1'),origin('http://localhost:9000'),sec_fetch_site('same-site'),sec_fetch_mode(cors),sec_fetch_dest(empty),referer('http://localhost:9000/')]).
_{ beliefs:_{ certain_eternals:_{ cells:[ _{x:0,y:0},
					  _{x:1,y:0},
					  _{x:2,y:0},
					  _{x:3,y:0},
					  _{x:4,y:0},
					  _{x:5,y:0},
					  _{x:0,y:1},
					  _{x:1,y:1},
					  _{x:2,y:1},
					  _{x:3,y:1},
					  _{x:4,y:1},
					  _{x:5,y:1},
					  _{x:0,y:2},
					  _{x:1,y:2},
					  _{x:2,y:2},
					  _{x:3,y:2},
					  _{x:4,y:2},
					  _{x:5,y:2},
					  _{x:0,y:3},
					  _{x:1,y:3},
					  _{x:2,y:3},
					  _{x:3,y:3},
					  _{x:4,y:3},
					  _{x:5,y:3},
					  _{x:0,y:4},
					  _{x:1,y:4},
					  _{x:2,y:4},
					  _{x:3,y:4},
					  _{x:4,y:4},
					  _{x:5,y:4},
					  _{x:0,y:5},
					  _{x:1,y:5},
					  _{x:2,y:5},
					  _{x:3,y:5},
					  _{x:4,y:5},
					  _{x:5,y:5}
					],
				  eat_exit:_{c:_{x:1,y:1},e:_{id:exit}},
				  eat_walls:[ _{ c:_{x:5,y:5},
						 w:_{id:wall20}
					       },
					      _{ c:_{x:4,y:5},
						 w:_{id:wall19}
					       },
					      _{ c:_{x:3,y:5},
						 w:_{id:wall18}
					       },
					      _{ c:_{x:2,y:5},
						 w:_{id:wall17}
					       },
					      _{ c:_{x:1,y:5},
						 w:_{id:wall16}
					       },
					      _{ c:_{x:0,y:5},
						 w:_{id:wall15}
					       },
					      _{ c:_{x:5,y:4},
						 w:_{id:wall14}
					       },
					      _{ c:_{x:0,y:4},
						 w:_{id:wall13}
					       },
					      _{ c:_{x:5,y:3},
						 w:_{id:wall12}
					       },
					      _{ c:_{x:0,y:3},
						 w:_{id:wall11}
					       },
					      _{ c:_{x:5,y:2},
						 w:_{id:wall10}
					       },
					      _{ c:_{x:0,y:2},
						 w:_{id:wall9}
					       },
					      _{ c:_{x:5,y:1},
						 w:_{id:wall8}
					       },
					      _{ c:_{x:0,y:1},
						 w:_{id:wall7}
					       },
					      _{ c:_{x:5,y:0},
						 w:_{id:wall6}
					       },
					      _{ c:_{x:4,y:0},
						 w:_{id:wall5}
					       },
					      _{ c:_{x:3,y:0},
						 w:_{id:wall4}
					       },
					      _{ c:_{x:2,y:0},
						 w:_{id:wall3}
					       },
					      _{ c:_{x:1,y:0},
						 w:_{id:wall2}
					       },
					      _{ c:_{x:0,y:0},
						 w:_{id:wall1}
					       }
					    ]
				},
	      certain_fluents:_{ alive:[_{id:hunter}],
				 dir:[_{d:east,h:_{id:hunter}}],
				 fat_gold:[],
				 fat_hunter:_{ c:_{x:1,y:1},
					       h:_{id:hunter}
					     },
				 game_state:running,
				 has_arrow:[ _{ a:_{id:arrow1},
						h:_{id:hunter}
					      }
					   ],
				 has_gold:[],
				 score:0,
				 visited:[ _{ from:_{x:1,y:2},
					      to:_{x:1,y:1}
					    },
					   _{ from:_{x:1,y:1},
					      to:_{x:1,y:2}
					    }
					 ]
			       },
	      step:0,
	      uncertain_eternals:_{ eat_pit:[ _{ c:_{x:1,y:1},
						 p:_{id:false}
					       },
					      _{ c:_{x:2,y:1},
						 p:_{id:false}
					       },
					      _{ c:_{x:1,y:2},
						 p:_{id:false}
					       },
					      _{ c:_{x:2,y:2},
						 p:_{id:false}
					       },
					      _{ c:_{x:1,y:3},
						 p:_{id:false}
					       }
					    ],
				    eat_wumpus:[ _{ c:_{x:1,y:3},
						    w:_{id:true}
						  },
						 _{ c:_{x:2,y:2},
						    w:_{id:true}
						  },
						 _{ c:_{x:1,y:1},
						    w:_{id:false}
						  },
						 _{ c:_{x:2,y:1},
						    w:_{id:false}
						  },
						 _{ c:_{x:1,y:2},
						    w:_{id:false}
						  }
					       ]
				  },
	      uncertain_fluents:_{fatal:[]}
	    },
   percepts:[]
 }
La valeur de AdjSansWumpus est : [_2416{x:1,y:2},_2378{x:2,y:1}]
Cases Auth est : [_2378{x:2,y:1}]
La valeur de X est : 2
La valeur de Y est : 1
completed(8, 0.056451170999999994, 2911, 200, ok).
/*Fri Mar  8 19:05:47 2024*/ request(9, 1709921147.193, [peer(ip(127,0,0,1)),method(put),request_uri('/action'),path('/action'),http_version(1-1),host(localhost),port(8081),connection('keep-alive'),content_length(2279),sec_ch_ua('"Chromium";v="122", "Not(A:Brand";v="24", "Brave";v="122"'),sec_ch_ua_platform('"Linux"'),sec_ch_ua_mobile('?0'),user_agent('Mozilla/5.0 (X11; Linux x86_64) AppleWebKit/537.36 (KHTML, like Gecko) Chrome/122.0.0.0 Safari/537.36'),content_type('application/json'),sec_gpc('1'),origin('http://localhost:9000'),sec_fetch_site('same-site'),sec_fetch_mode(cors),sec_fetch_dest(empty),referer('http://localhost:9000/')]).
_{ beliefs:_{ certain_eternals:_{ cells:[ _{x:0,y:0},
					  _{x:1,y:0},
					  _{x:2,y:0},
					  _{x:3,y:0},
					  _{x:4,y:0},
					  _{x:5,y:0},
					  _{x:0,y:1},
					  _{x:1,y:1},
					  _{x:2,y:1},
					  _{x:3,y:1},
					  _{x:4,y:1},
					  _{x:5,y:1},
					  _{x:0,y:2},
					  _{x:1,y:2},
					  _{x:2,y:2},
					  _{x:3,y:2},
					  _{x:4,y:2},
					  _{x:5,y:2},
					  _{x:0,y:3},
					  _{x:1,y:3},
					  _{x:2,y:3},
					  _{x:3,y:3},
					  _{x:4,y:3},
					  _{x:5,y:3},
					  _{x:0,y:4},
					  _{x:1,y:4},
					  _{x:2,y:4},
					  _{x:3,y:4},
					  _{x:4,y:4},
					  _{x:5,y:4},
					  _{x:0,y:5},
					  _{x:1,y:5},
					  _{x:2,y:5},
					  _{x:3,y:5},
					  _{x:4,y:5},
					  _{x:5,y:5}
					],
				  eat_exit:_{c:_{x:1,y:1},e:_{id:exit}},
				  eat_walls:[ _{ c:_{x:5,y:5},
						 w:_{id:wall20}
					       },
					      _{ c:_{x:4,y:5},
						 w:_{id:wall19}
					       },
					      _{ c:_{x:3,y:5},
						 w:_{id:wall18}
					       },
					      _{ c:_{x:2,y:5},
						 w:_{id:wall17}
					       },
					      _{ c:_{x:1,y:5},
						 w:_{id:wall16}
					       },
					      _{ c:_{x:0,y:5},
						 w:_{id:wall15}
					       },
					      _{ c:_{x:5,y:4},
						 w:_{id:wall14}
					       },
					      _{ c:_{x:0,y:4},
						 w:_{id:wall13}
					       },
					      _{ c:_{x:5,y:3},
						 w:_{id:wall12}
					       },
					      _{ c:_{x:0,y:3},
						 w:_{id:wall11}
					       },
					      _{ c:_{x:5,y:2},
						 w:_{id:wall10}
					       },
					      _{ c:_{x:0,y:2},
						 w:_{id:wall9}
					       },
					      _{ c:_{x:5,y:1},
						 w:_{id:wall8}
					       },
					      _{ c:_{x:0,y:1},
						 w:_{id:wall7}
					       },
					      _{ c:_{x:5,y:0},
						 w:_{id:wall6}
					       },
					      _{ c:_{x:4,y:0},
						 w:_{id:wall5}
					       },
					      _{ c:_{x:3,y:0},
						 w:_{id:wall4}
					       },
					      _{ c:_{x:2,y:0},
						 w:_{id:wall3}
					       },
					      _{ c:_{x:1,y:0},
						 w:_{id:wall2}
					       },
					      _{ c:_{x:0,y:0},
						 w:_{id:wall1}
					       }
					    ]
				},
	      certain_fluents:_{ alive:[_{id:hunter}],
				 dir:[_{d:east,h:_{id:hunter}}],
				 fat_gold:[],
				 fat_hunter:_{ c:_{x:2,y:1},
					       h:_{id:hunter}
					     },
				 game_state:running,
				 has_arrow:[ _{ a:_{id:arrow1},
						h:_{id:hunter}
					      }
					   ],
				 has_gold:[],
				 score:0,
				 visited:[ _{ from:_{x:1,y:1},
					      to:_{x:2,y:1}
					    },
					   _{ from:_{x:1,y:2},
					      to:_{x:1,y:1}
					    },
					   _{ from:_{x:1,y:1},
					      to:_{x:1,y:2}
					    }
					 ]
			       },
	      step:0,
	      uncertain_eternals:_{ eat_pit:[ _{ c:_{x:1,y:1},
						 p:_{id:false}
					       },
					      _{ c:_{x:2,y:1},
						 p:_{id:false}
					       },
					      _{ c:_{x:1,y:2},
						 p:_{id:false}
					       },
					      _{ c:_{x:2,y:2},
						 p:_{id:false}
					       },
					      _{ c:_{x:1,y:3},
						 p:_{id:false}
					       }
					    ],
				    eat_wumpus:[ _{ c:_{x:1,y:3},
						    w:_{id:true}
						  },
						 _{ c:_{x:2,y:2},
						    w:_{id:true}
						  },
						 _{ c:_{x:1,y:1},
						    w:_{id:false}
						  },
						 _{ c:_{x:2,y:1},
						    w:_{id:false}
						  },
						 _{ c:_{x:1,y:2},
						    w:_{id:false}
						  }
					       ]
				  },
	      uncertain_fluents:_{fatal:[]}
	    },
   percepts:[breeze]
 }
La valeur de AdjSansWumpus est : [_2504{x:2,y:2},_2390{x:1,y:1}]
Cases Auth est : [_2504{x:2,y:2}]
La valeur de X est : 3
La valeur de Y est : 1
completed(9, 0.073024649, 3008, 200, ok).
/*Fri Mar  8 19:05:48 2024*/ request(10, 1709921148.392, [peer(ip(127,0,0,1)),method(put),request_uri('/action'),path('/action'),http_version(1-1),host(localhost),port(8081),connection('keep-alive'),content_length(2354),sec_ch_ua('"Chromium";v="122", "Not(A:Brand";v="24", "Brave";v="122"'),sec_ch_ua_platform('"Linux"'),sec_ch_ua_mobile('?0'),user_agent('Mozilla/5.0 (X11; Linux x86_64) AppleWebKit/537.36 (KHTML, like Gecko) Chrome/122.0.0.0 Safari/537.36'),content_type('application/json'),sec_gpc('1'),origin('http://localhost:9000'),sec_fetch_site('same-site'),sec_fetch_mode(cors),sec_fetch_dest(empty),referer('http://localhost:9000/')]).
_{ beliefs:_{ certain_eternals:_{ cells:[ _{x:0,y:0},
					  _{x:1,y:0},
					  _{x:2,y:0},
					  _{x:3,y:0},
					  _{x:4,y:0},
					  _{x:5,y:0},
					  _{x:0,y:1},
					  _{x:1,y:1},
					  _{x:2,y:1},
					  _{x:3,y:1},
					  _{x:4,y:1},
					  _{x:5,y:1},
					  _{x:0,y:2},
					  _{x:1,y:2},
					  _{x:2,y:2},
					  _{x:3,y:2},
					  _{x:4,y:2},
					  _{x:5,y:2},
					  _{x:0,y:3},
					  _{x:1,y:3},
					  _{x:2,y:3},
					  _{x:3,y:3},
					  _{x:4,y:3},
					  _{x:5,y:3},
					  _{x:0,y:4},
					  _{x:1,y:4},
					  _{x:2,y:4},
					  _{x:3,y:4},
					  _{x:4,y:4},
					  _{x:5,y:4},
					  _{x:0,y:5},
					  _{x:1,y:5},
					  _{x:2,y:5},
					  _{x:3,y:5},
					  _{x:4,y:5},
					  _{x:5,y:5}
					],
				  eat_exit:_{c:_{x:1,y:1},e:_{id:exit}},
				  eat_walls:[ _{ c:_{x:5,y:5},
						 w:_{id:wall20}
					       },
					      _{ c:_{x:4,y:5},
						 w:_{id:wall19}
					       },
					      _{ c:_{x:3,y:5},
						 w:_{id:wall18}
					       },
					      _{ c:_{x:2,y:5},
						 w:_{id:wall17}
					       },
					      _{ c:_{x:1,y:5},
						 w:_{id:wall16}
					       },
					      _{ c:_{x:0,y:5},
						 w:_{id:wall15}
					       },
					      _{ c:_{x:5,y:4},
						 w:_{id:wall14}
					       },
					      _{ c:_{x:0,y:4},
						 w:_{id:wall13}
					       },
					      _{ c:_{x:5,y:3},
						 w:_{id:wall12}
					       },
					      _{ c:_{x:0,y:3},
						 w:_{id:wall11}
					       },
					      _{ c:_{x:5,y:2},
						 w:_{id:wall10}
					       },
					      _{ c:_{x:0,y:2},
						 w:_{id:wall9}
					       },
					      _{ c:_{x:5,y:1},
						 w:_{id:wall8}
					       },
					      _{ c:_{x:0,y:1},
						 w:_{id:wall7}
					       },
					      _{ c:_{x:5,y:0},
						 w:_{id:wall6}
					       },
					      _{ c:_{x:4,y:0},
						 w:_{id:wall5}
					       },
					      _{ c:_{x:3,y:0},
						 w:_{id:wall4}
					       },
					      _{ c:_{x:2,y:0},
						 w:_{id:wall3}
					       },
					      _{ c:_{x:1,y:0},
						 w:_{id:wall2}
					       },
					      _{ c:_{x:0,y:0},
						 w:_{id:wall1}
					       }
					    ]
				},
	      certain_fluents:_{ alive:[_{id:hunter}],
				 dir:[_{d:north,h:_{id:hunter}}],
				 fat_gold:[],
				 fat_hunter:_{ c:_{x:2,y:1},
					       h:_{id:hunter}
					     },
				 game_state:running,
				 has_arrow:[ _{ a:_{id:arrow1},
						h:_{id:hunter}
					      }
					   ],
				 has_gold:[],
				 score:0,
				 visited:[ _{ from:_{x:1,y:1},
					      to:_{x:2,y:1}
					    },
					   _{ from:_{x:1,y:2},
					      to:_{x:1,y:1}
					    },
					   _{ from:_{x:1,y:1},
					      to:_{x:1,y:2}
					    }
					 ]
			       },
	      step:0,
	      uncertain_eternals:_{ eat_pit:[ _{ c:_{x:3,y:1},
						 p:_{id:true}
					       },
					      _{ c:_{x:1,y:1},
						 p:_{id:false}
					       },
					      _{ c:_{x:2,y:1},
						 p:_{id:false}
					       },
					      _{ c:_{x:1,y:2},
						 p:_{id:false}
					       },
					      _{ c:_{x:2,y:2},
						 p:_{id:false}
					       },
					      _{ c:_{x:1,y:3},
						 p:_{id:false}
					       }
					    ],
				    eat_wumpus:[ _{ c:_{x:1,y:3},
						    w:_{id:true}
						  },
						 _{ c:_{x:1,y:1},
						    w:_{id:false}
						  },
						 _{ c:_{x:2,y:1},
						    w:_{id:false}
						  },
						 _{ c:_{x:1,y:2},
						    w:_{id:false}
						  },
						 _{ c:_{x:3,y:1},
						    w:_{id:false}
						  },
						 _{ c:_{x:2,y:2},
						    w:_{id:false}
						  }
					       ]
				  },
	      uncertain_fluents:_{fatal:[]}
	    },
   percepts:[breeze]
 }
La valeur de AdjSansWumpus est : [_2534{x:2,y:2},_2420{x:1,y:1}]
Cases Auth est : [_2534{x:2,y:2}]
La valeur de X est : 2
La valeur de Y est : 2
completed(10, 0.062320274, 3062, 200, ok).
/*Fri Mar  8 19:05:49 2024*/ request(11, 1709921149.359, [peer(ip(127,0,0,1)),method(put),request_uri('/action'),path('/action'),http_version(1-1),host(localhost),port(8081),connection('keep-alive'),content_length(2388),sec_ch_ua('"Chromium";v="122", "Not(A:Brand";v="24", "Brave";v="122"'),sec_ch_ua_platform('"Linux"'),sec_ch_ua_mobile('?0'),user_agent('Mozilla/5.0 (X11; Linux x86_64) AppleWebKit/537.36 (KHTML, like Gecko) Chrome/122.0.0.0 Safari/537.36'),content_type('application/json'),sec_gpc('1'),origin('http://localhost:9000'),sec_fetch_site('same-site'),sec_fetch_mode(cors),sec_fetch_dest(empty),referer('http://localhost:9000/')]).
_{ beliefs:_{ certain_eternals:_{ cells:[ _{x:0,y:0},
					  _{x:1,y:0},
					  _{x:2,y:0},
					  _{x:3,y:0},
					  _{x:4,y:0},
					  _{x:5,y:0},
					  _{x:0,y:1},
					  _{x:1,y:1},
					  _{x:2,y:1},
					  _{x:3,y:1},
					  _{x:4,y:1},
					  _{x:5,y:1},
					  _{x:0,y:2},
					  _{x:1,y:2},
					  _{x:2,y:2},
					  _{x:3,y:2},
					  _{x:4,y:2},
					  _{x:5,y:2},
					  _{x:0,y:3},
					  _{x:1,y:3},
					  _{x:2,y:3},
					  _{x:3,y:3},
					  _{x:4,y:3},
					  _{x:5,y:3},
					  _{x:0,y:4},
					  _{x:1,y:4},
					  _{x:2,y:4},
					  _{x:3,y:4},
					  _{x:4,y:4},
					  _{x:5,y:4},
					  _{x:0,y:5},
					  _{x:1,y:5},
					  _{x:2,y:5},
					  _{x:3,y:5},
					  _{x:4,y:5},
					  _{x:5,y:5}
					],
				  eat_exit:_{c:_{x:1,y:1},e:_{id:exit}},
				  eat_walls:[ _{ c:_{x:5,y:5},
						 w:_{id:wall20}
					       },
					      _{ c:_{x:4,y:5},
						 w:_{id:wall19}
					       },
					      _{ c:_{x:3,y:5},
						 w:_{id:wall18}
					       },
					      _{ c:_{x:2,y:5},
						 w:_{id:wall17}
					       },
					      _{ c:_{x:1,y:5},
						 w:_{id:wall16}
					       },
					      _{ c:_{x:0,y:5},
						 w:_{id:wall15}
					       },
					      _{ c:_{x:5,y:4},
						 w:_{id:wall14}
					       },
					      _{ c:_{x:0,y:4},
						 w:_{id:wall13}
					       },
					      _{ c:_{x:5,y:3},
						 w:_{id:wall12}
					       },
					      _{ c:_{x:0,y:3},
						 w:_{id:wall11}
					       },
					      _{ c:_{x:5,y:2},
						 w:_{id:wall10}
					       },
					      _{ c:_{x:0,y:2},
						 w:_{id:wall9}
					       },
					      _{ c:_{x:5,y:1},
						 w:_{id:wall8}
					       },
					      _{ c:_{x:0,y:1},
						 w:_{id:wall7}
					       },
					      _{ c:_{x:5,y:0},
						 w:_{id:wall6}
					       },
					      _{ c:_{x:4,y:0},
						 w:_{id:wall5}
					       },
					      _{ c:_{x:3,y:0},
						 w:_{id:wall4}
					       },
					      _{ c:_{x:2,y:0},
						 w:_{id:wall3}
					       },
					      _{ c:_{x:1,y:0},
						 w:_{id:wall2}
					       },
					      _{ c:_{x:0,y:0},
						 w:_{id:wall1}
					       }
					    ]
				},
	      certain_fluents:_{ alive:[_{id:hunter}],
				 dir:[_{d:north,h:_{id:hunter}}],
				 fat_gold:[],
				 fat_hunter:_{ c:_{x:2,y:2},
					       h:_{id:hunter}
					     },
				 game_state:running,
				 has_arrow:[ _{ a:_{id:arrow1},
						h:_{id:hunter}
					      }
					   ],
				 has_gold:[],
				 score:0,
				 visited:[ _{ from:_{x:2,y:1},
					      to:_{x:2,y:2}
					    },
					   _{ from:_{x:1,y:1},
					      to:_{x:2,y:1}
					    },
					   _{ from:_{x:1,y:2},
					      to:_{x:1,y:1}
					    },
					   _{ from:_{x:1,y:1},
					      to:_{x:1,y:2}
					    }
					 ]
			       },
	      step:0,
	      uncertain_eternals:_{ eat_pit:[ _{ c:_{x:3,y:1},
						 p:_{id:true}
					       },
					      _{ c:_{x:1,y:1},
						 p:_{id:false}
					       },
					      _{ c:_{x:2,y:1},
						 p:_{id:false}
					       },
					      _{ c:_{x:1,y:2},
						 p:_{id:false}
					       },
					      _{ c:_{x:2,y:2},
						 p:_{id:false}
					       },
					      _{ c:_{x:1,y:3},
						 p:_{id:false}
					       }
					    ],
				    eat_wumpus:[ _{ c:_{x:1,y:3},
						    w:_{id:true}
						  },
						 _{ c:_{x:1,y:1},
						    w:_{id:false}
						  },
						 _{ c:_{x:2,y:1},
						    w:_{id:false}
						  },
						 _{ c:_{x:1,y:2},
						    w:_{id:false}
						  },
						 _{ c:_{x:3,y:1},
						    w:_{id:false}
						  },
						 _{ c:_{x:2,y:2},
						    w:_{id:false}
						  }
					       ]
				  },
	      uncertain_fluents:_{fatal:[]}
	    },
   percepts:[]
 }
La valeur de AdjSansWumpus est : [_13594{x:2,y:3},_13612{x:3,y:2},_2546{x:1,y:2},_2508{x:2,y:1}]
Cases Auth est : [_13612{x:3,y:2},_13594{x:2,y:3}]
La valeur de X est : 2
La valeur de Y est : 3
completed(11, 0.06980779300000003, 3284, 200, ok).
/*Fri Mar  8 19:05:50 2024*/ request(12, 1709921150.357, [peer(ip(127,0,0,1)),method(put),request_uri('/action'),path('/action'),http_version(1-1),host(localhost),port(8081),connection('keep-alive'),content_length(2605),sec_ch_ua('"Chromium";v="122", "Not(A:Brand";v="24", "Brave";v="122"'),sec_ch_ua_platform('"Linux"'),sec_ch_ua_mobile('?0'),user_agent('Mozilla/5.0 (X11; Linux x86_64) AppleWebKit/537.36 (KHTML, like Gecko) Chrome/122.0.0.0 Safari/537.36'),content_type('application/json'),sec_gpc('1'),origin('http://localhost:9000'),sec_fetch_site('same-site'),sec_fetch_mode(cors),sec_fetch_dest(empty),referer('http://localhost:9000/')]).
_{ beliefs:_{ certain_eternals:_{ cells:[ _{x:0,y:0},
					  _{x:1,y:0},
					  _{x:2,y:0},
					  _{x:3,y:0},
					  _{x:4,y:0},
					  _{x:5,y:0},
					  _{x:0,y:1},
					  _{x:1,y:1},
					  _{x:2,y:1},
					  _{x:3,y:1},
					  _{x:4,y:1},
					  _{x:5,y:1},
					  _{x:0,y:2},
					  _{x:1,y:2},
					  _{x:2,y:2},
					  _{x:3,y:2},
					  _{x:4,y:2},
					  _{x:5,y:2},
					  _{x:0,y:3},
					  _{x:1,y:3},
					  _{x:2,y:3},
					  _{x:3,y:3},
					  _{x:4,y:3},
					  _{x:5,y:3},
					  _{x:0,y:4},
					  _{x:1,y:4},
					  _{x:2,y:4},
					  _{x:3,y:4},
					  _{x:4,y:4},
					  _{x:5,y:4},
					  _{x:0,y:5},
					  _{x:1,y:5},
					  _{x:2,y:5},
					  _{x:3,y:5},
					  _{x:4,y:5},
					  _{x:5,y:5}
					],
				  eat_exit:_{c:_{x:1,y:1},e:_{id:exit}},
				  eat_walls:[ _{ c:_{x:5,y:5},
						 w:_{id:wall20}
					       },
					      _{ c:_{x:4,y:5},
						 w:_{id:wall19}
					       },
					      _{ c:_{x:3,y:5},
						 w:_{id:wall18}
					       },
					      _{ c:_{x:2,y:5},
						 w:_{id:wall17}
					       },
					      _{ c:_{x:1,y:5},
						 w:_{id:wall16}
					       },
					      _{ c:_{x:0,y:5},
						 w:_{id:wall15}
					       },
					      _{ c:_{x:5,y:4},
						 w:_{id:wall14}
					       },
					      _{ c:_{x:0,y:4},
						 w:_{id:wall13}
					       },
					      _{ c:_{x:5,y:3},
						 w:_{id:wall12}
					       },
					      _{ c:_{x:0,y:3},
						 w:_{id:wall11}
					       },
					      _{ c:_{x:5,y:2},
						 w:_{id:wall10}
					       },
					      _{ c:_{x:0,y:2},
						 w:_{id:wall9}
					       },
					      _{ c:_{x:5,y:1},
						 w:_{id:wall8}
					       },
					      _{ c:_{x:0,y:1},
						 w:_{id:wall7}
					       },
					      _{ c:_{x:5,y:0},
						 w:_{id:wall6}
					       },
					      _{ c:_{x:4,y:0},
						 w:_{id:wall5}
					       },
					      _{ c:_{x:3,y:0},
						 w:_{id:wall4}
					       },
					      _{ c:_{x:2,y:0},
						 w:_{id:wall3}
					       },
					      _{ c:_{x:1,y:0},
						 w:_{id:wall2}
					       },
					      _{ c:_{x:0,y:0},
						 w:_{id:wall1}
					       }
					    ]
				},
	      certain_fluents:_{ alive:[_{id:hunter}],
				 dir:[_{d:north,h:_{id:hunter}}],
				 fat_gold:[],
				 fat_hunter:_{ c:_{x:2,y:3},
					       h:_{id:hunter}
					     },
				 game_state:running,
				 has_arrow:[ _{ a:_{id:arrow1},
						h:_{id:hunter}
					      }
					   ],
				 has_gold:[],
				 score:0,
				 visited:[ _{ from:_{x:2,y:2},
					      to:_{x:2,y:3}
					    },
					   _{ from:_{x:2,y:1},
					      to:_{x:2,y:2}
					    },
					   _{ from:_{x:1,y:1},
					      to:_{x:2,y:1}
					    },
					   _{ from:_{x:1,y:2},
					      to:_{x:1,y:1}
					    },
					   _{ from:_{x:1,y:1},
					      to:_{x:1,y:2}
					    }
					 ]
			       },
	      step:0,
	      uncertain_eternals:_{ eat_pit:[ _{ c:_{x:3,y:1},
						 p:_{id:true}
					       },
					      _{ c:_{x:1,y:1},
						 p:_{id:false}
					       },
					      _{ c:_{x:2,y:1},
						 p:_{id:false}
					       },
					      _{ c:_{x:1,y:2},
						 p:_{id:false}
					       },
					      _{ c:_{x:2,y:2},
						 p:_{id:false}
					       },
					      _{ c:_{x:1,y:3},
						 p:_{id:false}
					       },
					      _{ c:_{x:3,y:2},
						 p:_{id:false}
					       },
					      _{ c:_{x:2,y:3},
						 p:_{id:false}
					       }
					    ],
				    eat_wumpus:[ _{ c:_{x:1,y:3},
						    w:_{id:true}
						  },
						 _{ c:_{x:1,y:1},
						    w:_{id:false}
						  },
						 _{ c:_{x:2,y:1},
						    w:_{id:false}
						  },
						 _{ c:_{x:1,y:2},
						    w:_{id:false}
						  },
						 _{ c:_{x:3,y:1},
						    w:_{id:false}
						  },
						 _{ c:_{x:2,y:2},
						    w:_{id:false}
						  },
						 _{ c:_{x:3,y:2},
						    w:_{id:false}
						  },
						 _{ c:_{x:2,y:3},
						    w:_{id:false}
						  }
					       ]
				  },
	      uncertain_fluents:_{fatal:[]}
	    },
   percepts:[glitter,breeze,stench]
 }
completed(12, 0.063641635, 3488, 200, ok).
/*Fri Mar  8 19:05:51 2024*/ request(13, 1709921151.559, [peer(ip(127,0,0,1)),method(options),request_uri('/action'),path('/action'),http_version(1-1),host(localhost),port(8081),connection('keep-alive'),access_control_request_method('PUT'),access_control_request_headers('content-type'),origin('http://localhost:9000'),user_agent('Mozilla/5.0 (X11; Linux x86_64) AppleWebKit/537.36 (KHTML, like Gecko) Chrome/122.0.0.0 Safari/537.36'),sec_fetch_mode(cors),sec_fetch_site('same-site'),sec_fetch_dest(empty),referer('http://localhost:9000/')]).
completed(13, 0.0045368470000000105, 0, 200, ok).
/*Fri Mar  8 19:05:51 2024*/ request(14, 1709921151.570, [peer(ip(127,0,0,1)),method(put),request_uri('/action'),path('/action'),http_version(1-1),host(localhost),port(8081),connection('keep-alive'),content_length(2741),sec_ch_ua('"Chromium";v="122", "Not(A:Brand";v="24", "Brave";v="122"'),sec_ch_ua_platform('"Linux"'),sec_ch_ua_mobile('?0'),user_agent('Mozilla/5.0 (X11; Linux x86_64) AppleWebKit/537.36 (KHTML, like Gecko) Chrome/122.0.0.0 Safari/537.36'),content_type('application/json'),sec_gpc('1'),origin('http://localhost:9000'),sec_fetch_site('same-site'),sec_fetch_mode(cors),sec_fetch_dest(empty),referer('http://localhost:9000/')]).
_{ beliefs:_{ certain_eternals:_{ cells:[ _{x:0,y:0},
					  _{x:1,y:0},
					  _{x:2,y:0},
					  _{x:3,y:0},
					  _{x:4,y:0},
					  _{x:5,y:0},
					  _{x:0,y:1},
					  _{x:1,y:1},
					  _{x:2,y:1},
					  _{x:3,y:1},
					  _{x:4,y:1},
					  _{x:5,y:1},
					  _{x:0,y:2},
					  _{x:1,y:2},
					  _{x:2,y:2},
					  _{x:3,y:2},
					  _{x:4,y:2},
					  _{x:5,y:2},
					  _{x:0,y:3},
					  _{x:1,y:3},
					  _{x:2,y:3},
					  _{x:3,y:3},
					  _{x:4,y:3},
					  _{x:5,y:3},
					  _{x:0,y:4},
					  _{x:1,y:4},
					  _{x:2,y:4},
					  _{x:3,y:4},
					  _{x:4,y:4},
					  _{x:5,y:4},
					  _{x:0,y:5},
					  _{x:1,y:5},
					  _{x:2,y:5},
					  _{x:3,y:5},
					  _{x:4,y:5},
					  _{x:5,y:5}
					],
				  eat_exit:_{c:_{x:1,y:1},e:_{id:exit}},
				  eat_walls:[ _{ c:_{x:5,y:5},
						 w:_{id:wall20}
					       },
					      _{ c:_{x:4,y:5},
						 w:_{id:wall19}
					       },
					      _{ c:_{x:3,y:5},
						 w:_{id:wall18}
					       },
					      _{ c:_{x:2,y:5},
						 w:_{id:wall17}
					       },
					      _{ c:_{x:1,y:5},
						 w:_{id:wall16}
					       },
					      _{ c:_{x:0,y:5},
						 w:_{id:wall15}
					       },
					      _{ c:_{x:5,y:4},
						 w:_{id:wall14}
					       },
					      _{ c:_{x:0,y:4},
						 w:_{id:wall13}
					       },
					      _{ c:_{x:5,y:3},
						 w:_{id:wall12}
					       },
					      _{ c:_{x:0,y:3},
						 w:_{id:wall11}
					       },
					      _{ c:_{x:5,y:2},
						 w:_{id:wall10}
					       },
					      _{ c:_{x:0,y:2},
						 w:_{id:wall9}
					       },
					      _{ c:_{x:5,y:1},
						 w:_{id:wall8}
					       },
					      _{ c:_{x:0,y:1},
						 w:_{id:wall7}
					       },
					      _{ c:_{x:5,y:0},
						 w:_{id:wall6}
					       },
					      _{ c:_{x:4,y:0},
						 w:_{id:wall5}
					       },
					      _{ c:_{x:3,y:0},
						 w:_{id:wall4}
					       },
					      _{ c:_{x:2,y:0},
						 w:_{id:wall3}
					       },
					      _{ c:_{x:1,y:0},
						 w:_{id:wall2}
					       },
					      _{ c:_{x:0,y:0},
						 w:_{id:wall1}
					       }
					    ]
				},
	      certain_fluents:_{ alive:[_{id:hunter}],
				 dir:[_{d:north,h:_{id:hunter}}],
				 fat_gold:[],
				 fat_hunter:_{ c:_{x:2,y:3},
					       h:_{id:hunter}
					     },
				 game_state:running,
				 has_arrow:[ _{ a:_{id:arrow1},
						h:_{id:hunter}
					      }
					   ],
				 has_gold:true,
				 score:0,
				 visited:[ _{ from:_{x:2,y:2},
					      to:_{x:2,y:3}
					    },
					   _{ from:_{x:2,y:1},
					      to:_{x:2,y:2}
					    },
					   _{ from:_{x:1,y:1},
					      to:_{x:2,y:1}
					    },
					   _{ from:_{x:1,y:2},
					      to:_{x:1,y:1}
					    },
					   _{ from:_{x:1,y:1},
					      to:_{x:1,y:2}
					    }
					 ]
			       },
	      step:0,
	      uncertain_eternals:_{ eat_pit:[ _{ c:_{x:3,y:1},
						 p:_{id:true}
					       },
					      _{ c:_{x:2,y:4},
						 p:_{id:true}
					       },
					      _{ c:_{x:3,y:3},
						 p:_{id:true}
					       },
					      _{ c:_{x:1,y:1},
						 p:_{id:false}
					       },
					      _{ c:_{x:2,y:1},
						 p:_{id:false}
					       },
					      _{ c:_{x:1,y:2},
						 p:_{id:false}
					       },
					      _{ c:_{x:2,y:2},
						 p:_{id:false}
					       },
					      _{ c:_{x:1,y:3},
						 p:_{id:false}
					       },
					      _{ c:_{x:3,y:2},
						 p:_{id:false}
					       },
					      _{ c:_{x:2,y:3},
						 p:_{id:false}
					       }
					    ],
				    eat_wumpus:[ _{ c:_{x:1,y:3},
						    w:_{id:true}
						  },
						 _{ c:_{x:2,y:4},
						    w:_{id:true}
						  },
						 _{ c:_{x:3,y:3},
						    w:_{id:true}
						  },
						 _{ c:_{x:1,y:1},
						    w:_{id:false}
						  },
						 _{ c:_{x:2,y:1},
						    w:_{id:false}
						  },
						 _{ c:_{x:1,y:2},
						    w:_{id:false}
						  },
						 _{ c:_{x:3,y:1},
						    w:_{id:false}
						  },
						 _{ c:_{x:2,y:2},
						    w:_{id:false}
						  },
						 _{ c:_{x:3,y:2},
						    w:_{id:false}
						  },
						 _{ c:_{x:2,y:3},
						    w:_{id:false}
						  }
					       ]
				  },
	      uncertain_fluents:_{fatal:[]}
	    },
   percepts:[breeze,stench]
 }
server(error, 1709921152).
server(started, 1709921218).
/*Fri Mar  8 19:07:01 2024*/ request(1, 1709921221.523, [peer(ip(127,0,0,1)),method(options),request_uri('/action'),path('/action'),http_version(1-1),host(localhost),port(8081),connection('keep-alive'),access_control_request_method('PUT'),access_control_request_headers('content-type'),origin('http://localhost:9000'),user_agent('Mozilla/5.0 (X11; Linux x86_64) AppleWebKit/537.36 (KHTML, like Gecko) Chrome/122.0.0.0 Safari/537.36'),sec_fetch_mode(cors),sec_fetch_site('same-site'),sec_fetch_dest(empty),referer('http://localhost:9000/')]).
completed(1, 0.041172432, 0, 200, ok).
/*Fri Mar  8 19:07:01 2024*/ request(2, 1709921221.533, [peer(ip(127,0,0,1)),method(put),request_uri('/action'),path('/action'),http_version(1-1),host(localhost),port(8081),connection('keep-alive'),content_length(1781),sec_ch_ua('"Chromium";v="122", "Not(A:Brand";v="24", "Brave";v="122"'),sec_ch_ua_platform('"Linux"'),sec_ch_ua_mobile('?0'),user_agent('Mozilla/5.0 (X11; Linux x86_64) AppleWebKit/537.36 (KHTML, like Gecko) Chrome/122.0.0.0 Safari/537.36'),content_type('application/json'),sec_gpc('1'),origin('http://localhost:9000'),sec_fetch_site('same-site'),sec_fetch_mode(cors),sec_fetch_dest(empty),referer('http://localhost:9000/')]).
_{ beliefs:_{ certain_eternals:_{ cells:[ _{x:0,y:0},
					  _{x:1,y:0},
					  _{x:2,y:0},
					  _{x:3,y:0},
					  _{x:4,y:0},
					  _{x:5,y:0},
					  _{x:0,y:1},
					  _{x:1,y:1},
					  _{x:2,y:1},
					  _{x:3,y:1},
					  _{x:4,y:1},
					  _{x:5,y:1},
					  _{x:0,y:2},
					  _{x:1,y:2},
					  _{x:2,y:2},
					  _{x:3,y:2},
					  _{x:4,y:2},
					  _{x:5,y:2},
					  _{x:0,y:3},
					  _{x:1,y:3},
					  _{x:2,y:3},
					  _{x:3,y:3},
					  _{x:4,y:3},
					  _{x:5,y:3},
					  _{x:0,y:4},
					  _{x:1,y:4},
					  _{x:2,y:4},
					  _{x:3,y:4},
					  _{x:4,y:4},
					  _{x:5,y:4},
					  _{x:0,y:5},
					  _{x:1,y:5},
					  _{x:2,y:5},
					  _{x:3,y:5},
					  _{x:4,y:5},
					  _{x:5,y:5}
					],
				  eat_exit:_{c:_{x:1,y:1},e:_{id:exit}},
				  eat_walls:[ _{ c:_{x:5,y:5},
						 w:_{id:wall20}
					       },
					      _{ c:_{x:4,y:5},
						 w:_{id:wall19}
					       },
					      _{ c:_{x:3,y:5},
						 w:_{id:wall18}
					       },
					      _{ c:_{x:2,y:5},
						 w:_{id:wall17}
					       },
					      _{ c:_{x:1,y:5},
						 w:_{id:wall16}
					       },
					      _{ c:_{x:0,y:5},
						 w:_{id:wall15}
					       },
					      _{ c:_{x:5,y:4},
						 w:_{id:wall14}
					       },
					      _{ c:_{x:0,y:4},
						 w:_{id:wall13}
					       },
					      _{ c:_{x:5,y:3},
						 w:_{id:wall12}
					       },
					      _{ c:_{x:0,y:3},
						 w:_{id:wall11}
					       },
					      _{ c:_{x:5,y:2},
						 w:_{id:wall10}
					       },
					      _{ c:_{x:0,y:2},
						 w:_{id:wall9}
					       },
					      _{ c:_{x:5,y:1},
						 w:_{id:wall8}
					       },
					      _{ c:_{x:0,y:1},
						 w:_{id:wall7}
					       },
					      _{ c:_{x:5,y:0},
						 w:_{id:wall6}
					       },
					      _{ c:_{x:4,y:0},
						 w:_{id:wall5}
					       },
					      _{ c:_{x:3,y:0},
						 w:_{id:wall4}
					       },
					      _{ c:_{x:2,y:0},
						 w:_{id:wall3}
					       },
					      _{ c:_{x:1,y:0},
						 w:_{id:wall2}
					       },
					      _{ c:_{x:0,y:0},
						 w:_{id:wall1}
					       }
					    ]
				},
	      certain_fluents:_{ alive:[_{id:hunter}],
				 dir:[_{d:north,h:_{id:hunter}}],
				 fat_gold:[],
				 fat_hunter:_{ c:_{x:1,y:1},
					       h:_{id:hunter}
					     },
				 game_state:running,
				 has_arrow:[ _{ a:_{id:arrow1},
						h:_{id:hunter}
					      }
					   ],
				 has_gold:[],
				 score:0,
				 visited:[]
			       },
	      step:0,
	      uncertain_eternals:_{eat_pit:[],eat_wumpus:[]},
	      uncertain_fluents:_{fatal:[]}
	    },
   percepts:[]
 }
La valeur de AdjSansWumpus est : [_25080{x:1,y:2},_25098{x:2,y:1}]
Cases Auth est : [_25080{x:1,y:2},_25098{x:2,y:1}]
La valeur de X est : 1
La valeur de Y est : 2
completed(2, 0.065494372, 2628, 200, ok).
/*Fri Mar  8 19:07:02 2024*/ request(3, 1709921222.325, [peer(ip(127,0,0,1)),method(put),request_uri('/action'),path('/action'),http_version(1-1),host(localhost),port(8081),connection('keep-alive'),content_length(2050),sec_ch_ua('"Chromium";v="122", "Not(A:Brand";v="24", "Brave";v="122"'),sec_ch_ua_platform('"Linux"'),sec_ch_ua_mobile('?0'),user_agent('Mozilla/5.0 (X11; Linux x86_64) AppleWebKit/537.36 (KHTML, like Gecko) Chrome/122.0.0.0 Safari/537.36'),content_type('application/json'),sec_gpc('1'),origin('http://localhost:9000'),sec_fetch_site('same-site'),sec_fetch_mode(cors),sec_fetch_dest(empty),referer('http://localhost:9000/')]).
_{ beliefs:_{ certain_eternals:_{ cells:[ _{x:0,y:0},
					  _{x:1,y:0},
					  _{x:2,y:0},
					  _{x:3,y:0},
					  _{x:4,y:0},
					  _{x:5,y:0},
					  _{x:0,y:1},
					  _{x:1,y:1},
					  _{x:2,y:1},
					  _{x:3,y:1},
					  _{x:4,y:1},
					  _{x:5,y:1},
					  _{x:0,y:2},
					  _{x:1,y:2},
					  _{x:2,y:2},
					  _{x:3,y:2},
					  _{x:4,y:2},
					  _{x:5,y:2},
					  _{x:0,y:3},
					  _{x:1,y:3},
					  _{x:2,y:3},
					  _{x:3,y:3},
					  _{x:4,y:3},
					  _{x:5,y:3},
					  _{x:0,y:4},
					  _{x:1,y:4},
					  _{x:2,y:4},
					  _{x:3,y:4},
					  _{x:4,y:4},
					  _{x:5,y:4},
					  _{x:0,y:5},
					  _{x:1,y:5},
					  _{x:2,y:5},
					  _{x:3,y:5},
					  _{x:4,y:5},
					  _{x:5,y:5}
					],
				  eat_exit:_{c:_{x:1,y:1},e:_{id:exit}},
				  eat_walls:[ _{ c:_{x:5,y:5},
						 w:_{id:wall20}
					       },
					      _{ c:_{x:4,y:5},
						 w:_{id:wall19}
					       },
					      _{ c:_{x:3,y:5},
						 w:_{id:wall18}
					       },
					      _{ c:_{x:2,y:5},
						 w:_{id:wall17}
					       },
					      _{ c:_{x:1,y:5},
						 w:_{id:wall16}
					       },
					      _{ c:_{x:0,y:5},
						 w:_{id:wall15}
					       },
					      _{ c:_{x:5,y:4},
						 w:_{id:wall14}
					       },
					      _{ c:_{x:0,y:4},
						 w:_{id:wall13}
					       },
					      _{ c:_{x:5,y:3},
						 w:_{id:wall12}
					       },
					      _{ c:_{x:0,y:3},
						 w:_{id:wall11}
					       },
					      _{ c:_{x:5,y:2},
						 w:_{id:wall10}
					       },
					      _{ c:_{x:0,y:2},
						 w:_{id:wall9}
					       },
					      _{ c:_{x:5,y:1},
						 w:_{id:wall8}
					       },
					      _{ c:_{x:0,y:1},
						 w:_{id:wall7}
					       },
					      _{ c:_{x:5,y:0},
						 w:_{id:wall6}
					       },
					      _{ c:_{x:4,y:0},
						 w:_{id:wall5}
					       },
					      _{ c:_{x:3,y:0},
						 w:_{id:wall4}
					       },
					      _{ c:_{x:2,y:0},
						 w:_{id:wall3}
					       },
					      _{ c:_{x:1,y:0},
						 w:_{id:wall2}
					       },
					      _{ c:_{x:0,y:0},
						 w:_{id:wall1}
					       }
					    ]
				},
	      certain_fluents:_{ alive:[_{id:hunter}],
				 dir:[_{d:north,h:_{id:hunter}}],
				 fat_gold:[],
				 fat_hunter:_{ c:_{x:1,y:2},
					       h:_{id:hunter}
					     },
				 game_state:running,
				 has_arrow:[ _{ a:_{id:arrow1},
						h:_{id:hunter}
					      }
					   ],
				 has_gold:[],
				 score:0,
				 visited:[ _{ from:_{x:1,y:1},
					      to:_{x:1,y:2}
					    }
					 ]
			       },
	      step:0,
	      uncertain_eternals:_{ eat_pit:[ _{ c:_{x:1,y:1},
						 p:_{id:false}
					       },
					      _{ c:_{x:2,y:1},
						 p:_{id:false}
					       },
					      _{ c:_{x:1,y:2},
						 p:_{id:false}
					       }
					    ],
				    eat_wumpus:[ _{ c:_{x:1,y:1},
						    w:_{id:false}
						  },
						 _{ c:_{x:2,y:1},
						    w:_{id:false}
						  },
						 _{ c:_{x:1,y:2},
						    w:_{id:false}
						  }
					       ]
				  },
	      uncertain_fluents:_{fatal:[]}
	    },
   percepts:[stench]
 }
La valeur de AdjSansWumpus est : [_7748{x:1,y:1}]
Cases Auth est : [_7534{x:1,y:1}]
La valeur de X est : 1
La valeur de Y est : 3
completed(3, 0.047139419, 2811, 200, ok).
/*Fri Mar  8 19:07:13 2024*/ request(4, 1709921233.625, [peer(ip(127,0,0,1)),method(options),request_uri('/action'),path('/action'),http_version(1-1),host(localhost),port(8081),connection('keep-alive'),access_control_request_method('PUT'),access_control_request_headers('content-type'),origin('http://localhost:9000'),user_agent('Mozilla/5.0 (X11; Linux x86_64) AppleWebKit/537.36 (KHTML, like Gecko) Chrome/122.0.0.0 Safari/537.36'),sec_fetch_mode(cors),sec_fetch_site('same-site'),sec_fetch_dest(empty),referer('http://localhost:9000/')]).
completed(4, 0.0019910510000000006, 0, 200, ok).
/*Fri Mar  8 19:07:13 2024*/ request(5, 1709921233.629, [peer(ip(127,0,0,1)),method(put),request_uri('/action'),path('/action'),http_version(1-1),host(localhost),port(8081),connection('keep-alive'),content_length(2195),sec_ch_ua('"Chromium";v="122", "Not(A:Brand";v="24", "Brave";v="122"'),sec_ch_ua_platform('"Linux"'),sec_ch_ua_mobile('?0'),user_agent('Mozilla/5.0 (X11; Linux x86_64) AppleWebKit/537.36 (KHTML, like Gecko) Chrome/122.0.0.0 Safari/537.36'),content_type('application/json'),sec_gpc('1'),origin('http://localhost:9000'),sec_fetch_site('same-site'),sec_fetch_mode(cors),sec_fetch_dest(empty),referer('http://localhost:9000/')]).
_{ beliefs:_{ certain_eternals:_{ cells:[ _{x:0,y:0},
					  _{x:1,y:0},
					  _{x:2,y:0},
					  _{x:3,y:0},
					  _{x:4,y:0},
					  _{x:5,y:0},
					  _{x:0,y:1},
					  _{x:1,y:1},
					  _{x:2,y:1},
					  _{x:3,y:1},
					  _{x:4,y:1},
					  _{x:5,y:1},
					  _{x:0,y:2},
					  _{x:1,y:2},
					  _{x:2,y:2},
					  _{x:3,y:2},
					  _{x:4,y:2},
					  _{x:5,y:2},
					  _{x:0,y:3},
					  _{x:1,y:3},
					  _{x:2,y:3},
					  _{x:3,y:3},
					  _{x:4,y:3},
					  _{x:5,y:3},
					  _{x:0,y:4},
					  _{x:1,y:4},
					  _{x:2,y:4},
					  _{x:3,y:4},
					  _{x:4,y:4},
					  _{x:5,y:4},
					  _{x:0,y:5},
					  _{x:1,y:5},
					  _{x:2,y:5},
					  _{x:3,y:5},
					  _{x:4,y:5},
					  _{x:5,y:5}
					],
				  eat_exit:_{c:_{x:1,y:1},e:_{id:exit}},
				  eat_walls:[ _{ c:_{x:5,y:5},
						 w:_{id:wall20}
					       },
					      _{ c:_{x:4,y:5},
						 w:_{id:wall19}
					       },
					      _{ c:_{x:3,y:5},
						 w:_{id:wall18}
					       },
					      _{ c:_{x:2,y:5},
						 w:_{id:wall17}
					       },
					      _{ c:_{x:1,y:5},
						 w:_{id:wall16}
					       },
					      _{ c:_{x:0,y:5},
						 w:_{id:wall15}
					       },
					      _{ c:_{x:5,y:4},
						 w:_{id:wall14}
					       },
					      _{ c:_{x:0,y:4},
						 w:_{id:wall13}
					       },
					      _{ c:_{x:5,y:3},
						 w:_{id:wall12}
					       },
					      _{ c:_{x:0,y:3},
						 w:_{id:wall11}
					       },
					      _{ c:_{x:5,y:2},
						 w:_{id:wall10}
					       },
					      _{ c:_{x:0,y:2},
						 w:_{id:wall9}
					       },
					      _{ c:_{x:5,y:1},
						 w:_{id:wall8}
					       },
					      _{ c:_{x:0,y:1},
						 w:_{id:wall7}
					       },
					      _{ c:_{x:5,y:0},
						 w:_{id:wall6}
					       },
					      _{ c:_{x:4,y:0},
						 w:_{id:wall5}
					       },
					      _{ c:_{x:3,y:0},
						 w:_{id:wall4}
					       },
					      _{ c:_{x:2,y:0},
						 w:_{id:wall3}
					       },
					      _{ c:_{x:1,y:0},
						 w:_{id:wall2}
					       },
					      _{ c:_{x:0,y:0},
						 w:_{id:wall1}
					       }
					    ]
				},
	      certain_fluents:_{ alive:[_{id:hunter}],
				 dir:[_{d:west,h:_{id:hunter}}],
				 fat_gold:[],
				 fat_hunter:_{ c:_{x:1,y:2},
					       h:_{id:hunter}
					     },
				 game_state:running,
				 has_arrow:[ _{ a:_{id:arrow1},
						h:_{id:hunter}
					      }
					   ],
				 has_gold:[],
				 score:0,
				 visited:[ _{ from:_{x:1,y:1},
					      to:_{x:1,y:2}
					    }
					 ]
			       },
	      step:0,
	      uncertain_eternals:_{ eat_pit:[ _{ c:_{x:1,y:1},
						 p:_{id:false}
					       },
					      _{ c:_{x:2,y:1},
						 p:_{id:false}
					       },
					      _{ c:_{x:1,y:2},
						 p:_{id:false}
					       },
					      _{ c:_{x:2,y:2},
						 p:_{id:false}
					       },
					      _{ c:_{x:1,y:3},
						 p:_{id:false}
					       }
					    ],
				    eat_wumpus:[ _{ c:_{x:1,y:3},
						    w:_{id:true}
						  },
						 _{ c:_{x:2,y:2},
						    w:_{id:true}
						  },
						 _{ c:_{x:1,y:1},
						    w:_{id:false}
						  },
						 _{ c:_{x:2,y:1},
						    w:_{id:false}
						  },
						 _{ c:_{x:1,y:2},
						    w:_{id:false}
						  }
					       ]
				  },
	      uncertain_fluents:_{fatal:[]}
	    },
   percepts:[stench]
 }
La valeur de AdjSansWumpus est : [_2300{x:1,y:1}]
Cases Auth est : [_2218{x:1,y:1}]
La valeur de X est : 0
La valeur de Y est : 2
completed(5, 0.052685896, 2812, 200, ok).
/*Fri Mar  8 19:07:14 2024*/ request(6, 1709921234.563, [peer(ip(127,0,0,1)),method(put),request_uri('/action'),path('/action'),http_version(1-1),host(localhost),port(8081),connection('keep-alive'),content_length(2196),sec_ch_ua('"Chromium";v="122", "Not(A:Brand";v="24", "Brave";v="122"'),sec_ch_ua_platform('"Linux"'),sec_ch_ua_mobile('?0'),user_agent('Mozilla/5.0 (X11; Linux x86_64) AppleWebKit/537.36 (KHTML, like Gecko) Chrome/122.0.0.0 Safari/537.36'),content_type('application/json'),sec_gpc('1'),origin('http://localhost:9000'),sec_fetch_site('same-site'),sec_fetch_mode(cors),sec_fetch_dest(empty),referer('http://localhost:9000/')]).
_{ beliefs:_{ certain_eternals:_{ cells:[ _{x:0,y:0},
					  _{x:1,y:0},
					  _{x:2,y:0},
					  _{x:3,y:0},
					  _{x:4,y:0},
					  _{x:5,y:0},
					  _{x:0,y:1},
					  _{x:1,y:1},
					  _{x:2,y:1},
					  _{x:3,y:1},
					  _{x:4,y:1},
					  _{x:5,y:1},
					  _{x:0,y:2},
					  _{x:1,y:2},
					  _{x:2,y:2},
					  _{x:3,y:2},
					  _{x:4,y:2},
					  _{x:5,y:2},
					  _{x:0,y:3},
					  _{x:1,y:3},
					  _{x:2,y:3},
					  _{x:3,y:3},
					  _{x:4,y:3},
					  _{x:5,y:3},
					  _{x:0,y:4},
					  _{x:1,y:4},
					  _{x:2,y:4},
					  _{x:3,y:4},
					  _{x:4,y:4},
					  _{x:5,y:4},
					  _{x:0,y:5},
					  _{x:1,y:5},
					  _{x:2,y:5},
					  _{x:3,y:5},
					  _{x:4,y:5},
					  _{x:5,y:5}
					],
				  eat_exit:_{c:_{x:1,y:1},e:_{id:exit}},
				  eat_walls:[ _{ c:_{x:5,y:5},
						 w:_{id:wall20}
					       },
					      _{ c:_{x:4,y:5},
						 w:_{id:wall19}
					       },
					      _{ c:_{x:3,y:5},
						 w:_{id:wall18}
					       },
					      _{ c:_{x:2,y:5},
						 w:_{id:wall17}
					       },
					      _{ c:_{x:1,y:5},
						 w:_{id:wall16}
					       },
					      _{ c:_{x:0,y:5},
						 w:_{id:wall15}
					       },
					      _{ c:_{x:5,y:4},
						 w:_{id:wall14}
					       },
					      _{ c:_{x:0,y:4},
						 w:_{id:wall13}
					       },
					      _{ c:_{x:5,y:3},
						 w:_{id:wall12}
					       },
					      _{ c:_{x:0,y:3},
						 w:_{id:wall11}
					       },
					      _{ c:_{x:5,y:2},
						 w:_{id:wall10}
					       },
					      _{ c:_{x:0,y:2},
						 w:_{id:wall9}
					       },
					      _{ c:_{x:5,y:1},
						 w:_{id:wall8}
					       },
					      _{ c:_{x:0,y:1},
						 w:_{id:wall7}
					       },
					      _{ c:_{x:5,y:0},
						 w:_{id:wall6}
					       },
					      _{ c:_{x:4,y:0},
						 w:_{id:wall5}
					       },
					      _{ c:_{x:3,y:0},
						 w:_{id:wall4}
					       },
					      _{ c:_{x:2,y:0},
						 w:_{id:wall3}
					       },
					      _{ c:_{x:1,y:0},
						 w:_{id:wall2}
					       },
					      _{ c:_{x:0,y:0},
						 w:_{id:wall1}
					       }
					    ]
				},
	      certain_fluents:_{ alive:[_{id:hunter}],
				 dir:[_{d:south,h:_{id:hunter}}],
				 fat_gold:[],
				 fat_hunter:_{ c:_{x:1,y:2},
					       h:_{id:hunter}
					     },
				 game_state:running,
				 has_arrow:[ _{ a:_{id:arrow1},
						h:_{id:hunter}
					      }
					   ],
				 has_gold:[],
				 score:0,
				 visited:[ _{ from:_{x:1,y:1},
					      to:_{x:1,y:2}
					    }
					 ]
			       },
	      step:0,
	      uncertain_eternals:_{ eat_pit:[ _{ c:_{x:1,y:1},
						 p:_{id:false}
					       },
					      _{ c:_{x:2,y:1},
						 p:_{id:false}
					       },
					      _{ c:_{x:1,y:2},
						 p:_{id:false}
					       },
					      _{ c:_{x:2,y:2},
						 p:_{id:false}
					       },
					      _{ c:_{x:1,y:3},
						 p:_{id:false}
					       }
					    ],
				    eat_wumpus:[ _{ c:_{x:1,y:3},
						    w:_{id:true}
						  },
						 _{ c:_{x:2,y:2},
						    w:_{id:true}
						  },
						 _{ c:_{x:1,y:1},
						    w:_{id:false}
						  },
						 _{ c:_{x:2,y:1},
						    w:_{id:false}
						  },
						 _{ c:_{x:1,y:2},
						    w:_{id:false}
						  }
					       ]
				  },
	      uncertain_fluents:_{fatal:[]}
	    },
   percepts:[stench]
 }
La valeur de AdjSansWumpus est : [_2306{x:1,y:1}]
Cases Auth est : [_2224{x:1,y:1}]
La valeur de X est : 1
La valeur de Y est : 1
completed(6, 0.073906592, 2870, 200, ok).
/*Fri Mar  8 19:07:15 2024*/ request(7, 1709921235.364, [peer(ip(127,0,0,1)),method(put),request_uri('/action'),path('/action'),http_version(1-1),host(localhost),port(8081),connection('keep-alive'),content_length(2230),sec_ch_ua('"Chromium";v="122", "Not(A:Brand";v="24", "Brave";v="122"'),sec_ch_ua_platform('"Linux"'),sec_ch_ua_mobile('?0'),user_agent('Mozilla/5.0 (X11; Linux x86_64) AppleWebKit/537.36 (KHTML, like Gecko) Chrome/122.0.0.0 Safari/537.36'),content_type('application/json'),sec_gpc('1'),origin('http://localhost:9000'),sec_fetch_site('same-site'),sec_fetch_mode(cors),sec_fetch_dest(empty),referer('http://localhost:9000/')]).
_{ beliefs:_{ certain_eternals:_{ cells:[ _{x:0,y:0},
					  _{x:1,y:0},
					  _{x:2,y:0},
					  _{x:3,y:0},
					  _{x:4,y:0},
					  _{x:5,y:0},
					  _{x:0,y:1},
					  _{x:1,y:1},
					  _{x:2,y:1},
					  _{x:3,y:1},
					  _{x:4,y:1},
					  _{x:5,y:1},
					  _{x:0,y:2},
					  _{x:1,y:2},
					  _{x:2,y:2},
					  _{x:3,y:2},
					  _{x:4,y:2},
					  _{x:5,y:2},
					  _{x:0,y:3},
					  _{x:1,y:3},
					  _{x:2,y:3},
					  _{x:3,y:3},
					  _{x:4,y:3},
					  _{x:5,y:3},
					  _{x:0,y:4},
					  _{x:1,y:4},
					  _{x:2,y:4},
					  _{x:3,y:4},
					  _{x:4,y:4},
					  _{x:5,y:4},
					  _{x:0,y:5},
					  _{x:1,y:5},
					  _{x:2,y:5},
					  _{x:3,y:5},
					  _{x:4,y:5},
					  _{x:5,y:5}
					],
				  eat_exit:_{c:_{x:1,y:1},e:_{id:exit}},
				  eat_walls:[ _{ c:_{x:5,y:5},
						 w:_{id:wall20}
					       },
					      _{ c:_{x:4,y:5},
						 w:_{id:wall19}
					       },
					      _{ c:_{x:3,y:5},
						 w:_{id:wall18}
					       },
					      _{ c:_{x:2,y:5},
						 w:_{id:wall17}
					       },
					      _{ c:_{x:1,y:5},
						 w:_{id:wall16}
					       },
					      _{ c:_{x:0,y:5},
						 w:_{id:wall15}
					       },
					      _{ c:_{x:5,y:4},
						 w:_{id:wall14}
					       },
					      _{ c:_{x:0,y:4},
						 w:_{id:wall13}
					       },
					      _{ c:_{x:5,y:3},
						 w:_{id:wall12}
					       },
					      _{ c:_{x:0,y:3},
						 w:_{id:wall11}
					       },
					      _{ c:_{x:5,y:2},
						 w:_{id:wall10}
					       },
					      _{ c:_{x:0,y:2},
						 w:_{id:wall9}
					       },
					      _{ c:_{x:5,y:1},
						 w:_{id:wall8}
					       },
					      _{ c:_{x:0,y:1},
						 w:_{id:wall7}
					       },
					      _{ c:_{x:5,y:0},
						 w:_{id:wall6}
					       },
					      _{ c:_{x:4,y:0},
						 w:_{id:wall5}
					       },
					      _{ c:_{x:3,y:0},
						 w:_{id:wall4}
					       },
					      _{ c:_{x:2,y:0},
						 w:_{id:wall3}
					       },
					      _{ c:_{x:1,y:0},
						 w:_{id:wall2}
					       },
					      _{ c:_{x:0,y:0},
						 w:_{id:wall1}
					       }
					    ]
				},
	      certain_fluents:_{ alive:[_{id:hunter}],
				 dir:[_{d:south,h:_{id:hunter}}],
				 fat_gold:[],
				 fat_hunter:_{ c:_{x:1,y:1},
					       h:_{id:hunter}
					     },
				 game_state:running,
				 has_arrow:[ _{ a:_{id:arrow1},
						h:_{id:hunter}
					      }
					   ],
				 has_gold:[],
				 score:0,
				 visited:[ _{ from:_{x:1,y:2},
					      to:_{x:1,y:1}
					    },
					   _{ from:_{x:1,y:1},
					      to:_{x:1,y:2}
					    }
					 ]
			       },
	      step:0,
	      uncertain_eternals:_{ eat_pit:[ _{ c:_{x:1,y:1},
						 p:_{id:false}
					       },
					      _{ c:_{x:2,y:1},
						 p:_{id:false}
					       },
					      _{ c:_{x:1,y:2},
						 p:_{id:false}
					       },
					      _{ c:_{x:2,y:2},
						 p:_{id:false}
					       },
					      _{ c:_{x:1,y:3},
						 p:_{id:false}
					       }
					    ],
				    eat_wumpus:[ _{ c:_{x:1,y:3},
						    w:_{id:true}
						  },
						 _{ c:_{x:2,y:2},
						    w:_{id:true}
						  },
						 _{ c:_{x:1,y:1},
						    w:_{id:false}
						  },
						 _{ c:_{x:2,y:1},
						    w:_{id:false}
						  },
						 _{ c:_{x:1,y:2},
						    w:_{id:false}
						  }
					       ]
				  },
	      uncertain_fluents:_{fatal:[]}
	    },
   percepts:[]
 }
La valeur de AdjSansWumpus est : [_2424{x:1,y:2},_2386{x:2,y:1}]
Cases Auth est : [_2386{x:2,y:1}]
La valeur de X est : 1
La valeur de Y est : 0
completed(7, 0.08025317900000001, 2857, 200, ok).
/*Fri Mar  8 19:07:16 2024*/ request(8, 1709921236.896, [peer(ip(127,0,0,1)),method(put),request_uri('/action'),path('/action'),http_version(1-1),host(localhost),port(8081),connection('keep-alive'),content_length(2229),sec_ch_ua('"Chromium";v="122", "Not(A:Brand";v="24", "Brave";v="122"'),sec_ch_ua_platform('"Linux"'),sec_ch_ua_mobile('?0'),user_agent('Mozilla/5.0 (X11; Linux x86_64) AppleWebKit/537.36 (KHTML, like Gecko) Chrome/122.0.0.0 Safari/537.36'),content_type('application/json'),sec_gpc('1'),origin('http://localhost:9000'),sec_fetch_site('same-site'),sec_fetch_mode(cors),sec_fetch_dest(empty),referer('http://localhost:9000/')]).
_{ beliefs:_{ certain_eternals:_{ cells:[ _{x:0,y:0},
					  _{x:1,y:0},
					  _{x:2,y:0},
					  _{x:3,y:0},
					  _{x:4,y:0},
					  _{x:5,y:0},
					  _{x:0,y:1},
					  _{x:1,y:1},
					  _{x:2,y:1},
					  _{x:3,y:1},
					  _{x:4,y:1},
					  _{x:5,y:1},
					  _{x:0,y:2},
					  _{x:1,y:2},
					  _{x:2,y:2},
					  _{x:3,y:2},
					  _{x:4,y:2},
					  _{x:5,y:2},
					  _{x:0,y:3},
					  _{x:1,y:3},
					  _{x:2,y:3},
					  _{x:3,y:3},
					  _{x:4,y:3},
					  _{x:5,y:3},
					  _{x:0,y:4},
					  _{x:1,y:4},
					  _{x:2,y:4},
					  _{x:3,y:4},
					  _{x:4,y:4},
					  _{x:5,y:4},
					  _{x:0,y:5},
					  _{x:1,y:5},
					  _{x:2,y:5},
					  _{x:3,y:5},
					  _{x:4,y:5},
					  _{x:5,y:5}
					],
				  eat_exit:_{c:_{x:1,y:1},e:_{id:exit}},
				  eat_walls:[ _{ c:_{x:5,y:5},
						 w:_{id:wall20}
					       },
					      _{ c:_{x:4,y:5},
						 w:_{id:wall19}
					       },
					      _{ c:_{x:3,y:5},
						 w:_{id:wall18}
					       },
					      _{ c:_{x:2,y:5},
						 w:_{id:wall17}
					       },
					      _{ c:_{x:1,y:5},
						 w:_{id:wall16}
					       },
					      _{ c:_{x:0,y:5},
						 w:_{id:wall15}
					       },
					      _{ c:_{x:5,y:4},
						 w:_{id:wall14}
					       },
					      _{ c:_{x:0,y:4},
						 w:_{id:wall13}
					       },
					      _{ c:_{x:5,y:3},
						 w:_{id:wall12}
					       },
					      _{ c:_{x:0,y:3},
						 w:_{id:wall11}
					       },
					      _{ c:_{x:5,y:2},
						 w:_{id:wall10}
					       },
					      _{ c:_{x:0,y:2},
						 w:_{id:wall9}
					       },
					      _{ c:_{x:5,y:1},
						 w:_{id:wall8}
					       },
					      _{ c:_{x:0,y:1},
						 w:_{id:wall7}
					       },
					      _{ c:_{x:5,y:0},
						 w:_{id:wall6}
					       },
					      _{ c:_{x:4,y:0},
						 w:_{id:wall5}
					       },
					      _{ c:_{x:3,y:0},
						 w:_{id:wall4}
					       },
					      _{ c:_{x:2,y:0},
						 w:_{id:wall3}
					       },
					      _{ c:_{x:1,y:0},
						 w:_{id:wall2}
					       },
					      _{ c:_{x:0,y:0},
						 w:_{id:wall1}
					       }
					    ]
				},
	      certain_fluents:_{ alive:[_{id:hunter}],
				 dir:[_{d:east,h:_{id:hunter}}],
				 fat_gold:[],
				 fat_hunter:_{ c:_{x:1,y:1},
					       h:_{id:hunter}
					     },
				 game_state:running,
				 has_arrow:[ _{ a:_{id:arrow1},
						h:_{id:hunter}
					      }
					   ],
				 has_gold:[],
				 score:0,
				 visited:[ _{ from:_{x:1,y:2},
					      to:_{x:1,y:1}
					    },
					   _{ from:_{x:1,y:1},
					      to:_{x:1,y:2}
					    }
					 ]
			       },
	      step:0,
	      uncertain_eternals:_{ eat_pit:[ _{ c:_{x:1,y:1},
						 p:_{id:false}
					       },
					      _{ c:_{x:2,y:1},
						 p:_{id:false}
					       },
					      _{ c:_{x:1,y:2},
						 p:_{id:false}
					       },
					      _{ c:_{x:2,y:2},
						 p:_{id:false}
					       },
					      _{ c:_{x:1,y:3},
						 p:_{id:false}
					       }
					    ],
				    eat_wumpus:[ _{ c:_{x:1,y:3},
						    w:_{id:true}
						  },
						 _{ c:_{x:2,y:2},
						    w:_{id:true}
						  },
						 _{ c:_{x:1,y:1},
						    w:_{id:false}
						  },
						 _{ c:_{x:2,y:1},
						    w:_{id:false}
						  },
						 _{ c:_{x:1,y:2},
						    w:_{id:false}
						  }
					       ]
				  },
	      uncertain_fluents:_{fatal:[]}
	    },
   percepts:[]
 }
La valeur de AdjSansWumpus est : [_2416{x:1,y:2},_2378{x:2,y:1}]
Cases Auth est : [_2378{x:2,y:1}]
La valeur de X est : 2
La valeur de Y est : 1
completed(8, 0.052596764, 2911, 200, ok).
/*Fri Mar  8 19:07:18 2024*/ request(9, 1709921238.252, [peer(ip(127,0,0,1)),method(put),request_uri('/action'),path('/action'),http_version(1-1),host(localhost),port(8081),connection('keep-alive'),content_length(2279),sec_ch_ua('"Chromium";v="122", "Not(A:Brand";v="24", "Brave";v="122"'),sec_ch_ua_platform('"Linux"'),sec_ch_ua_mobile('?0'),user_agent('Mozilla/5.0 (X11; Linux x86_64) AppleWebKit/537.36 (KHTML, like Gecko) Chrome/122.0.0.0 Safari/537.36'),content_type('application/json'),sec_gpc('1'),origin('http://localhost:9000'),sec_fetch_site('same-site'),sec_fetch_mode(cors),sec_fetch_dest(empty),referer('http://localhost:9000/')]).
_{ beliefs:_{ certain_eternals:_{ cells:[ _{x:0,y:0},
					  _{x:1,y:0},
					  _{x:2,y:0},
					  _{x:3,y:0},
					  _{x:4,y:0},
					  _{x:5,y:0},
					  _{x:0,y:1},
					  _{x:1,y:1},
					  _{x:2,y:1},
					  _{x:3,y:1},
					  _{x:4,y:1},
					  _{x:5,y:1},
					  _{x:0,y:2},
					  _{x:1,y:2},
					  _{x:2,y:2},
					  _{x:3,y:2},
					  _{x:4,y:2},
					  _{x:5,y:2},
					  _{x:0,y:3},
					  _{x:1,y:3},
					  _{x:2,y:3},
					  _{x:3,y:3},
					  _{x:4,y:3},
					  _{x:5,y:3},
					  _{x:0,y:4},
					  _{x:1,y:4},
					  _{x:2,y:4},
					  _{x:3,y:4},
					  _{x:4,y:4},
					  _{x:5,y:4},
					  _{x:0,y:5},
					  _{x:1,y:5},
					  _{x:2,y:5},
					  _{x:3,y:5},
					  _{x:4,y:5},
					  _{x:5,y:5}
					],
				  eat_exit:_{c:_{x:1,y:1},e:_{id:exit}},
				  eat_walls:[ _{ c:_{x:5,y:5},
						 w:_{id:wall20}
					       },
					      _{ c:_{x:4,y:5},
						 w:_{id:wall19}
					       },
					      _{ c:_{x:3,y:5},
						 w:_{id:wall18}
					       },
					      _{ c:_{x:2,y:5},
						 w:_{id:wall17}
					       },
					      _{ c:_{x:1,y:5},
						 w:_{id:wall16}
					       },
					      _{ c:_{x:0,y:5},
						 w:_{id:wall15}
					       },
					      _{ c:_{x:5,y:4},
						 w:_{id:wall14}
					       },
					      _{ c:_{x:0,y:4},
						 w:_{id:wall13}
					       },
					      _{ c:_{x:5,y:3},
						 w:_{id:wall12}
					       },
					      _{ c:_{x:0,y:3},
						 w:_{id:wall11}
					       },
					      _{ c:_{x:5,y:2},
						 w:_{id:wall10}
					       },
					      _{ c:_{x:0,y:2},
						 w:_{id:wall9}
					       },
					      _{ c:_{x:5,y:1},
						 w:_{id:wall8}
					       },
					      _{ c:_{x:0,y:1},
						 w:_{id:wall7}
					       },
					      _{ c:_{x:5,y:0},
						 w:_{id:wall6}
					       },
					      _{ c:_{x:4,y:0},
						 w:_{id:wall5}
					       },
					      _{ c:_{x:3,y:0},
						 w:_{id:wall4}
					       },
					      _{ c:_{x:2,y:0},
						 w:_{id:wall3}
					       },
					      _{ c:_{x:1,y:0},
						 w:_{id:wall2}
					       },
					      _{ c:_{x:0,y:0},
						 w:_{id:wall1}
					       }
					    ]
				},
	      certain_fluents:_{ alive:[_{id:hunter}],
				 dir:[_{d:east,h:_{id:hunter}}],
				 fat_gold:[],
				 fat_hunter:_{ c:_{x:2,y:1},
					       h:_{id:hunter}
					     },
				 game_state:running,
				 has_arrow:[ _{ a:_{id:arrow1},
						h:_{id:hunter}
					      }
					   ],
				 has_gold:[],
				 score:0,
				 visited:[ _{ from:_{x:1,y:1},
					      to:_{x:2,y:1}
					    },
					   _{ from:_{x:1,y:2},
					      to:_{x:1,y:1}
					    },
					   _{ from:_{x:1,y:1},
					      to:_{x:1,y:2}
					    }
					 ]
			       },
	      step:0,
	      uncertain_eternals:_{ eat_pit:[ _{ c:_{x:1,y:1},
						 p:_{id:false}
					       },
					      _{ c:_{x:2,y:1},
						 p:_{id:false}
					       },
					      _{ c:_{x:1,y:2},
						 p:_{id:false}
					       },
					      _{ c:_{x:2,y:2},
						 p:_{id:false}
					       },
					      _{ c:_{x:1,y:3},
						 p:_{id:false}
					       }
					    ],
				    eat_wumpus:[ _{ c:_{x:1,y:3},
						    w:_{id:true}
						  },
						 _{ c:_{x:2,y:2},
						    w:_{id:true}
						  },
						 _{ c:_{x:1,y:1},
						    w:_{id:false}
						  },
						 _{ c:_{x:2,y:1},
						    w:_{id:false}
						  },
						 _{ c:_{x:1,y:2},
						    w:_{id:false}
						  }
					       ]
				  },
	      uncertain_fluents:_{fatal:[]}
	    },
   percepts:[breeze]
 }
La valeur de AdjSansWumpus est : [_2496{x:2,y:2},_2382{x:1,y:1}]
Cases Auth est : [_2496{x:2,y:2}]
La valeur de X est : 3
La valeur de Y est : 1
completed(9, 0.046456805999999996, 3008, 200, ok).
/*Fri Mar  8 19:07:19 2024*/ request(10, 1709921239.309, [peer(ip(127,0,0,1)),method(options),request_uri('/action'),path('/action'),http_version(1-1),host(localhost),port(8081),connection('keep-alive'),access_control_request_method('PUT'),access_control_request_headers('content-type'),origin('http://localhost:9000'),user_agent('Mozilla/5.0 (X11; Linux x86_64) AppleWebKit/537.36 (KHTML, like Gecko) Chrome/122.0.0.0 Safari/537.36'),sec_fetch_mode(cors),sec_fetch_site('same-site'),sec_fetch_dest(empty),referer('http://localhost:9000/')]).
completed(10, 0.003247925999999998, 0, 200, ok).
/*Fri Mar  8 19:07:19 2024*/ request(11, 1709921239.315, [peer(ip(127,0,0,1)),method(put),request_uri('/action'),path('/action'),http_version(1-1),host(localhost),port(8081),connection('keep-alive'),content_length(2354),sec_ch_ua('"Chromium";v="122", "Not(A:Brand";v="24", "Brave";v="122"'),sec_ch_ua_platform('"Linux"'),sec_ch_ua_mobile('?0'),user_agent('Mozilla/5.0 (X11; Linux x86_64) AppleWebKit/537.36 (KHTML, like Gecko) Chrome/122.0.0.0 Safari/537.36'),content_type('application/json'),sec_gpc('1'),origin('http://localhost:9000'),sec_fetch_site('same-site'),sec_fetch_mode(cors),sec_fetch_dest(empty),referer('http://localhost:9000/')]).
_{ beliefs:_{ certain_eternals:_{ cells:[ _{x:0,y:0},
					  _{x:1,y:0},
					  _{x:2,y:0},
					  _{x:3,y:0},
					  _{x:4,y:0},
					  _{x:5,y:0},
					  _{x:0,y:1},
					  _{x:1,y:1},
					  _{x:2,y:1},
					  _{x:3,y:1},
					  _{x:4,y:1},
					  _{x:5,y:1},
					  _{x:0,y:2},
					  _{x:1,y:2},
					  _{x:2,y:2},
					  _{x:3,y:2},
					  _{x:4,y:2},
					  _{x:5,y:2},
					  _{x:0,y:3},
					  _{x:1,y:3},
					  _{x:2,y:3},
					  _{x:3,y:3},
					  _{x:4,y:3},
					  _{x:5,y:3},
					  _{x:0,y:4},
					  _{x:1,y:4},
					  _{x:2,y:4},
					  _{x:3,y:4},
					  _{x:4,y:4},
					  _{x:5,y:4},
					  _{x:0,y:5},
					  _{x:1,y:5},
					  _{x:2,y:5},
					  _{x:3,y:5},
					  _{x:4,y:5},
					  _{x:5,y:5}
					],
				  eat_exit:_{c:_{x:1,y:1},e:_{id:exit}},
				  eat_walls:[ _{ c:_{x:5,y:5},
						 w:_{id:wall20}
					       },
					      _{ c:_{x:4,y:5},
						 w:_{id:wall19}
					       },
					      _{ c:_{x:3,y:5},
						 w:_{id:wall18}
					       },
					      _{ c:_{x:2,y:5},
						 w:_{id:wall17}
					       },
					      _{ c:_{x:1,y:5},
						 w:_{id:wall16}
					       },
					      _{ c:_{x:0,y:5},
						 w:_{id:wall15}
					       },
					      _{ c:_{x:5,y:4},
						 w:_{id:wall14}
					       },
					      _{ c:_{x:0,y:4},
						 w:_{id:wall13}
					       },
					      _{ c:_{x:5,y:3},
						 w:_{id:wall12}
					       },
					      _{ c:_{x:0,y:3},
						 w:_{id:wall11}
					       },
					      _{ c:_{x:5,y:2},
						 w:_{id:wall10}
					       },
					      _{ c:_{x:0,y:2},
						 w:_{id:wall9}
					       },
					      _{ c:_{x:5,y:1},
						 w:_{id:wall8}
					       },
					      _{ c:_{x:0,y:1},
						 w:_{id:wall7}
					       },
					      _{ c:_{x:5,y:0},
						 w:_{id:wall6}
					       },
					      _{ c:_{x:4,y:0},
						 w:_{id:wall5}
					       },
					      _{ c:_{x:3,y:0},
						 w:_{id:wall4}
					       },
					      _{ c:_{x:2,y:0},
						 w:_{id:wall3}
					       },
					      _{ c:_{x:1,y:0},
						 w:_{id:wall2}
					       },
					      _{ c:_{x:0,y:0},
						 w:_{id:wall1}
					       }
					    ]
				},
	      certain_fluents:_{ alive:[_{id:hunter}],
				 dir:[_{d:north,h:_{id:hunter}}],
				 fat_gold:[],
				 fat_hunter:_{ c:_{x:2,y:1},
					       h:_{id:hunter}
					     },
				 game_state:running,
				 has_arrow:[ _{ a:_{id:arrow1},
						h:_{id:hunter}
					      }
					   ],
				 has_gold:[],
				 score:0,
				 visited:[ _{ from:_{x:1,y:1},
					      to:_{x:2,y:1}
					    },
					   _{ from:_{x:1,y:2},
					      to:_{x:1,y:1}
					    },
					   _{ from:_{x:1,y:1},
					      to:_{x:1,y:2}
					    }
					 ]
			       },
	      step:0,
	      uncertain_eternals:_{ eat_pit:[ _{ c:_{x:3,y:1},
						 p:_{id:true}
					       },
					      _{ c:_{x:1,y:1},
						 p:_{id:false}
					       },
					      _{ c:_{x:2,y:1},
						 p:_{id:false}
					       },
					      _{ c:_{x:1,y:2},
						 p:_{id:false}
					       },
					      _{ c:_{x:2,y:2},
						 p:_{id:false}
					       },
					      _{ c:_{x:1,y:3},
						 p:_{id:false}
					       }
					    ],
				    eat_wumpus:[ _{ c:_{x:1,y:3},
						    w:_{id:true}
						  },
						 _{ c:_{x:1,y:1},
						    w:_{id:false}
						  },
						 _{ c:_{x:2,y:1},
						    w:_{id:false}
						  },
						 _{ c:_{x:1,y:2},
						    w:_{id:false}
						  },
						 _{ c:_{x:3,y:1},
						    w:_{id:false}
						  },
						 _{ c:_{x:2,y:2},
						    w:_{id:false}
						  }
					       ]
				  },
	      uncertain_fluents:_{fatal:[]}
	    },
   percepts:[breeze]
 }
La valeur de AdjSansWumpus est : [_2542{x:2,y:2},_2428{x:1,y:1}]
Cases Auth est : [_2542{x:2,y:2}]
La valeur de X est : 2
La valeur de Y est : 2
completed(11, 0.067429402, 3062, 200, ok).
/*Fri Mar  8 19:07:20 2024*/ request(12, 1709921240.240, [peer(ip(127,0,0,1)),method(put),request_uri('/action'),path('/action'),http_version(1-1),host(localhost),port(8081),connection('keep-alive'),content_length(2388),sec_ch_ua('"Chromium";v="122", "Not(A:Brand";v="24", "Brave";v="122"'),sec_ch_ua_platform('"Linux"'),sec_ch_ua_mobile('?0'),user_agent('Mozilla/5.0 (X11; Linux x86_64) AppleWebKit/537.36 (KHTML, like Gecko) Chrome/122.0.0.0 Safari/537.36'),content_type('application/json'),sec_gpc('1'),origin('http://localhost:9000'),sec_fetch_site('same-site'),sec_fetch_mode(cors),sec_fetch_dest(empty),referer('http://localhost:9000/')]).
_{ beliefs:_{ certain_eternals:_{ cells:[ _{x:0,y:0},
					  _{x:1,y:0},
					  _{x:2,y:0},
					  _{x:3,y:0},
					  _{x:4,y:0},
					  _{x:5,y:0},
					  _{x:0,y:1},
					  _{x:1,y:1},
					  _{x:2,y:1},
					  _{x:3,y:1},
					  _{x:4,y:1},
					  _{x:5,y:1},
					  _{x:0,y:2},
					  _{x:1,y:2},
					  _{x:2,y:2},
					  _{x:3,y:2},
					  _{x:4,y:2},
					  _{x:5,y:2},
					  _{x:0,y:3},
					  _{x:1,y:3},
					  _{x:2,y:3},
					  _{x:3,y:3},
					  _{x:4,y:3},
					  _{x:5,y:3},
					  _{x:0,y:4},
					  _{x:1,y:4},
					  _{x:2,y:4},
					  _{x:3,y:4},
					  _{x:4,y:4},
					  _{x:5,y:4},
					  _{x:0,y:5},
					  _{x:1,y:5},
					  _{x:2,y:5},
					  _{x:3,y:5},
					  _{x:4,y:5},
					  _{x:5,y:5}
					],
				  eat_exit:_{c:_{x:1,y:1},e:_{id:exit}},
				  eat_walls:[ _{ c:_{x:5,y:5},
						 w:_{id:wall20}
					       },
					      _{ c:_{x:4,y:5},
						 w:_{id:wall19}
					       },
					      _{ c:_{x:3,y:5},
						 w:_{id:wall18}
					       },
					      _{ c:_{x:2,y:5},
						 w:_{id:wall17}
					       },
					      _{ c:_{x:1,y:5},
						 w:_{id:wall16}
					       },
					      _{ c:_{x:0,y:5},
						 w:_{id:wall15}
					       },
					      _{ c:_{x:5,y:4},
						 w:_{id:wall14}
					       },
					      _{ c:_{x:0,y:4},
						 w:_{id:wall13}
					       },
					      _{ c:_{x:5,y:3},
						 w:_{id:wall12}
					       },
					      _{ c:_{x:0,y:3},
						 w:_{id:wall11}
					       },
					      _{ c:_{x:5,y:2},
						 w:_{id:wall10}
					       },
					      _{ c:_{x:0,y:2},
						 w:_{id:wall9}
					       },
					      _{ c:_{x:5,y:1},
						 w:_{id:wall8}
					       },
					      _{ c:_{x:0,y:1},
						 w:_{id:wall7}
					       },
					      _{ c:_{x:5,y:0},
						 w:_{id:wall6}
					       },
					      _{ c:_{x:4,y:0},
						 w:_{id:wall5}
					       },
					      _{ c:_{x:3,y:0},
						 w:_{id:wall4}
					       },
					      _{ c:_{x:2,y:0},
						 w:_{id:wall3}
					       },
					      _{ c:_{x:1,y:0},
						 w:_{id:wall2}
					       },
					      _{ c:_{x:0,y:0},
						 w:_{id:wall1}
					       }
					    ]
				},
	      certain_fluents:_{ alive:[_{id:hunter}],
				 dir:[_{d:north,h:_{id:hunter}}],
				 fat_gold:[],
				 fat_hunter:_{ c:_{x:2,y:2},
					       h:_{id:hunter}
					     },
				 game_state:running,
				 has_arrow:[ _{ a:_{id:arrow1},
						h:_{id:hunter}
					      }
					   ],
				 has_gold:[],
				 score:0,
				 visited:[ _{ from:_{x:2,y:1},
					      to:_{x:2,y:2}
					    },
					   _{ from:_{x:1,y:1},
					      to:_{x:2,y:1}
					    },
					   _{ from:_{x:1,y:2},
					      to:_{x:1,y:1}
					    },
					   _{ from:_{x:1,y:1},
					      to:_{x:1,y:2}
					    }
					 ]
			       },
	      step:0,
	      uncertain_eternals:_{ eat_pit:[ _{ c:_{x:3,y:1},
						 p:_{id:true}
					       },
					      _{ c:_{x:1,y:1},
						 p:_{id:false}
					       },
					      _{ c:_{x:2,y:1},
						 p:_{id:false}
					       },
					      _{ c:_{x:1,y:2},
						 p:_{id:false}
					       },
					      _{ c:_{x:2,y:2},
						 p:_{id:false}
					       },
					      _{ c:_{x:1,y:3},
						 p:_{id:false}
					       }
					    ],
				    eat_wumpus:[ _{ c:_{x:1,y:3},
						    w:_{id:true}
						  },
						 _{ c:_{x:1,y:1},
						    w:_{id:false}
						  },
						 _{ c:_{x:2,y:1},
						    w:_{id:false}
						  },
						 _{ c:_{x:1,y:2},
						    w:_{id:false}
						  },
						 _{ c:_{x:3,y:1},
						    w:_{id:false}
						  },
						 _{ c:_{x:2,y:2},
						    w:_{id:false}
						  }
					       ]
				  },
	      uncertain_fluents:_{fatal:[]}
	    },
   percepts:[]
 }
La valeur de AdjSansWumpus est : [_13594{x:2,y:3},_13612{x:3,y:2},_2546{x:1,y:2},_2508{x:2,y:1}]
Cases Auth est : [_13612{x:3,y:2},_13594{x:2,y:3}]
La valeur de X est : 2
La valeur de Y est : 3
completed(12, 0.056527466, 3284, 200, ok).
/*Fri Mar  8 19:07:21 2024*/ request(13, 1709921241.320, [peer(ip(127,0,0,1)),method(put),request_uri('/action'),path('/action'),http_version(1-1),host(localhost),port(8081),connection('keep-alive'),content_length(2605),sec_ch_ua('"Chromium";v="122", "Not(A:Brand";v="24", "Brave";v="122"'),sec_ch_ua_platform('"Linux"'),sec_ch_ua_mobile('?0'),user_agent('Mozilla/5.0 (X11; Linux x86_64) AppleWebKit/537.36 (KHTML, like Gecko) Chrome/122.0.0.0 Safari/537.36'),content_type('application/json'),sec_gpc('1'),origin('http://localhost:9000'),sec_fetch_site('same-site'),sec_fetch_mode(cors),sec_fetch_dest(empty),referer('http://localhost:9000/')]).
_{ beliefs:_{ certain_eternals:_{ cells:[ _{x:0,y:0},
					  _{x:1,y:0},
					  _{x:2,y:0},
					  _{x:3,y:0},
					  _{x:4,y:0},
					  _{x:5,y:0},
					  _{x:0,y:1},
					  _{x:1,y:1},
					  _{x:2,y:1},
					  _{x:3,y:1},
					  _{x:4,y:1},
					  _{x:5,y:1},
					  _{x:0,y:2},
					  _{x:1,y:2},
					  _{x:2,y:2},
					  _{x:3,y:2},
					  _{x:4,y:2},
					  _{x:5,y:2},
					  _{x:0,y:3},
					  _{x:1,y:3},
					  _{x:2,y:3},
					  _{x:3,y:3},
					  _{x:4,y:3},
					  _{x:5,y:3},
					  _{x:0,y:4},
					  _{x:1,y:4},
					  _{x:2,y:4},
					  _{x:3,y:4},
					  _{x:4,y:4},
					  _{x:5,y:4},
					  _{x:0,y:5},
					  _{x:1,y:5},
					  _{x:2,y:5},
					  _{x:3,y:5},
					  _{x:4,y:5},
					  _{x:5,y:5}
					],
				  eat_exit:_{c:_{x:1,y:1},e:_{id:exit}},
				  eat_walls:[ _{ c:_{x:5,y:5},
						 w:_{id:wall20}
					       },
					      _{ c:_{x:4,y:5},
						 w:_{id:wall19}
					       },
					      _{ c:_{x:3,y:5},
						 w:_{id:wall18}
					       },
					      _{ c:_{x:2,y:5},
						 w:_{id:wall17}
					       },
					      _{ c:_{x:1,y:5},
						 w:_{id:wall16}
					       },
					      _{ c:_{x:0,y:5},
						 w:_{id:wall15}
					       },
					      _{ c:_{x:5,y:4},
						 w:_{id:wall14}
					       },
					      _{ c:_{x:0,y:4},
						 w:_{id:wall13}
					       },
					      _{ c:_{x:5,y:3},
						 w:_{id:wall12}
					       },
					      _{ c:_{x:0,y:3},
						 w:_{id:wall11}
					       },
					      _{ c:_{x:5,y:2},
						 w:_{id:wall10}
					       },
					      _{ c:_{x:0,y:2},
						 w:_{id:wall9}
					       },
					      _{ c:_{x:5,y:1},
						 w:_{id:wall8}
					       },
					      _{ c:_{x:0,y:1},
						 w:_{id:wall7}
					       },
					      _{ c:_{x:5,y:0},
						 w:_{id:wall6}
					       },
					      _{ c:_{x:4,y:0},
						 w:_{id:wall5}
					       },
					      _{ c:_{x:3,y:0},
						 w:_{id:wall4}
					       },
					      _{ c:_{x:2,y:0},
						 w:_{id:wall3}
					       },
					      _{ c:_{x:1,y:0},
						 w:_{id:wall2}
					       },
					      _{ c:_{x:0,y:0},
						 w:_{id:wall1}
					       }
					    ]
				},
	      certain_fluents:_{ alive:[_{id:hunter}],
				 dir:[_{d:north,h:_{id:hunter}}],
				 fat_gold:[],
				 fat_hunter:_{ c:_{x:2,y:3},
					       h:_{id:hunter}
					     },
				 game_state:running,
				 has_arrow:[ _{ a:_{id:arrow1},
						h:_{id:hunter}
					      }
					   ],
				 has_gold:[],
				 score:0,
				 visited:[ _{ from:_{x:2,y:2},
					      to:_{x:2,y:3}
					    },
					   _{ from:_{x:2,y:1},
					      to:_{x:2,y:2}
					    },
					   _{ from:_{x:1,y:1},
					      to:_{x:2,y:1}
					    },
					   _{ from:_{x:1,y:2},
					      to:_{x:1,y:1}
					    },
					   _{ from:_{x:1,y:1},
					      to:_{x:1,y:2}
					    }
					 ]
			       },
	      step:0,
	      uncertain_eternals:_{ eat_pit:[ _{ c:_{x:3,y:1},
						 p:_{id:true}
					       },
					      _{ c:_{x:1,y:1},
						 p:_{id:false}
					       },
					      _{ c:_{x:2,y:1},
						 p:_{id:false}
					       },
					      _{ c:_{x:1,y:2},
						 p:_{id:false}
					       },
					      _{ c:_{x:2,y:2},
						 p:_{id:false}
					       },
					      _{ c:_{x:1,y:3},
						 p:_{id:false}
					       },
					      _{ c:_{x:3,y:2},
						 p:_{id:false}
					       },
					      _{ c:_{x:2,y:3},
						 p:_{id:false}
					       }
					    ],
				    eat_wumpus:[ _{ c:_{x:1,y:3},
						    w:_{id:true}
						  },
						 _{ c:_{x:1,y:1},
						    w:_{id:false}
						  },
						 _{ c:_{x:2,y:1},
						    w:_{id:false}
						  },
						 _{ c:_{x:1,y:2},
						    w:_{id:false}
						  },
						 _{ c:_{x:3,y:1},
						    w:_{id:false}
						  },
						 _{ c:_{x:2,y:2},
						    w:_{id:false}
						  },
						 _{ c:_{x:3,y:2},
						    w:_{id:false}
						  },
						 _{ c:_{x:2,y:3},
						    w:_{id:false}
						  }
					       ]
				  },
	      uncertain_fluents:_{fatal:[]}
	    },
   percepts:[glitter,breeze,stench]
 }
completed(13, 0.07536988, 3488, 200, ok).
/*Fri Mar  8 19:07:23 2024*/ request(14, 1709921243.060, [peer(ip(127,0,0,1)),method(put),request_uri('/action'),path('/action'),http_version(1-1),host(localhost),port(8081),connection('keep-alive'),content_length(2741),sec_ch_ua('"Chromium";v="122", "Not(A:Brand";v="24", "Brave";v="122"'),sec_ch_ua_platform('"Linux"'),sec_ch_ua_mobile('?0'),user_agent('Mozilla/5.0 (X11; Linux x86_64) AppleWebKit/537.36 (KHTML, like Gecko) Chrome/122.0.0.0 Safari/537.36'),content_type('application/json'),sec_gpc('1'),origin('http://localhost:9000'),sec_fetch_site('same-site'),sec_fetch_mode(cors),sec_fetch_dest(empty),referer('http://localhost:9000/')]).
_{ beliefs:_{ certain_eternals:_{ cells:[ _{x:0,y:0},
					  _{x:1,y:0},
					  _{x:2,y:0},
					  _{x:3,y:0},
					  _{x:4,y:0},
					  _{x:5,y:0},
					  _{x:0,y:1},
					  _{x:1,y:1},
					  _{x:2,y:1},
					  _{x:3,y:1},
					  _{x:4,y:1},
					  _{x:5,y:1},
					  _{x:0,y:2},
					  _{x:1,y:2},
					  _{x:2,y:2},
					  _{x:3,y:2},
					  _{x:4,y:2},
					  _{x:5,y:2},
					  _{x:0,y:3},
					  _{x:1,y:3},
					  _{x:2,y:3},
					  _{x:3,y:3},
					  _{x:4,y:3},
					  _{x:5,y:3},
					  _{x:0,y:4},
					  _{x:1,y:4},
					  _{x:2,y:4},
					  _{x:3,y:4},
					  _{x:4,y:4},
					  _{x:5,y:4},
					  _{x:0,y:5},
					  _{x:1,y:5},
					  _{x:2,y:5},
					  _{x:3,y:5},
					  _{x:4,y:5},
					  _{x:5,y:5}
					],
				  eat_exit:_{c:_{x:1,y:1},e:_{id:exit}},
				  eat_walls:[ _{ c:_{x:5,y:5},
						 w:_{id:wall20}
					       },
					      _{ c:_{x:4,y:5},
						 w:_{id:wall19}
					       },
					      _{ c:_{x:3,y:5},
						 w:_{id:wall18}
					       },
					      _{ c:_{x:2,y:5},
						 w:_{id:wall17}
					       },
					      _{ c:_{x:1,y:5},
						 w:_{id:wall16}
					       },
					      _{ c:_{x:0,y:5},
						 w:_{id:wall15}
					       },
					      _{ c:_{x:5,y:4},
						 w:_{id:wall14}
					       },
					      _{ c:_{x:0,y:4},
						 w:_{id:wall13}
					       },
					      _{ c:_{x:5,y:3},
						 w:_{id:wall12}
					       },
					      _{ c:_{x:0,y:3},
						 w:_{id:wall11}
					       },
					      _{ c:_{x:5,y:2},
						 w:_{id:wall10}
					       },
					      _{ c:_{x:0,y:2},
						 w:_{id:wall9}
					       },
					      _{ c:_{x:5,y:1},
						 w:_{id:wall8}
					       },
					      _{ c:_{x:0,y:1},
						 w:_{id:wall7}
					       },
					      _{ c:_{x:5,y:0},
						 w:_{id:wall6}
					       },
					      _{ c:_{x:4,y:0},
						 w:_{id:wall5}
					       },
					      _{ c:_{x:3,y:0},
						 w:_{id:wall4}
					       },
					      _{ c:_{x:2,y:0},
						 w:_{id:wall3}
					       },
					      _{ c:_{x:1,y:0},
						 w:_{id:wall2}
					       },
					      _{ c:_{x:0,y:0},
						 w:_{id:wall1}
					       }
					    ]
				},
	      certain_fluents:_{ alive:[_{id:hunter}],
				 dir:[_{d:north,h:_{id:hunter}}],
				 fat_gold:[],
				 fat_hunter:_{ c:_{x:2,y:3},
					       h:_{id:hunter}
					     },
				 game_state:running,
				 has_arrow:[ _{ a:_{id:arrow1},
						h:_{id:hunter}
					      }
					   ],
				 has_gold:true,
				 score:0,
				 visited:[ _{ from:_{x:2,y:2},
					      to:_{x:2,y:3}
					    },
					   _{ from:_{x:2,y:1},
					      to:_{x:2,y:2}
					    },
					   _{ from:_{x:1,y:1},
					      to:_{x:2,y:1}
					    },
					   _{ from:_{x:1,y:2},
					      to:_{x:1,y:1}
					    },
					   _{ from:_{x:1,y:1},
					      to:_{x:1,y:2}
					    }
					 ]
			       },
	      step:0,
	      uncertain_eternals:_{ eat_pit:[ _{ c:_{x:3,y:1},
						 p:_{id:true}
					       },
					      _{ c:_{x:2,y:4},
						 p:_{id:true}
					       },
					      _{ c:_{x:3,y:3},
						 p:_{id:true}
					       },
					      _{ c:_{x:1,y:1},
						 p:_{id:false}
					       },
					      _{ c:_{x:2,y:1},
						 p:_{id:false}
					       },
					      _{ c:_{x:1,y:2},
						 p:_{id:false}
					       },
					      _{ c:_{x:2,y:2},
						 p:_{id:false}
					       },
					      _{ c:_{x:1,y:3},
						 p:_{id:false}
					       },
					      _{ c:_{x:3,y:2},
						 p:_{id:false}
					       },
					      _{ c:_{x:2,y:3},
						 p:_{id:false}
					       }
					    ],
				    eat_wumpus:[ _{ c:_{x:1,y:3},
						    w:_{id:true}
						  },
						 _{ c:_{x:2,y:4},
						    w:_{id:true}
						  },
						 _{ c:_{x:3,y:3},
						    w:_{id:true}
						  },
						 _{ c:_{x:1,y:1},
						    w:_{id:false}
						  },
						 _{ c:_{x:2,y:1},
						    w:_{id:false}
						  },
						 _{ c:_{x:1,y:2},
						    w:_{id:false}
						  },
						 _{ c:_{x:3,y:1},
						    w:_{id:false}
						  },
						 _{ c:_{x:2,y:2},
						    w:_{id:false}
						  },
						 _{ c:_{x:3,y:2},
						    w:_{id:false}
						  },
						 _{ c:_{x:2,y:3},
						    w:_{id:false}
						  }
					       ]
				  },
	      uncertain_fluents:_{fatal:[]}
	    },
   percepts:[breeze,stench]
 }
Ls : [_2342{x:1,y:2},_2300{x:1,y:1},_2258{x:2,y:1},_2216{x:2,y:2}]
Case : _2342{x:1,y:2}
La valeur de Case est : _2342{x:1,y:2}
server(error, 1709921243).
server(started, 1709921414).
/*Fri Mar  8 19:10:16 2024*/ request(1, 1709921416.272, [peer(ip(127,0,0,1)),method(options),request_uri('/action'),path('/action'),http_version(1-1),host(localhost),port(8081),connection('keep-alive'),access_control_request_method('PUT'),access_control_request_headers('content-type'),origin('http://localhost:9000'),user_agent('Mozilla/5.0 (X11; Linux x86_64) AppleWebKit/537.36 (KHTML, like Gecko) Chrome/122.0.0.0 Safari/537.36'),sec_fetch_mode(cors),sec_fetch_site('same-site'),sec_fetch_dest(empty),referer('http://localhost:9000/')]).
completed(1, 0.03180222, 0, 200, ok).
/*Fri Mar  8 19:10:16 2024*/ request(2, 1709921416.281, [peer(ip(127,0,0,1)),method(put),request_uri('/action'),path('/action'),http_version(1-1),host(localhost),port(8081),connection('keep-alive'),content_length(1781),sec_ch_ua('"Chromium";v="122", "Not(A:Brand";v="24", "Brave";v="122"'),sec_ch_ua_platform('"Linux"'),sec_ch_ua_mobile('?0'),user_agent('Mozilla/5.0 (X11; Linux x86_64) AppleWebKit/537.36 (KHTML, like Gecko) Chrome/122.0.0.0 Safari/537.36'),content_type('application/json'),sec_gpc('1'),origin('http://localhost:9000'),sec_fetch_site('same-site'),sec_fetch_mode(cors),sec_fetch_dest(empty),referer('http://localhost:9000/')]).
_{ beliefs:_{ certain_eternals:_{ cells:[ _{x:0,y:0},
					  _{x:1,y:0},
					  _{x:2,y:0},
					  _{x:3,y:0},
					  _{x:4,y:0},
					  _{x:5,y:0},
					  _{x:0,y:1},
					  _{x:1,y:1},
					  _{x:2,y:1},
					  _{x:3,y:1},
					  _{x:4,y:1},
					  _{x:5,y:1},
					  _{x:0,y:2},
					  _{x:1,y:2},
					  _{x:2,y:2},
					  _{x:3,y:2},
					  _{x:4,y:2},
					  _{x:5,y:2},
					  _{x:0,y:3},
					  _{x:1,y:3},
					  _{x:2,y:3},
					  _{x:3,y:3},
					  _{x:4,y:3},
					  _{x:5,y:3},
					  _{x:0,y:4},
					  _{x:1,y:4},
					  _{x:2,y:4},
					  _{x:3,y:4},
					  _{x:4,y:4},
					  _{x:5,y:4},
					  _{x:0,y:5},
					  _{x:1,y:5},
					  _{x:2,y:5},
					  _{x:3,y:5},
					  _{x:4,y:5},
					  _{x:5,y:5}
					],
				  eat_exit:_{c:_{x:1,y:1},e:_{id:exit}},
				  eat_walls:[ _{ c:_{x:5,y:5},
						 w:_{id:wall20}
					       },
					      _{ c:_{x:4,y:5},
						 w:_{id:wall19}
					       },
					      _{ c:_{x:3,y:5},
						 w:_{id:wall18}
					       },
					      _{ c:_{x:2,y:5},
						 w:_{id:wall17}
					       },
					      _{ c:_{x:1,y:5},
						 w:_{id:wall16}
					       },
					      _{ c:_{x:0,y:5},
						 w:_{id:wall15}
					       },
					      _{ c:_{x:5,y:4},
						 w:_{id:wall14}
					       },
					      _{ c:_{x:0,y:4},
						 w:_{id:wall13}
					       },
					      _{ c:_{x:5,y:3},
						 w:_{id:wall12}
					       },
					      _{ c:_{x:0,y:3},
						 w:_{id:wall11}
					       },
					      _{ c:_{x:5,y:2},
						 w:_{id:wall10}
					       },
					      _{ c:_{x:0,y:2},
						 w:_{id:wall9}
					       },
					      _{ c:_{x:5,y:1},
						 w:_{id:wall8}
					       },
					      _{ c:_{x:0,y:1},
						 w:_{id:wall7}
					       },
					      _{ c:_{x:5,y:0},
						 w:_{id:wall6}
					       },
					      _{ c:_{x:4,y:0},
						 w:_{id:wall5}
					       },
					      _{ c:_{x:3,y:0},
						 w:_{id:wall4}
					       },
					      _{ c:_{x:2,y:0},
						 w:_{id:wall3}
					       },
					      _{ c:_{x:1,y:0},
						 w:_{id:wall2}
					       },
					      _{ c:_{x:0,y:0},
						 w:_{id:wall1}
					       }
					    ]
				},
	      certain_fluents:_{ alive:[_{id:hunter}],
				 dir:[_{d:north,h:_{id:hunter}}],
				 fat_gold:[],
				 fat_hunter:_{ c:_{x:1,y:1},
					       h:_{id:hunter}
					     },
				 game_state:running,
				 has_arrow:[ _{ a:_{id:arrow1},
						h:_{id:hunter}
					      }
					   ],
				 has_gold:[],
				 score:0,
				 visited:[]
			       },
	      step:0,
	      uncertain_eternals:_{eat_pit:[],eat_wumpus:[]},
	      uncertain_fluents:_{fatal:[]}
	    },
   percepts:[]
 }
La valeur de AdjSansWumpus est : [_25080{x:1,y:2},_25098{x:2,y:1}]
Cases Auth est : [_25080{x:1,y:2},_25098{x:2,y:1}]
La valeur de X est : 1
La valeur de Y est : 2
completed(2, 0.060399760000000004, 2628, 200, ok).
/*Fri Mar  8 19:10:17 2024*/ request(3, 1709921417.016, [peer(ip(127,0,0,1)),method(put),request_uri('/action'),path('/action'),http_version(1-1),host(localhost),port(8081),connection('keep-alive'),content_length(2050),sec_ch_ua('"Chromium";v="122", "Not(A:Brand";v="24", "Brave";v="122"'),sec_ch_ua_platform('"Linux"'),sec_ch_ua_mobile('?0'),user_agent('Mozilla/5.0 (X11; Linux x86_64) AppleWebKit/537.36 (KHTML, like Gecko) Chrome/122.0.0.0 Safari/537.36'),content_type('application/json'),sec_gpc('1'),origin('http://localhost:9000'),sec_fetch_site('same-site'),sec_fetch_mode(cors),sec_fetch_dest(empty),referer('http://localhost:9000/')]).
_{ beliefs:_{ certain_eternals:_{ cells:[ _{x:0,y:0},
					  _{x:1,y:0},
					  _{x:2,y:0},
					  _{x:3,y:0},
					  _{x:4,y:0},
					  _{x:5,y:0},
					  _{x:0,y:1},
					  _{x:1,y:1},
					  _{x:2,y:1},
					  _{x:3,y:1},
					  _{x:4,y:1},
					  _{x:5,y:1},
					  _{x:0,y:2},
					  _{x:1,y:2},
					  _{x:2,y:2},
					  _{x:3,y:2},
					  _{x:4,y:2},
					  _{x:5,y:2},
					  _{x:0,y:3},
					  _{x:1,y:3},
					  _{x:2,y:3},
					  _{x:3,y:3},
					  _{x:4,y:3},
					  _{x:5,y:3},
					  _{x:0,y:4},
					  _{x:1,y:4},
					  _{x:2,y:4},
					  _{x:3,y:4},
					  _{x:4,y:4},
					  _{x:5,y:4},
					  _{x:0,y:5},
					  _{x:1,y:5},
					  _{x:2,y:5},
					  _{x:3,y:5},
					  _{x:4,y:5},
					  _{x:5,y:5}
					],
				  eat_exit:_{c:_{x:1,y:1},e:_{id:exit}},
				  eat_walls:[ _{ c:_{x:5,y:5},
						 w:_{id:wall20}
					       },
					      _{ c:_{x:4,y:5},
						 w:_{id:wall19}
					       },
					      _{ c:_{x:3,y:5},
						 w:_{id:wall18}
					       },
					      _{ c:_{x:2,y:5},
						 w:_{id:wall17}
					       },
					      _{ c:_{x:1,y:5},
						 w:_{id:wall16}
					       },
					      _{ c:_{x:0,y:5},
						 w:_{id:wall15}
					       },
					      _{ c:_{x:5,y:4},
						 w:_{id:wall14}
					       },
					      _{ c:_{x:0,y:4},
						 w:_{id:wall13}
					       },
					      _{ c:_{x:5,y:3},
						 w:_{id:wall12}
					       },
					      _{ c:_{x:0,y:3},
						 w:_{id:wall11}
					       },
					      _{ c:_{x:5,y:2},
						 w:_{id:wall10}
					       },
					      _{ c:_{x:0,y:2},
						 w:_{id:wall9}
					       },
					      _{ c:_{x:5,y:1},
						 w:_{id:wall8}
					       },
					      _{ c:_{x:0,y:1},
						 w:_{id:wall7}
					       },
					      _{ c:_{x:5,y:0},
						 w:_{id:wall6}
					       },
					      _{ c:_{x:4,y:0},
						 w:_{id:wall5}
					       },
					      _{ c:_{x:3,y:0},
						 w:_{id:wall4}
					       },
					      _{ c:_{x:2,y:0},
						 w:_{id:wall3}
					       },
					      _{ c:_{x:1,y:0},
						 w:_{id:wall2}
					       },
					      _{ c:_{x:0,y:0},
						 w:_{id:wall1}
					       }
					    ]
				},
	      certain_fluents:_{ alive:[_{id:hunter}],
				 dir:[_{d:north,h:_{id:hunter}}],
				 fat_gold:[],
				 fat_hunter:_{ c:_{x:1,y:2},
					       h:_{id:hunter}
					     },
				 game_state:running,
				 has_arrow:[ _{ a:_{id:arrow1},
						h:_{id:hunter}
					      }
					   ],
				 has_gold:[],
				 score:0,
				 visited:[ _{ from:_{x:1,y:1},
					      to:_{x:1,y:2}
					    }
					 ]
			       },
	      step:0,
	      uncertain_eternals:_{ eat_pit:[ _{ c:_{x:1,y:1},
						 p:_{id:false}
					       },
					      _{ c:_{x:2,y:1},
						 p:_{id:false}
					       },
					      _{ c:_{x:1,y:2},
						 p:_{id:false}
					       }
					    ],
				    eat_wumpus:[ _{ c:_{x:1,y:1},
						    w:_{id:false}
						  },
						 _{ c:_{x:2,y:1},
						    w:_{id:false}
						  },
						 _{ c:_{x:1,y:2},
						    w:_{id:false}
						  }
					       ]
				  },
	      uncertain_fluents:_{fatal:[]}
	    },
   percepts:[stench]
 }
La valeur de AdjSansWumpus est : [_7748{x:1,y:1}]
Cases Auth est : [_7534{x:1,y:1}]
La valeur de X est : 1
La valeur de Y est : 3
completed(3, 0.072107601, 2811, 200, ok).
/*Fri Mar  8 19:10:18 2024*/ request(4, 1709921418.346, [peer(ip(127,0,0,1)),method(put),request_uri('/action'),path('/action'),http_version(1-1),host(localhost),port(8081),connection('keep-alive'),content_length(2195),sec_ch_ua('"Chromium";v="122", "Not(A:Brand";v="24", "Brave";v="122"'),sec_ch_ua_platform('"Linux"'),sec_ch_ua_mobile('?0'),user_agent('Mozilla/5.0 (X11; Linux x86_64) AppleWebKit/537.36 (KHTML, like Gecko) Chrome/122.0.0.0 Safari/537.36'),content_type('application/json'),sec_gpc('1'),origin('http://localhost:9000'),sec_fetch_site('same-site'),sec_fetch_mode(cors),sec_fetch_dest(empty),referer('http://localhost:9000/')]).
_{ beliefs:_{ certain_eternals:_{ cells:[ _{x:0,y:0},
					  _{x:1,y:0},
					  _{x:2,y:0},
					  _{x:3,y:0},
					  _{x:4,y:0},
					  _{x:5,y:0},
					  _{x:0,y:1},
					  _{x:1,y:1},
					  _{x:2,y:1},
					  _{x:3,y:1},
					  _{x:4,y:1},
					  _{x:5,y:1},
					  _{x:0,y:2},
					  _{x:1,y:2},
					  _{x:2,y:2},
					  _{x:3,y:2},
					  _{x:4,y:2},
					  _{x:5,y:2},
					  _{x:0,y:3},
					  _{x:1,y:3},
					  _{x:2,y:3},
					  _{x:3,y:3},
					  _{x:4,y:3},
					  _{x:5,y:3},
					  _{x:0,y:4},
					  _{x:1,y:4},
					  _{x:2,y:4},
					  _{x:3,y:4},
					  _{x:4,y:4},
					  _{x:5,y:4},
					  _{x:0,y:5},
					  _{x:1,y:5},
					  _{x:2,y:5},
					  _{x:3,y:5},
					  _{x:4,y:5},
					  _{x:5,y:5}
					],
				  eat_exit:_{c:_{x:1,y:1},e:_{id:exit}},
				  eat_walls:[ _{ c:_{x:5,y:5},
						 w:_{id:wall20}
					       },
					      _{ c:_{x:4,y:5},
						 w:_{id:wall19}
					       },
					      _{ c:_{x:3,y:5},
						 w:_{id:wall18}
					       },
					      _{ c:_{x:2,y:5},
						 w:_{id:wall17}
					       },
					      _{ c:_{x:1,y:5},
						 w:_{id:wall16}
					       },
					      _{ c:_{x:0,y:5},
						 w:_{id:wall15}
					       },
					      _{ c:_{x:5,y:4},
						 w:_{id:wall14}
					       },
					      _{ c:_{x:0,y:4},
						 w:_{id:wall13}
					       },
					      _{ c:_{x:5,y:3},
						 w:_{id:wall12}
					       },
					      _{ c:_{x:0,y:3},
						 w:_{id:wall11}
					       },
					      _{ c:_{x:5,y:2},
						 w:_{id:wall10}
					       },
					      _{ c:_{x:0,y:2},
						 w:_{id:wall9}
					       },
					      _{ c:_{x:5,y:1},
						 w:_{id:wall8}
					       },
					      _{ c:_{x:0,y:1},
						 w:_{id:wall7}
					       },
					      _{ c:_{x:5,y:0},
						 w:_{id:wall6}
					       },
					      _{ c:_{x:4,y:0},
						 w:_{id:wall5}
					       },
					      _{ c:_{x:3,y:0},
						 w:_{id:wall4}
					       },
					      _{ c:_{x:2,y:0},
						 w:_{id:wall3}
					       },
					      _{ c:_{x:1,y:0},
						 w:_{id:wall2}
					       },
					      _{ c:_{x:0,y:0},
						 w:_{id:wall1}
					       }
					    ]
				},
	      certain_fluents:_{ alive:[_{id:hunter}],
				 dir:[_{d:west,h:_{id:hunter}}],
				 fat_gold:[],
				 fat_hunter:_{ c:_{x:1,y:2},
					       h:_{id:hunter}
					     },
				 game_state:running,
				 has_arrow:[ _{ a:_{id:arrow1},
						h:_{id:hunter}
					      }
					   ],
				 has_gold:[],
				 score:0,
				 visited:[ _{ from:_{x:1,y:1},
					      to:_{x:1,y:2}
					    }
					 ]
			       },
	      step:0,
	      uncertain_eternals:_{ eat_pit:[ _{ c:_{x:1,y:1},
						 p:_{id:false}
					       },
					      _{ c:_{x:2,y:1},
						 p:_{id:false}
					       },
					      _{ c:_{x:1,y:2},
						 p:_{id:false}
					       },
					      _{ c:_{x:2,y:2},
						 p:_{id:false}
					       },
					      _{ c:_{x:1,y:3},
						 p:_{id:false}
					       }
					    ],
				    eat_wumpus:[ _{ c:_{x:1,y:3},
						    w:_{id:true}
						  },
						 _{ c:_{x:2,y:2},
						    w:_{id:true}
						  },
						 _{ c:_{x:1,y:1},
						    w:_{id:false}
						  },
						 _{ c:_{x:2,y:1},
						    w:_{id:false}
						  },
						 _{ c:_{x:1,y:2},
						    w:_{id:false}
						  }
					       ]
				  },
	      uncertain_fluents:_{fatal:[]}
	    },
   percepts:[stench]
 }
La valeur de AdjSansWumpus est : [_2306{x:1,y:1}]
Cases Auth est : [_2224{x:1,y:1}]
La valeur de X est : 0
La valeur de Y est : 2
completed(4, 0.07472145000000001, 2812, 200, ok).
/*Fri Mar  8 19:10:19 2024*/ request(5, 1709921419.281, [peer(ip(127,0,0,1)),method(put),request_uri('/action'),path('/action'),http_version(1-1),host(localhost),port(8081),connection('keep-alive'),content_length(2196),sec_ch_ua('"Chromium";v="122", "Not(A:Brand";v="24", "Brave";v="122"'),sec_ch_ua_platform('"Linux"'),sec_ch_ua_mobile('?0'),user_agent('Mozilla/5.0 (X11; Linux x86_64) AppleWebKit/537.36 (KHTML, like Gecko) Chrome/122.0.0.0 Safari/537.36'),content_type('application/json'),sec_gpc('1'),origin('http://localhost:9000'),sec_fetch_site('same-site'),sec_fetch_mode(cors),sec_fetch_dest(empty),referer('http://localhost:9000/')]).
_{ beliefs:_{ certain_eternals:_{ cells:[ _{x:0,y:0},
					  _{x:1,y:0},
					  _{x:2,y:0},
					  _{x:3,y:0},
					  _{x:4,y:0},
					  _{x:5,y:0},
					  _{x:0,y:1},
					  _{x:1,y:1},
					  _{x:2,y:1},
					  _{x:3,y:1},
					  _{x:4,y:1},
					  _{x:5,y:1},
					  _{x:0,y:2},
					  _{x:1,y:2},
					  _{x:2,y:2},
					  _{x:3,y:2},
					  _{x:4,y:2},
					  _{x:5,y:2},
					  _{x:0,y:3},
					  _{x:1,y:3},
					  _{x:2,y:3},
					  _{x:3,y:3},
					  _{x:4,y:3},
					  _{x:5,y:3},
					  _{x:0,y:4},
					  _{x:1,y:4},
					  _{x:2,y:4},
					  _{x:3,y:4},
					  _{x:4,y:4},
					  _{x:5,y:4},
					  _{x:0,y:5},
					  _{x:1,y:5},
					  _{x:2,y:5},
					  _{x:3,y:5},
					  _{x:4,y:5},
					  _{x:5,y:5}
					],
				  eat_exit:_{c:_{x:1,y:1},e:_{id:exit}},
				  eat_walls:[ _{ c:_{x:5,y:5},
						 w:_{id:wall20}
					       },
					      _{ c:_{x:4,y:5},
						 w:_{id:wall19}
					       },
					      _{ c:_{x:3,y:5},
						 w:_{id:wall18}
					       },
					      _{ c:_{x:2,y:5},
						 w:_{id:wall17}
					       },
					      _{ c:_{x:1,y:5},
						 w:_{id:wall16}
					       },
					      _{ c:_{x:0,y:5},
						 w:_{id:wall15}
					       },
					      _{ c:_{x:5,y:4},
						 w:_{id:wall14}
					       },
					      _{ c:_{x:0,y:4},
						 w:_{id:wall13}
					       },
					      _{ c:_{x:5,y:3},
						 w:_{id:wall12}
					       },
					      _{ c:_{x:0,y:3},
						 w:_{id:wall11}
					       },
					      _{ c:_{x:5,y:2},
						 w:_{id:wall10}
					       },
					      _{ c:_{x:0,y:2},
						 w:_{id:wall9}
					       },
					      _{ c:_{x:5,y:1},
						 w:_{id:wall8}
					       },
					      _{ c:_{x:0,y:1},
						 w:_{id:wall7}
					       },
					      _{ c:_{x:5,y:0},
						 w:_{id:wall6}
					       },
					      _{ c:_{x:4,y:0},
						 w:_{id:wall5}
					       },
					      _{ c:_{x:3,y:0},
						 w:_{id:wall4}
					       },
					      _{ c:_{x:2,y:0},
						 w:_{id:wall3}
					       },
					      _{ c:_{x:1,y:0},
						 w:_{id:wall2}
					       },
					      _{ c:_{x:0,y:0},
						 w:_{id:wall1}
					       }
					    ]
				},
	      certain_fluents:_{ alive:[_{id:hunter}],
				 dir:[_{d:south,h:_{id:hunter}}],
				 fat_gold:[],
				 fat_hunter:_{ c:_{x:1,y:2},
					       h:_{id:hunter}
					     },
				 game_state:running,
				 has_arrow:[ _{ a:_{id:arrow1},
						h:_{id:hunter}
					      }
					   ],
				 has_gold:[],
				 score:0,
				 visited:[ _{ from:_{x:1,y:1},
					      to:_{x:1,y:2}
					    }
					 ]
			       },
	      step:0,
	      uncertain_eternals:_{ eat_pit:[ _{ c:_{x:1,y:1},
						 p:_{id:false}
					       },
					      _{ c:_{x:2,y:1},
						 p:_{id:false}
					       },
					      _{ c:_{x:1,y:2},
						 p:_{id:false}
					       },
					      _{ c:_{x:2,y:2},
						 p:_{id:false}
					       },
					      _{ c:_{x:1,y:3},
						 p:_{id:false}
					       }
					    ],
				    eat_wumpus:[ _{ c:_{x:1,y:3},
						    w:_{id:true}
						  },
						 _{ c:_{x:2,y:2},
						    w:_{id:true}
						  },
						 _{ c:_{x:1,y:1},
						    w:_{id:false}
						  },
						 _{ c:_{x:2,y:1},
						    w:_{id:false}
						  },
						 _{ c:_{x:1,y:2},
						    w:_{id:false}
						  }
					       ]
				  },
	      uncertain_fluents:_{fatal:[]}
	    },
   percepts:[stench]
 }
La valeur de AdjSansWumpus est : [_2298{x:1,y:1}]
Cases Auth est : [_2216{x:1,y:1}]
La valeur de X est : 1
La valeur de Y est : 1
completed(5, 0.08026237700000001, 2870, 200, ok).
/*Fri Mar  8 19:10:19 2024*/ request(6, 1709921419.987, [peer(ip(127,0,0,1)),method(put),request_uri('/action'),path('/action'),http_version(1-1),host(localhost),port(8081),connection('keep-alive'),content_length(2230),sec_ch_ua('"Chromium";v="122", "Not(A:Brand";v="24", "Brave";v="122"'),sec_ch_ua_platform('"Linux"'),sec_ch_ua_mobile('?0'),user_agent('Mozilla/5.0 (X11; Linux x86_64) AppleWebKit/537.36 (KHTML, like Gecko) Chrome/122.0.0.0 Safari/537.36'),content_type('application/json'),sec_gpc('1'),origin('http://localhost:9000'),sec_fetch_site('same-site'),sec_fetch_mode(cors),sec_fetch_dest(empty),referer('http://localhost:9000/')]).
_{ beliefs:_{ certain_eternals:_{ cells:[ _{x:0,y:0},
					  _{x:1,y:0},
					  _{x:2,y:0},
					  _{x:3,y:0},
					  _{x:4,y:0},
					  _{x:5,y:0},
					  _{x:0,y:1},
					  _{x:1,y:1},
					  _{x:2,y:1},
					  _{x:3,y:1},
					  _{x:4,y:1},
					  _{x:5,y:1},
					  _{x:0,y:2},
					  _{x:1,y:2},
					  _{x:2,y:2},
					  _{x:3,y:2},
					  _{x:4,y:2},
					  _{x:5,y:2},
					  _{x:0,y:3},
					  _{x:1,y:3},
					  _{x:2,y:3},
					  _{x:3,y:3},
					  _{x:4,y:3},
					  _{x:5,y:3},
					  _{x:0,y:4},
					  _{x:1,y:4},
					  _{x:2,y:4},
					  _{x:3,y:4},
					  _{x:4,y:4},
					  _{x:5,y:4},
					  _{x:0,y:5},
					  _{x:1,y:5},
					  _{x:2,y:5},
					  _{x:3,y:5},
					  _{x:4,y:5},
					  _{x:5,y:5}
					],
				  eat_exit:_{c:_{x:1,y:1},e:_{id:exit}},
				  eat_walls:[ _{ c:_{x:5,y:5},
						 w:_{id:wall20}
					       },
					      _{ c:_{x:4,y:5},
						 w:_{id:wall19}
					       },
					      _{ c:_{x:3,y:5},
						 w:_{id:wall18}
					       },
					      _{ c:_{x:2,y:5},
						 w:_{id:wall17}
					       },
					      _{ c:_{x:1,y:5},
						 w:_{id:wall16}
					       },
					      _{ c:_{x:0,y:5},
						 w:_{id:wall15}
					       },
					      _{ c:_{x:5,y:4},
						 w:_{id:wall14}
					       },
					      _{ c:_{x:0,y:4},
						 w:_{id:wall13}
					       },
					      _{ c:_{x:5,y:3},
						 w:_{id:wall12}
					       },
					      _{ c:_{x:0,y:3},
						 w:_{id:wall11}
					       },
					      _{ c:_{x:5,y:2},
						 w:_{id:wall10}
					       },
					      _{ c:_{x:0,y:2},
						 w:_{id:wall9}
					       },
					      _{ c:_{x:5,y:1},
						 w:_{id:wall8}
					       },
					      _{ c:_{x:0,y:1},
						 w:_{id:wall7}
					       },
					      _{ c:_{x:5,y:0},
						 w:_{id:wall6}
					       },
					      _{ c:_{x:4,y:0},
						 w:_{id:wall5}
					       },
					      _{ c:_{x:3,y:0},
						 w:_{id:wall4}
					       },
					      _{ c:_{x:2,y:0},
						 w:_{id:wall3}
					       },
					      _{ c:_{x:1,y:0},
						 w:_{id:wall2}
					       },
					      _{ c:_{x:0,y:0},
						 w:_{id:wall1}
					       }
					    ]
				},
	      certain_fluents:_{ alive:[_{id:hunter}],
				 dir:[_{d:south,h:_{id:hunter}}],
				 fat_gold:[],
				 fat_hunter:_{ c:_{x:1,y:1},
					       h:_{id:hunter}
					     },
				 game_state:running,
				 has_arrow:[ _{ a:_{id:arrow1},
						h:_{id:hunter}
					      }
					   ],
				 has_gold:[],
				 score:0,
				 visited:[ _{ from:_{x:1,y:2},
					      to:_{x:1,y:1}
					    },
					   _{ from:_{x:1,y:1},
					      to:_{x:1,y:2}
					    }
					 ]
			       },
	      step:0,
	      uncertain_eternals:_{ eat_pit:[ _{ c:_{x:1,y:1},
						 p:_{id:false}
					       },
					      _{ c:_{x:2,y:1},
						 p:_{id:false}
					       },
					      _{ c:_{x:1,y:2},
						 p:_{id:false}
					       },
					      _{ c:_{x:2,y:2},
						 p:_{id:false}
					       },
					      _{ c:_{x:1,y:3},
						 p:_{id:false}
					       }
					    ],
				    eat_wumpus:[ _{ c:_{x:1,y:3},
						    w:_{id:true}
						  },
						 _{ c:_{x:2,y:2},
						    w:_{id:true}
						  },
						 _{ c:_{x:1,y:1},
						    w:_{id:false}
						  },
						 _{ c:_{x:2,y:1},
						    w:_{id:false}
						  },
						 _{ c:_{x:1,y:2},
						    w:_{id:false}
						  }
					       ]
				  },
	      uncertain_fluents:_{fatal:[]}
	    },
   percepts:[]
 }
La valeur de AdjSansWumpus est : [_2424{x:1,y:2},_2386{x:2,y:1}]
Cases Auth est : [_2386{x:2,y:1}]
La valeur de X est : 1
La valeur de Y est : 0
completed(6, 0.062764936, 2857, 200, ok).
/*Fri Mar  8 19:10:20 2024*/ request(7, 1709921420.886, [peer(ip(127,0,0,1)),method(put),request_uri('/action'),path('/action'),http_version(1-1),host(localhost),port(8081),connection('keep-alive'),content_length(2229),sec_ch_ua('"Chromium";v="122", "Not(A:Brand";v="24", "Brave";v="122"'),sec_ch_ua_platform('"Linux"'),sec_ch_ua_mobile('?0'),user_agent('Mozilla/5.0 (X11; Linux x86_64) AppleWebKit/537.36 (KHTML, like Gecko) Chrome/122.0.0.0 Safari/537.36'),content_type('application/json'),sec_gpc('1'),origin('http://localhost:9000'),sec_fetch_site('same-site'),sec_fetch_mode(cors),sec_fetch_dest(empty),referer('http://localhost:9000/')]).
_{ beliefs:_{ certain_eternals:_{ cells:[ _{x:0,y:0},
					  _{x:1,y:0},
					  _{x:2,y:0},
					  _{x:3,y:0},
					  _{x:4,y:0},
					  _{x:5,y:0},
					  _{x:0,y:1},
					  _{x:1,y:1},
					  _{x:2,y:1},
					  _{x:3,y:1},
					  _{x:4,y:1},
					  _{x:5,y:1},
					  _{x:0,y:2},
					  _{x:1,y:2},
					  _{x:2,y:2},
					  _{x:3,y:2},
					  _{x:4,y:2},
					  _{x:5,y:2},
					  _{x:0,y:3},
					  _{x:1,y:3},
					  _{x:2,y:3},
					  _{x:3,y:3},
					  _{x:4,y:3},
					  _{x:5,y:3},
					  _{x:0,y:4},
					  _{x:1,y:4},
					  _{x:2,y:4},
					  _{x:3,y:4},
					  _{x:4,y:4},
					  _{x:5,y:4},
					  _{x:0,y:5},
					  _{x:1,y:5},
					  _{x:2,y:5},
					  _{x:3,y:5},
					  _{x:4,y:5},
					  _{x:5,y:5}
					],
				  eat_exit:_{c:_{x:1,y:1},e:_{id:exit}},
				  eat_walls:[ _{ c:_{x:5,y:5},
						 w:_{id:wall20}
					       },
					      _{ c:_{x:4,y:5},
						 w:_{id:wall19}
					       },
					      _{ c:_{x:3,y:5},
						 w:_{id:wall18}
					       },
					      _{ c:_{x:2,y:5},
						 w:_{id:wall17}
					       },
					      _{ c:_{x:1,y:5},
						 w:_{id:wall16}
					       },
					      _{ c:_{x:0,y:5},
						 w:_{id:wall15}
					       },
					      _{ c:_{x:5,y:4},
						 w:_{id:wall14}
					       },
					      _{ c:_{x:0,y:4},
						 w:_{id:wall13}
					       },
					      _{ c:_{x:5,y:3},
						 w:_{id:wall12}
					       },
					      _{ c:_{x:0,y:3},
						 w:_{id:wall11}
					       },
					      _{ c:_{x:5,y:2},
						 w:_{id:wall10}
					       },
					      _{ c:_{x:0,y:2},
						 w:_{id:wall9}
					       },
					      _{ c:_{x:5,y:1},
						 w:_{id:wall8}
					       },
					      _{ c:_{x:0,y:1},
						 w:_{id:wall7}
					       },
					      _{ c:_{x:5,y:0},
						 w:_{id:wall6}
					       },
					      _{ c:_{x:4,y:0},
						 w:_{id:wall5}
					       },
					      _{ c:_{x:3,y:0},
						 w:_{id:wall4}
					       },
					      _{ c:_{x:2,y:0},
						 w:_{id:wall3}
					       },
					      _{ c:_{x:1,y:0},
						 w:_{id:wall2}
					       },
					      _{ c:_{x:0,y:0},
						 w:_{id:wall1}
					       }
					    ]
				},
	      certain_fluents:_{ alive:[_{id:hunter}],
				 dir:[_{d:east,h:_{id:hunter}}],
				 fat_gold:[],
				 fat_hunter:_{ c:_{x:1,y:1},
					       h:_{id:hunter}
					     },
				 game_state:running,
				 has_arrow:[ _{ a:_{id:arrow1},
						h:_{id:hunter}
					      }
					   ],
				 has_gold:[],
				 score:0,
				 visited:[ _{ from:_{x:1,y:2},
					      to:_{x:1,y:1}
					    },
					   _{ from:_{x:1,y:1},
					      to:_{x:1,y:2}
					    }
					 ]
			       },
	      step:0,
	      uncertain_eternals:_{ eat_pit:[ _{ c:_{x:1,y:1},
						 p:_{id:false}
					       },
					      _{ c:_{x:2,y:1},
						 p:_{id:false}
					       },
					      _{ c:_{x:1,y:2},
						 p:_{id:false}
					       },
					      _{ c:_{x:2,y:2},
						 p:_{id:false}
					       },
					      _{ c:_{x:1,y:3},
						 p:_{id:false}
					       }
					    ],
				    eat_wumpus:[ _{ c:_{x:1,y:3},
						    w:_{id:true}
						  },
						 _{ c:_{x:2,y:2},
						    w:_{id:true}
						  },
						 _{ c:_{x:1,y:1},
						    w:_{id:false}
						  },
						 _{ c:_{x:2,y:1},
						    w:_{id:false}
						  },
						 _{ c:_{x:1,y:2},
						    w:_{id:false}
						  }
					       ]
				  },
	      uncertain_fluents:_{fatal:[]}
	    },
   percepts:[]
 }
La valeur de AdjSansWumpus est : [_2416{x:1,y:2},_2378{x:2,y:1}]
Cases Auth est : [_2378{x:2,y:1}]
La valeur de X est : 2
La valeur de Y est : 1
completed(7, 0.05423498099999999, 2911, 200, ok).
/*Fri Mar  8 19:10:21 2024*/ request(8, 1709921421.812, [peer(ip(127,0,0,1)),method(options),request_uri('/action'),path('/action'),http_version(1-1),host(localhost),port(8081),connection('keep-alive'),access_control_request_method('PUT'),access_control_request_headers('content-type'),origin('http://localhost:9000'),user_agent('Mozilla/5.0 (X11; Linux x86_64) AppleWebKit/537.36 (KHTML, like Gecko) Chrome/122.0.0.0 Safari/537.36'),sec_fetch_mode(cors),sec_fetch_site('same-site'),sec_fetch_dest(empty),referer('http://localhost:9000/')]).
completed(8, 0.004742648999999995, 0, 200, ok).
/*Fri Mar  8 19:10:21 2024*/ request(9, 1709921421.821, [peer(ip(127,0,0,1)),method(put),request_uri('/action'),path('/action'),http_version(1-1),host(localhost),port(8081),connection('keep-alive'),content_length(2279),sec_ch_ua('"Chromium";v="122", "Not(A:Brand";v="24", "Brave";v="122"'),sec_ch_ua_platform('"Linux"'),sec_ch_ua_mobile('?0'),user_agent('Mozilla/5.0 (X11; Linux x86_64) AppleWebKit/537.36 (KHTML, like Gecko) Chrome/122.0.0.0 Safari/537.36'),content_type('application/json'),sec_gpc('1'),origin('http://localhost:9000'),sec_fetch_site('same-site'),sec_fetch_mode(cors),sec_fetch_dest(empty),referer('http://localhost:9000/')]).
_{ beliefs:_{ certain_eternals:_{ cells:[ _{x:0,y:0},
					  _{x:1,y:0},
					  _{x:2,y:0},
					  _{x:3,y:0},
					  _{x:4,y:0},
					  _{x:5,y:0},
					  _{x:0,y:1},
					  _{x:1,y:1},
					  _{x:2,y:1},
					  _{x:3,y:1},
					  _{x:4,y:1},
					  _{x:5,y:1},
					  _{x:0,y:2},
					  _{x:1,y:2},
					  _{x:2,y:2},
					  _{x:3,y:2},
					  _{x:4,y:2},
					  _{x:5,y:2},
					  _{x:0,y:3},
					  _{x:1,y:3},
					  _{x:2,y:3},
					  _{x:3,y:3},
					  _{x:4,y:3},
					  _{x:5,y:3},
					  _{x:0,y:4},
					  _{x:1,y:4},
					  _{x:2,y:4},
					  _{x:3,y:4},
					  _{x:4,y:4},
					  _{x:5,y:4},
					  _{x:0,y:5},
					  _{x:1,y:5},
					  _{x:2,y:5},
					  _{x:3,y:5},
					  _{x:4,y:5},
					  _{x:5,y:5}
					],
				  eat_exit:_{c:_{x:1,y:1},e:_{id:exit}},
				  eat_walls:[ _{ c:_{x:5,y:5},
						 w:_{id:wall20}
					       },
					      _{ c:_{x:4,y:5},
						 w:_{id:wall19}
					       },
					      _{ c:_{x:3,y:5},
						 w:_{id:wall18}
					       },
					      _{ c:_{x:2,y:5},
						 w:_{id:wall17}
					       },
					      _{ c:_{x:1,y:5},
						 w:_{id:wall16}
					       },
					      _{ c:_{x:0,y:5},
						 w:_{id:wall15}
					       },
					      _{ c:_{x:5,y:4},
						 w:_{id:wall14}
					       },
					      _{ c:_{x:0,y:4},
						 w:_{id:wall13}
					       },
					      _{ c:_{x:5,y:3},
						 w:_{id:wall12}
					       },
					      _{ c:_{x:0,y:3},
						 w:_{id:wall11}
					       },
					      _{ c:_{x:5,y:2},
						 w:_{id:wall10}
					       },
					      _{ c:_{x:0,y:2},
						 w:_{id:wall9}
					       },
					      _{ c:_{x:5,y:1},
						 w:_{id:wall8}
					       },
					      _{ c:_{x:0,y:1},
						 w:_{id:wall7}
					       },
					      _{ c:_{x:5,y:0},
						 w:_{id:wall6}
					       },
					      _{ c:_{x:4,y:0},
						 w:_{id:wall5}
					       },
					      _{ c:_{x:3,y:0},
						 w:_{id:wall4}
					       },
					      _{ c:_{x:2,y:0},
						 w:_{id:wall3}
					       },
					      _{ c:_{x:1,y:0},
						 w:_{id:wall2}
					       },
					      _{ c:_{x:0,y:0},
						 w:_{id:wall1}
					       }
					    ]
				},
	      certain_fluents:_{ alive:[_{id:hunter}],
				 dir:[_{d:east,h:_{id:hunter}}],
				 fat_gold:[],
				 fat_hunter:_{ c:_{x:2,y:1},
					       h:_{id:hunter}
					     },
				 game_state:running,
				 has_arrow:[ _{ a:_{id:arrow1},
						h:_{id:hunter}
					      }
					   ],
				 has_gold:[],
				 score:0,
				 visited:[ _{ from:_{x:1,y:1},
					      to:_{x:2,y:1}
					    },
					   _{ from:_{x:1,y:2},
					      to:_{x:1,y:1}
					    },
					   _{ from:_{x:1,y:1},
					      to:_{x:1,y:2}
					    }
					 ]
			       },
	      step:0,
	      uncertain_eternals:_{ eat_pit:[ _{ c:_{x:1,y:1},
						 p:_{id:false}
					       },
					      _{ c:_{x:2,y:1},
						 p:_{id:false}
					       },
					      _{ c:_{x:1,y:2},
						 p:_{id:false}
					       },
					      _{ c:_{x:2,y:2},
						 p:_{id:false}
					       },
					      _{ c:_{x:1,y:3},
						 p:_{id:false}
					       }
					    ],
				    eat_wumpus:[ _{ c:_{x:1,y:3},
						    w:_{id:true}
						  },
						 _{ c:_{x:2,y:2},
						    w:_{id:true}
						  },
						 _{ c:_{x:1,y:1},
						    w:_{id:false}
						  },
						 _{ c:_{x:2,y:1},
						    w:_{id:false}
						  },
						 _{ c:_{x:1,y:2},
						    w:_{id:false}
						  }
					       ]
				  },
	      uncertain_fluents:_{fatal:[]}
	    },
   percepts:[breeze]
 }
La valeur de AdjSansWumpus est : [_2496{x:2,y:2},_2382{x:1,y:1}]
Cases Auth est : [_2496{x:2,y:2}]
La valeur de X est : 3
La valeur de Y est : 1
completed(9, 0.05874654500000001, 3008, 200, ok).
/*Fri Mar  8 19:10:22 2024*/ request(10, 1709921422.860, [peer(ip(127,0,0,1)),method(put),request_uri('/action'),path('/action'),http_version(1-1),host(localhost),port(8081),connection('keep-alive'),content_length(2354),sec_ch_ua('"Chromium";v="122", "Not(A:Brand";v="24", "Brave";v="122"'),sec_ch_ua_platform('"Linux"'),sec_ch_ua_mobile('?0'),user_agent('Mozilla/5.0 (X11; Linux x86_64) AppleWebKit/537.36 (KHTML, like Gecko) Chrome/122.0.0.0 Safari/537.36'),content_type('application/json'),sec_gpc('1'),origin('http://localhost:9000'),sec_fetch_site('same-site'),sec_fetch_mode(cors),sec_fetch_dest(empty),referer('http://localhost:9000/')]).
_{ beliefs:_{ certain_eternals:_{ cells:[ _{x:0,y:0},
					  _{x:1,y:0},
					  _{x:2,y:0},
					  _{x:3,y:0},
					  _{x:4,y:0},
					  _{x:5,y:0},
					  _{x:0,y:1},
					  _{x:1,y:1},
					  _{x:2,y:1},
					  _{x:3,y:1},
					  _{x:4,y:1},
					  _{x:5,y:1},
					  _{x:0,y:2},
					  _{x:1,y:2},
					  _{x:2,y:2},
					  _{x:3,y:2},
					  _{x:4,y:2},
					  _{x:5,y:2},
					  _{x:0,y:3},
					  _{x:1,y:3},
					  _{x:2,y:3},
					  _{x:3,y:3},
					  _{x:4,y:3},
					  _{x:5,y:3},
					  _{x:0,y:4},
					  _{x:1,y:4},
					  _{x:2,y:4},
					  _{x:3,y:4},
					  _{x:4,y:4},
					  _{x:5,y:4},
					  _{x:0,y:5},
					  _{x:1,y:5},
					  _{x:2,y:5},
					  _{x:3,y:5},
					  _{x:4,y:5},
					  _{x:5,y:5}
					],
				  eat_exit:_{c:_{x:1,y:1},e:_{id:exit}},
				  eat_walls:[ _{ c:_{x:5,y:5},
						 w:_{id:wall20}
					       },
					      _{ c:_{x:4,y:5},
						 w:_{id:wall19}
					       },
					      _{ c:_{x:3,y:5},
						 w:_{id:wall18}
					       },
					      _{ c:_{x:2,y:5},
						 w:_{id:wall17}
					       },
					      _{ c:_{x:1,y:5},
						 w:_{id:wall16}
					       },
					      _{ c:_{x:0,y:5},
						 w:_{id:wall15}
					       },
					      _{ c:_{x:5,y:4},
						 w:_{id:wall14}
					       },
					      _{ c:_{x:0,y:4},
						 w:_{id:wall13}
					       },
					      _{ c:_{x:5,y:3},
						 w:_{id:wall12}
					       },
					      _{ c:_{x:0,y:3},
						 w:_{id:wall11}
					       },
					      _{ c:_{x:5,y:2},
						 w:_{id:wall10}
					       },
					      _{ c:_{x:0,y:2},
						 w:_{id:wall9}
					       },
					      _{ c:_{x:5,y:1},
						 w:_{id:wall8}
					       },
					      _{ c:_{x:0,y:1},
						 w:_{id:wall7}
					       },
					      _{ c:_{x:5,y:0},
						 w:_{id:wall6}
					       },
					      _{ c:_{x:4,y:0},
						 w:_{id:wall5}
					       },
					      _{ c:_{x:3,y:0},
						 w:_{id:wall4}
					       },
					      _{ c:_{x:2,y:0},
						 w:_{id:wall3}
					       },
					      _{ c:_{x:1,y:0},
						 w:_{id:wall2}
					       },
					      _{ c:_{x:0,y:0},
						 w:_{id:wall1}
					       }
					    ]
				},
	      certain_fluents:_{ alive:[_{id:hunter}],
				 dir:[_{d:north,h:_{id:hunter}}],
				 fat_gold:[],
				 fat_hunter:_{ c:_{x:2,y:1},
					       h:_{id:hunter}
					     },
				 game_state:running,
				 has_arrow:[ _{ a:_{id:arrow1},
						h:_{id:hunter}
					      }
					   ],
				 has_gold:[],
				 score:0,
				 visited:[ _{ from:_{x:1,y:1},
					      to:_{x:2,y:1}
					    },
					   _{ from:_{x:1,y:2},
					      to:_{x:1,y:1}
					    },
					   _{ from:_{x:1,y:1},
					      to:_{x:1,y:2}
					    }
					 ]
			       },
	      step:0,
	      uncertain_eternals:_{ eat_pit:[ _{ c:_{x:3,y:1},
						 p:_{id:true}
					       },
					      _{ c:_{x:1,y:1},
						 p:_{id:false}
					       },
					      _{ c:_{x:2,y:1},
						 p:_{id:false}
					       },
					      _{ c:_{x:1,y:2},
						 p:_{id:false}
					       },
					      _{ c:_{x:2,y:2},
						 p:_{id:false}
					       },
					      _{ c:_{x:1,y:3},
						 p:_{id:false}
					       }
					    ],
				    eat_wumpus:[ _{ c:_{x:1,y:3},
						    w:_{id:true}
						  },
						 _{ c:_{x:1,y:1},
						    w:_{id:false}
						  },
						 _{ c:_{x:2,y:1},
						    w:_{id:false}
						  },
						 _{ c:_{x:1,y:2},
						    w:_{id:false}
						  },
						 _{ c:_{x:3,y:1},
						    w:_{id:false}
						  },
						 _{ c:_{x:2,y:2},
						    w:_{id:false}
						  }
					       ]
				  },
	      uncertain_fluents:_{fatal:[]}
	    },
   percepts:[breeze]
 }
La valeur de AdjSansWumpus est : [_2534{x:2,y:2},_2420{x:1,y:1}]
Cases Auth est : [_2534{x:2,y:2}]
La valeur de X est : 2
La valeur de Y est : 2
completed(10, 0.078906888, 3062, 200, ok).
/*Fri Mar  8 19:10:23 2024*/ request(11, 1709921423.659, [peer(ip(127,0,0,1)),method(put),request_uri('/action'),path('/action'),http_version(1-1),host(localhost),port(8081),connection('keep-alive'),content_length(2388),sec_ch_ua('"Chromium";v="122", "Not(A:Brand";v="24", "Brave";v="122"'),sec_ch_ua_platform('"Linux"'),sec_ch_ua_mobile('?0'),user_agent('Mozilla/5.0 (X11; Linux x86_64) AppleWebKit/537.36 (KHTML, like Gecko) Chrome/122.0.0.0 Safari/537.36'),content_type('application/json'),sec_gpc('1'),origin('http://localhost:9000'),sec_fetch_site('same-site'),sec_fetch_mode(cors),sec_fetch_dest(empty),referer('http://localhost:9000/')]).
_{ beliefs:_{ certain_eternals:_{ cells:[ _{x:0,y:0},
					  _{x:1,y:0},
					  _{x:2,y:0},
					  _{x:3,y:0},
					  _{x:4,y:0},
					  _{x:5,y:0},
					  _{x:0,y:1},
					  _{x:1,y:1},
					  _{x:2,y:1},
					  _{x:3,y:1},
					  _{x:4,y:1},
					  _{x:5,y:1},
					  _{x:0,y:2},
					  _{x:1,y:2},
					  _{x:2,y:2},
					  _{x:3,y:2},
					  _{x:4,y:2},
					  _{x:5,y:2},
					  _{x:0,y:3},
					  _{x:1,y:3},
					  _{x:2,y:3},
					  _{x:3,y:3},
					  _{x:4,y:3},
					  _{x:5,y:3},
					  _{x:0,y:4},
					  _{x:1,y:4},
					  _{x:2,y:4},
					  _{x:3,y:4},
					  _{x:4,y:4},
					  _{x:5,y:4},
					  _{x:0,y:5},
					  _{x:1,y:5},
					  _{x:2,y:5},
					  _{x:3,y:5},
					  _{x:4,y:5},
					  _{x:5,y:5}
					],
				  eat_exit:_{c:_{x:1,y:1},e:_{id:exit}},
				  eat_walls:[ _{ c:_{x:5,y:5},
						 w:_{id:wall20}
					       },
					      _{ c:_{x:4,y:5},
						 w:_{id:wall19}
					       },
					      _{ c:_{x:3,y:5},
						 w:_{id:wall18}
					       },
					      _{ c:_{x:2,y:5},
						 w:_{id:wall17}
					       },
					      _{ c:_{x:1,y:5},
						 w:_{id:wall16}
					       },
					      _{ c:_{x:0,y:5},
						 w:_{id:wall15}
					       },
					      _{ c:_{x:5,y:4},
						 w:_{id:wall14}
					       },
					      _{ c:_{x:0,y:4},
						 w:_{id:wall13}
					       },
					      _{ c:_{x:5,y:3},
						 w:_{id:wall12}
					       },
					      _{ c:_{x:0,y:3},
						 w:_{id:wall11}
					       },
					      _{ c:_{x:5,y:2},
						 w:_{id:wall10}
					       },
					      _{ c:_{x:0,y:2},
						 w:_{id:wall9}
					       },
					      _{ c:_{x:5,y:1},
						 w:_{id:wall8}
					       },
					      _{ c:_{x:0,y:1},
						 w:_{id:wall7}
					       },
					      _{ c:_{x:5,y:0},
						 w:_{id:wall6}
					       },
					      _{ c:_{x:4,y:0},
						 w:_{id:wall5}
					       },
					      _{ c:_{x:3,y:0},
						 w:_{id:wall4}
					       },
					      _{ c:_{x:2,y:0},
						 w:_{id:wall3}
					       },
					      _{ c:_{x:1,y:0},
						 w:_{id:wall2}
					       },
					      _{ c:_{x:0,y:0},
						 w:_{id:wall1}
					       }
					    ]
				},
	      certain_fluents:_{ alive:[_{id:hunter}],
				 dir:[_{d:north,h:_{id:hunter}}],
				 fat_gold:[],
				 fat_hunter:_{ c:_{x:2,y:2},
					       h:_{id:hunter}
					     },
				 game_state:running,
				 has_arrow:[ _{ a:_{id:arrow1},
						h:_{id:hunter}
					      }
					   ],
				 has_gold:[],
				 score:0,
				 visited:[ _{ from:_{x:2,y:1},
					      to:_{x:2,y:2}
					    },
					   _{ from:_{x:1,y:1},
					      to:_{x:2,y:1}
					    },
					   _{ from:_{x:1,y:2},
					      to:_{x:1,y:1}
					    },
					   _{ from:_{x:1,y:1},
					      to:_{x:1,y:2}
					    }
					 ]
			       },
	      step:0,
	      uncertain_eternals:_{ eat_pit:[ _{ c:_{x:3,y:1},
						 p:_{id:true}
					       },
					      _{ c:_{x:1,y:1},
						 p:_{id:false}
					       },
					      _{ c:_{x:2,y:1},
						 p:_{id:false}
					       },
					      _{ c:_{x:1,y:2},
						 p:_{id:false}
					       },
					      _{ c:_{x:2,y:2},
						 p:_{id:false}
					       },
					      _{ c:_{x:1,y:3},
						 p:_{id:false}
					       }
					    ],
				    eat_wumpus:[ _{ c:_{x:1,y:3},
						    w:_{id:true}
						  },
						 _{ c:_{x:1,y:1},
						    w:_{id:false}
						  },
						 _{ c:_{x:2,y:1},
						    w:_{id:false}
						  },
						 _{ c:_{x:1,y:2},
						    w:_{id:false}
						  },
						 _{ c:_{x:3,y:1},
						    w:_{id:false}
						  },
						 _{ c:_{x:2,y:2},
						    w:_{id:false}
						  }
					       ]
				  },
	      uncertain_fluents:_{fatal:[]}
	    },
   percepts:[]
 }
La valeur de AdjSansWumpus est : [_13586{x:2,y:3},_13604{x:3,y:2},_2538{x:1,y:2},_2500{x:2,y:1}]
Cases Auth est : [_13604{x:3,y:2},_13586{x:2,y:3}]
La valeur de X est : 2
La valeur de Y est : 3
completed(11, 0.044409630000000005, 3284, 200, ok).
/*Fri Mar  8 19:10:24 2024*/ request(12, 1709921424.766, [peer(ip(127,0,0,1)),method(put),request_uri('/action'),path('/action'),http_version(1-1),host(localhost),port(8081),connection('keep-alive'),content_length(2605),sec_ch_ua('"Chromium";v="122", "Not(A:Brand";v="24", "Brave";v="122"'),sec_ch_ua_platform('"Linux"'),sec_ch_ua_mobile('?0'),user_agent('Mozilla/5.0 (X11; Linux x86_64) AppleWebKit/537.36 (KHTML, like Gecko) Chrome/122.0.0.0 Safari/537.36'),content_type('application/json'),sec_gpc('1'),origin('http://localhost:9000'),sec_fetch_site('same-site'),sec_fetch_mode(cors),sec_fetch_dest(empty),referer('http://localhost:9000/')]).
_{ beliefs:_{ certain_eternals:_{ cells:[ _{x:0,y:0},
					  _{x:1,y:0},
					  _{x:2,y:0},
					  _{x:3,y:0},
					  _{x:4,y:0},
					  _{x:5,y:0},
					  _{x:0,y:1},
					  _{x:1,y:1},
					  _{x:2,y:1},
					  _{x:3,y:1},
					  _{x:4,y:1},
					  _{x:5,y:1},
					  _{x:0,y:2},
					  _{x:1,y:2},
					  _{x:2,y:2},
					  _{x:3,y:2},
					  _{x:4,y:2},
					  _{x:5,y:2},
					  _{x:0,y:3},
					  _{x:1,y:3},
					  _{x:2,y:3},
					  _{x:3,y:3},
					  _{x:4,y:3},
					  _{x:5,y:3},
					  _{x:0,y:4},
					  _{x:1,y:4},
					  _{x:2,y:4},
					  _{x:3,y:4},
					  _{x:4,y:4},
					  _{x:5,y:4},
					  _{x:0,y:5},
					  _{x:1,y:5},
					  _{x:2,y:5},
					  _{x:3,y:5},
					  _{x:4,y:5},
					  _{x:5,y:5}
					],
				  eat_exit:_{c:_{x:1,y:1},e:_{id:exit}},
				  eat_walls:[ _{ c:_{x:5,y:5},
						 w:_{id:wall20}
					       },
					      _{ c:_{x:4,y:5},
						 w:_{id:wall19}
					       },
					      _{ c:_{x:3,y:5},
						 w:_{id:wall18}
					       },
					      _{ c:_{x:2,y:5},
						 w:_{id:wall17}
					       },
					      _{ c:_{x:1,y:5},
						 w:_{id:wall16}
					       },
					      _{ c:_{x:0,y:5},
						 w:_{id:wall15}
					       },
					      _{ c:_{x:5,y:4},
						 w:_{id:wall14}
					       },
					      _{ c:_{x:0,y:4},
						 w:_{id:wall13}
					       },
					      _{ c:_{x:5,y:3},
						 w:_{id:wall12}
					       },
					      _{ c:_{x:0,y:3},
						 w:_{id:wall11}
					       },
					      _{ c:_{x:5,y:2},
						 w:_{id:wall10}
					       },
					      _{ c:_{x:0,y:2},
						 w:_{id:wall9}
					       },
					      _{ c:_{x:5,y:1},
						 w:_{id:wall8}
					       },
					      _{ c:_{x:0,y:1},
						 w:_{id:wall7}
					       },
					      _{ c:_{x:5,y:0},
						 w:_{id:wall6}
					       },
					      _{ c:_{x:4,y:0},
						 w:_{id:wall5}
					       },
					      _{ c:_{x:3,y:0},
						 w:_{id:wall4}
					       },
					      _{ c:_{x:2,y:0},
						 w:_{id:wall3}
					       },
					      _{ c:_{x:1,y:0},
						 w:_{id:wall2}
					       },
					      _{ c:_{x:0,y:0},
						 w:_{id:wall1}
					       }
					    ]
				},
	      certain_fluents:_{ alive:[_{id:hunter}],
				 dir:[_{d:north,h:_{id:hunter}}],
				 fat_gold:[],
				 fat_hunter:_{ c:_{x:2,y:3},
					       h:_{id:hunter}
					     },
				 game_state:running,
				 has_arrow:[ _{ a:_{id:arrow1},
						h:_{id:hunter}
					      }
					   ],
				 has_gold:[],
				 score:0,
				 visited:[ _{ from:_{x:2,y:2},
					      to:_{x:2,y:3}
					    },
					   _{ from:_{x:2,y:1},
					      to:_{x:2,y:2}
					    },
					   _{ from:_{x:1,y:1},
					      to:_{x:2,y:1}
					    },
					   _{ from:_{x:1,y:2},
					      to:_{x:1,y:1}
					    },
					   _{ from:_{x:1,y:1},
					      to:_{x:1,y:2}
					    }
					 ]
			       },
	      step:0,
	      uncertain_eternals:_{ eat_pit:[ _{ c:_{x:3,y:1},
						 p:_{id:true}
					       },
					      _{ c:_{x:1,y:1},
						 p:_{id:false}
					       },
					      _{ c:_{x:2,y:1},
						 p:_{id:false}
					       },
					      _{ c:_{x:1,y:2},
						 p:_{id:false}
					       },
					      _{ c:_{x:2,y:2},
						 p:_{id:false}
					       },
					      _{ c:_{x:1,y:3},
						 p:_{id:false}
					       },
					      _{ c:_{x:3,y:2},
						 p:_{id:false}
					       },
					      _{ c:_{x:2,y:3},
						 p:_{id:false}
					       }
					    ],
				    eat_wumpus:[ _{ c:_{x:1,y:3},
						    w:_{id:true}
						  },
						 _{ c:_{x:1,y:1},
						    w:_{id:false}
						  },
						 _{ c:_{x:2,y:1},
						    w:_{id:false}
						  },
						 _{ c:_{x:1,y:2},
						    w:_{id:false}
						  },
						 _{ c:_{x:3,y:1},
						    w:_{id:false}
						  },
						 _{ c:_{x:2,y:2},
						    w:_{id:false}
						  },
						 _{ c:_{x:3,y:2},
						    w:_{id:false}
						  },
						 _{ c:_{x:2,y:3},
						    w:_{id:false}
						  }
					       ]
				  },
	      uncertain_fluents:_{fatal:[]}
	    },
   percepts:[glitter,breeze,stench]
 }
completed(12, 0.07691579500000001, 3488, 200, ok).
/*Fri Mar  8 19:10:25 2024*/ request(13, 1709921425.918, [peer(ip(127,0,0,1)),method(put),request_uri('/action'),path('/action'),http_version(1-1),host(localhost),port(8081),connection('keep-alive'),content_length(2741),sec_ch_ua('"Chromium";v="122", "Not(A:Brand";v="24", "Brave";v="122"'),sec_ch_ua_platform('"Linux"'),sec_ch_ua_mobile('?0'),user_agent('Mozilla/5.0 (X11; Linux x86_64) AppleWebKit/537.36 (KHTML, like Gecko) Chrome/122.0.0.0 Safari/537.36'),content_type('application/json'),sec_gpc('1'),origin('http://localhost:9000'),sec_fetch_site('same-site'),sec_fetch_mode(cors),sec_fetch_dest(empty),referer('http://localhost:9000/')]).
_{ beliefs:_{ certain_eternals:_{ cells:[ _{x:0,y:0},
					  _{x:1,y:0},
					  _{x:2,y:0},
					  _{x:3,y:0},
					  _{x:4,y:0},
					  _{x:5,y:0},
					  _{x:0,y:1},
					  _{x:1,y:1},
					  _{x:2,y:1},
					  _{x:3,y:1},
					  _{x:4,y:1},
					  _{x:5,y:1},
					  _{x:0,y:2},
					  _{x:1,y:2},
					  _{x:2,y:2},
					  _{x:3,y:2},
					  _{x:4,y:2},
					  _{x:5,y:2},
					  _{x:0,y:3},
					  _{x:1,y:3},
					  _{x:2,y:3},
					  _{x:3,y:3},
					  _{x:4,y:3},
					  _{x:5,y:3},
					  _{x:0,y:4},
					  _{x:1,y:4},
					  _{x:2,y:4},
					  _{x:3,y:4},
					  _{x:4,y:4},
					  _{x:5,y:4},
					  _{x:0,y:5},
					  _{x:1,y:5},
					  _{x:2,y:5},
					  _{x:3,y:5},
					  _{x:4,y:5},
					  _{x:5,y:5}
					],
				  eat_exit:_{c:_{x:1,y:1},e:_{id:exit}},
				  eat_walls:[ _{ c:_{x:5,y:5},
						 w:_{id:wall20}
					       },
					      _{ c:_{x:4,y:5},
						 w:_{id:wall19}
					       },
					      _{ c:_{x:3,y:5},
						 w:_{id:wall18}
					       },
					      _{ c:_{x:2,y:5},
						 w:_{id:wall17}
					       },
					      _{ c:_{x:1,y:5},
						 w:_{id:wall16}
					       },
					      _{ c:_{x:0,y:5},
						 w:_{id:wall15}
					       },
					      _{ c:_{x:5,y:4},
						 w:_{id:wall14}
					       },
					      _{ c:_{x:0,y:4},
						 w:_{id:wall13}
					       },
					      _{ c:_{x:5,y:3},
						 w:_{id:wall12}
					       },
					      _{ c:_{x:0,y:3},
						 w:_{id:wall11}
					       },
					      _{ c:_{x:5,y:2},
						 w:_{id:wall10}
					       },
					      _{ c:_{x:0,y:2},
						 w:_{id:wall9}
					       },
					      _{ c:_{x:5,y:1},
						 w:_{id:wall8}
					       },
					      _{ c:_{x:0,y:1},
						 w:_{id:wall7}
					       },
					      _{ c:_{x:5,y:0},
						 w:_{id:wall6}
					       },
					      _{ c:_{x:4,y:0},
						 w:_{id:wall5}
					       },
					      _{ c:_{x:3,y:0},
						 w:_{id:wall4}
					       },
					      _{ c:_{x:2,y:0},
						 w:_{id:wall3}
					       },
					      _{ c:_{x:1,y:0},
						 w:_{id:wall2}
					       },
					      _{ c:_{x:0,y:0},
						 w:_{id:wall1}
					       }
					    ]
				},
	      certain_fluents:_{ alive:[_{id:hunter}],
				 dir:[_{d:north,h:_{id:hunter}}],
				 fat_gold:[],
				 fat_hunter:_{ c:_{x:2,y:3},
					       h:_{id:hunter}
					     },
				 game_state:running,
				 has_arrow:[ _{ a:_{id:arrow1},
						h:_{id:hunter}
					      }
					   ],
				 has_gold:true,
				 score:0,
				 visited:[ _{ from:_{x:2,y:2},
					      to:_{x:2,y:3}
					    },
					   _{ from:_{x:2,y:1},
					      to:_{x:2,y:2}
					    },
					   _{ from:_{x:1,y:1},
					      to:_{x:2,y:1}
					    },
					   _{ from:_{x:1,y:2},
					      to:_{x:1,y:1}
					    },
					   _{ from:_{x:1,y:1},
					      to:_{x:1,y:2}
					    }
					 ]
			       },
	      step:0,
	      uncertain_eternals:_{ eat_pit:[ _{ c:_{x:3,y:1},
						 p:_{id:true}
					       },
					      _{ c:_{x:2,y:4},
						 p:_{id:true}
					       },
					      _{ c:_{x:3,y:3},
						 p:_{id:true}
					       },
					      _{ c:_{x:1,y:1},
						 p:_{id:false}
					       },
					      _{ c:_{x:2,y:1},
						 p:_{id:false}
					       },
					      _{ c:_{x:1,y:2},
						 p:_{id:false}
					       },
					      _{ c:_{x:2,y:2},
						 p:_{id:false}
					       },
					      _{ c:_{x:1,y:3},
						 p:_{id:false}
					       },
					      _{ c:_{x:3,y:2},
						 p:_{id:false}
					       },
					      _{ c:_{x:2,y:3},
						 p:_{id:false}
					       }
					    ],
				    eat_wumpus:[ _{ c:_{x:1,y:3},
						    w:_{id:true}
						  },
						 _{ c:_{x:2,y:4},
						    w:_{id:true}
						  },
						 _{ c:_{x:3,y:3},
						    w:_{id:true}
						  },
						 _{ c:_{x:1,y:1},
						    w:_{id:false}
						  },
						 _{ c:_{x:2,y:1},
						    w:_{id:false}
						  },
						 _{ c:_{x:1,y:2},
						    w:_{id:false}
						  },
						 _{ c:_{x:3,y:1},
						    w:_{id:false}
						  },
						 _{ c:_{x:2,y:2},
						    w:_{id:false}
						  },
						 _{ c:_{x:3,y:2},
						    w:_{id:false}
						  },
						 _{ c:_{x:2,y:3},
						    w:_{id:false}
						  }
					       ]
				  },
	      uncertain_fluents:_{fatal:[]}
	    },
   percepts:[breeze,stench]
 }
La valeur de Case est : _2216{x:2,y:2}
server(error, 1709921426).
server(started, 1709921427).
/*Fri Mar  8 19:10:26 2024*/ request(14, 1709921426.572, [peer(ip(127,0,0,1)),method(put),request_uri('/action'),path('/action'),http_version(1-1),host(localhost),port(8081),connection('keep-alive'),content_length(2741),sec_ch_ua('"Chromium";v="122", "Not(A:Brand";v="24", "Brave";v="122"'),sec_ch_ua_platform('"Linux"'),sec_ch_ua_mobile('?0'),user_agent('Mozilla/5.0 (X11; Linux x86_64) AppleWebKit/537.36 (KHTML, like Gecko) Chrome/122.0.0.0 Safari/537.36'),content_type('application/json'),sec_gpc('1'),origin('http://localhost:9000'),sec_fetch_site('same-site'),sec_fetch_mode(cors),sec_fetch_dest(empty),referer('http://localhost:9000/')]).
_{ beliefs:_{ certain_eternals:_{ cells:[ _{x:0,y:0},
					  _{x:1,y:0},
					  _{x:2,y:0},
					  _{x:3,y:0},
					  _{x:4,y:0},
					  _{x:5,y:0},
					  _{x:0,y:1},
					  _{x:1,y:1},
					  _{x:2,y:1},
					  _{x:3,y:1},
					  _{x:4,y:1},
					  _{x:5,y:1},
					  _{x:0,y:2},
					  _{x:1,y:2},
					  _{x:2,y:2},
					  _{x:3,y:2},
					  _{x:4,y:2},
					  _{x:5,y:2},
					  _{x:0,y:3},
					  _{x:1,y:3},
					  _{x:2,y:3},
					  _{x:3,y:3},
					  _{x:4,y:3},
					  _{x:5,y:3},
					  _{x:0,y:4},
					  _{x:1,y:4},
					  _{x:2,y:4},
					  _{x:3,y:4},
					  _{x:4,y:4},
					  _{x:5,y:4},
					  _{x:0,y:5},
					  _{x:1,y:5},
					  _{x:2,y:5},
					  _{x:3,y:5},
					  _{x:4,y:5},
					  _{x:5,y:5}
					],
				  eat_exit:_{c:_{x:1,y:1},e:_{id:exit}},
				  eat_walls:[ _{ c:_{x:5,y:5},
						 w:_{id:wall20}
					       },
					      _{ c:_{x:4,y:5},
						 w:_{id:wall19}
					       },
					      _{ c:_{x:3,y:5},
						 w:_{id:wall18}
					       },
					      _{ c:_{x:2,y:5},
						 w:_{id:wall17}
					       },
					      _{ c:_{x:1,y:5},
						 w:_{id:wall16}
					       },
					      _{ c:_{x:0,y:5},
						 w:_{id:wall15}
					       },
					      _{ c:_{x:5,y:4},
						 w:_{id:wall14}
					       },
					      _{ c:_{x:0,y:4},
						 w:_{id:wall13}
					       },
					      _{ c:_{x:5,y:3},
						 w:_{id:wall12}
					       },
					      _{ c:_{x:0,y:3},
						 w:_{id:wall11}
					       },
					      _{ c:_{x:5,y:2},
						 w:_{id:wall10}
					       },
					      _{ c:_{x:0,y:2},
						 w:_{id:wall9}
					       },
					      _{ c:_{x:5,y:1},
						 w:_{id:wall8}
					       },
					      _{ c:_{x:0,y:1},
						 w:_{id:wall7}
					       },
					      _{ c:_{x:5,y:0},
						 w:_{id:wall6}
					       },
					      _{ c:_{x:4,y:0},
						 w:_{id:wall5}
					       },
					      _{ c:_{x:3,y:0},
						 w:_{id:wall4}
					       },
					      _{ c:_{x:2,y:0},
						 w:_{id:wall3}
					       },
					      _{ c:_{x:1,y:0},
						 w:_{id:wall2}
					       },
					      _{ c:_{x:0,y:0},
						 w:_{id:wall1}
					       }
					    ]
				},
	      certain_fluents:_{ alive:[_{id:hunter}],
				 dir:[_{d:north,h:_{id:hunter}}],
				 fat_gold:[],
				 fat_hunter:_{ c:_{x:2,y:3},
					       h:_{id:hunter}
					     },
				 game_state:running,
				 has_arrow:[ _{ a:_{id:arrow1},
						h:_{id:hunter}
					      }
					   ],
				 has_gold:true,
				 score:0,
				 visited:[ _{ from:_{x:2,y:2},
					      to:_{x:2,y:3}
					    },
					   _{ from:_{x:2,y:1},
					      to:_{x:2,y:2}
					    },
					   _{ from:_{x:1,y:1},
					      to:_{x:2,y:1}
					    },
					   _{ from:_{x:1,y:2},
					      to:_{x:1,y:1}
					    },
					   _{ from:_{x:1,y:1},
					      to:_{x:1,y:2}
					    }
					 ]
			       },
	      step:0,
	      uncertain_eternals:_{ eat_pit:[ _{ c:_{x:3,y:1},
						 p:_{id:true}
					       },
					      _{ c:_{x:2,y:4},
						 p:_{id:true}
					       },
					      _{ c:_{x:3,y:3},
						 p:_{id:true}
					       },
					      _{ c:_{x:1,y:1},
						 p:_{id:false}
					       },
					      _{ c:_{x:2,y:1},
						 p:_{id:false}
					       },
					      _{ c:_{x:1,y:2},
						 p:_{id:false}
					       },
					      _{ c:_{x:2,y:2},
						 p:_{id:false}
					       },
					      _{ c:_{x:1,y:3},
						 p:_{id:false}
					       },
					      _{ c:_{x:3,y:2},
						 p:_{id:false}
					       },
					      _{ c:_{x:2,y:3},
						 p:_{id:false}
					       }
					    ],
				    eat_wumpus:[ _{ c:_{x:1,y:3},
						    w:_{id:true}
						  },
						 _{ c:_{x:2,y:4},
						    w:_{id:true}
						  },
						 _{ c:_{x:3,y:3},
						    w:_{id:true}
						  },
						 _{ c:_{x:1,y:1},
						    w:_{id:false}
						  },
						 _{ c:_{x:2,y:1},
						    w:_{id:false}
						  },
						 _{ c:_{x:1,y:2},
						    w:_{id:false}
						  },
						 _{ c:_{x:3,y:1},
						    w:_{id:false}
						  },
						 _{ c:_{x:2,y:2},
						    w:_{id:false}
						  },
						 _{ c:_{x:3,y:2},
						    w:_{id:false}
						  },
						 _{ c:_{x:2,y:3},
						    w:_{id:false}
						  }
					       ]
				  },
	      uncertain_fluents:_{fatal:[]}
	    },
   percepts:[breeze,stench]
 }
La valeur de Case est : _2228{x:2,y:2}
server(error, 1709921427).
server(started, 1709921561).
/*Fri Mar  8 19:12:44 2024*/ request(1, 1709921564.052, [peer(ip(127,0,0,1)),method(options),request_uri('/action'),path('/action'),http_version(1-1),host(localhost),port(8081),connection('keep-alive'),access_control_request_method('PUT'),access_control_request_headers('content-type'),origin('http://localhost:9000'),user_agent('Mozilla/5.0 (X11; Linux x86_64) AppleWebKit/537.36 (KHTML, like Gecko) Chrome/122.0.0.0 Safari/537.36'),sec_fetch_mode(cors),sec_fetch_site('same-site'),sec_fetch_dest(empty),referer('http://localhost:9000/')]).
completed(1, 0.030259269999999998, 0, 200, ok).
/*Fri Mar  8 19:12:44 2024*/ request(2, 1709921564.062, [peer(ip(127,0,0,1)),method(put),request_uri('/action'),path('/action'),http_version(1-1),host(localhost),port(8081),connection('keep-alive'),content_length(1781),sec_ch_ua('"Chromium";v="122", "Not(A:Brand";v="24", "Brave";v="122"'),sec_ch_ua_platform('"Linux"'),sec_ch_ua_mobile('?0'),user_agent('Mozilla/5.0 (X11; Linux x86_64) AppleWebKit/537.36 (KHTML, like Gecko) Chrome/122.0.0.0 Safari/537.36'),content_type('application/json'),sec_gpc('1'),origin('http://localhost:9000'),sec_fetch_site('same-site'),sec_fetch_mode(cors),sec_fetch_dest(empty),referer('http://localhost:9000/')]).
_{ beliefs:_{ certain_eternals:_{ cells:[ _{x:0,y:0},
					  _{x:1,y:0},
					  _{x:2,y:0},
					  _{x:3,y:0},
					  _{x:4,y:0},
					  _{x:5,y:0},
					  _{x:0,y:1},
					  _{x:1,y:1},
					  _{x:2,y:1},
					  _{x:3,y:1},
					  _{x:4,y:1},
					  _{x:5,y:1},
					  _{x:0,y:2},
					  _{x:1,y:2},
					  _{x:2,y:2},
					  _{x:3,y:2},
					  _{x:4,y:2},
					  _{x:5,y:2},
					  _{x:0,y:3},
					  _{x:1,y:3},
					  _{x:2,y:3},
					  _{x:3,y:3},
					  _{x:4,y:3},
					  _{x:5,y:3},
					  _{x:0,y:4},
					  _{x:1,y:4},
					  _{x:2,y:4},
					  _{x:3,y:4},
					  _{x:4,y:4},
					  _{x:5,y:4},
					  _{x:0,y:5},
					  _{x:1,y:5},
					  _{x:2,y:5},
					  _{x:3,y:5},
					  _{x:4,y:5},
					  _{x:5,y:5}
					],
				  eat_exit:_{c:_{x:1,y:1},e:_{id:exit}},
				  eat_walls:[ _{ c:_{x:5,y:5},
						 w:_{id:wall20}
					       },
					      _{ c:_{x:4,y:5},
						 w:_{id:wall19}
					       },
					      _{ c:_{x:3,y:5},
						 w:_{id:wall18}
					       },
					      _{ c:_{x:2,y:5},
						 w:_{id:wall17}
					       },
					      _{ c:_{x:1,y:5},
						 w:_{id:wall16}
					       },
					      _{ c:_{x:0,y:5},
						 w:_{id:wall15}
					       },
					      _{ c:_{x:5,y:4},
						 w:_{id:wall14}
					       },
					      _{ c:_{x:0,y:4},
						 w:_{id:wall13}
					       },
					      _{ c:_{x:5,y:3},
						 w:_{id:wall12}
					       },
					      _{ c:_{x:0,y:3},
						 w:_{id:wall11}
					       },
					      _{ c:_{x:5,y:2},
						 w:_{id:wall10}
					       },
					      _{ c:_{x:0,y:2},
						 w:_{id:wall9}
					       },
					      _{ c:_{x:5,y:1},
						 w:_{id:wall8}
					       },
					      _{ c:_{x:0,y:1},
						 w:_{id:wall7}
					       },
					      _{ c:_{x:5,y:0},
						 w:_{id:wall6}
					       },
					      _{ c:_{x:4,y:0},
						 w:_{id:wall5}
					       },
					      _{ c:_{x:3,y:0},
						 w:_{id:wall4}
					       },
					      _{ c:_{x:2,y:0},
						 w:_{id:wall3}
					       },
					      _{ c:_{x:1,y:0},
						 w:_{id:wall2}
					       },
					      _{ c:_{x:0,y:0},
						 w:_{id:wall1}
					       }
					    ]
				},
	      certain_fluents:_{ alive:[_{id:hunter}],
				 dir:[_{d:north,h:_{id:hunter}}],
				 fat_gold:[],
				 fat_hunter:_{ c:_{x:1,y:1},
					       h:_{id:hunter}
					     },
				 game_state:running,
				 has_arrow:[ _{ a:_{id:arrow1},
						h:_{id:hunter}
					      }
					   ],
				 has_gold:[],
				 score:0,
				 visited:[]
			       },
	      step:0,
	      uncertain_eternals:_{eat_pit:[],eat_wumpus:[]},
	      uncertain_fluents:_{fatal:[]}
	    },
   percepts:[]
 }
La valeur de AdjSansWumpus est : [_25080{x:1,y:2},_25098{x:2,y:1}]
Cases Auth est : [_25080{x:1,y:2},_25098{x:2,y:1}]
La valeur de X est : 1
La valeur de Y est : 2
completed(2, 0.058687134, 2628, 200, ok).
/*Fri Mar  8 19:12:44 2024*/ request(3, 1709921564.845, [peer(ip(127,0,0,1)),method(put),request_uri('/action'),path('/action'),http_version(1-1),host(localhost),port(8081),connection('keep-alive'),content_length(2050),sec_ch_ua('"Chromium";v="122", "Not(A:Brand";v="24", "Brave";v="122"'),sec_ch_ua_platform('"Linux"'),sec_ch_ua_mobile('?0'),user_agent('Mozilla/5.0 (X11; Linux x86_64) AppleWebKit/537.36 (KHTML, like Gecko) Chrome/122.0.0.0 Safari/537.36'),content_type('application/json'),sec_gpc('1'),origin('http://localhost:9000'),sec_fetch_site('same-site'),sec_fetch_mode(cors),sec_fetch_dest(empty),referer('http://localhost:9000/')]).
_{ beliefs:_{ certain_eternals:_{ cells:[ _{x:0,y:0},
					  _{x:1,y:0},
					  _{x:2,y:0},
					  _{x:3,y:0},
					  _{x:4,y:0},
					  _{x:5,y:0},
					  _{x:0,y:1},
					  _{x:1,y:1},
					  _{x:2,y:1},
					  _{x:3,y:1},
					  _{x:4,y:1},
					  _{x:5,y:1},
					  _{x:0,y:2},
					  _{x:1,y:2},
					  _{x:2,y:2},
					  _{x:3,y:2},
					  _{x:4,y:2},
					  _{x:5,y:2},
					  _{x:0,y:3},
					  _{x:1,y:3},
					  _{x:2,y:3},
					  _{x:3,y:3},
					  _{x:4,y:3},
					  _{x:5,y:3},
					  _{x:0,y:4},
					  _{x:1,y:4},
					  _{x:2,y:4},
					  _{x:3,y:4},
					  _{x:4,y:4},
					  _{x:5,y:4},
					  _{x:0,y:5},
					  _{x:1,y:5},
					  _{x:2,y:5},
					  _{x:3,y:5},
					  _{x:4,y:5},
					  _{x:5,y:5}
					],
				  eat_exit:_{c:_{x:1,y:1},e:_{id:exit}},
				  eat_walls:[ _{ c:_{x:5,y:5},
						 w:_{id:wall20}
					       },
					      _{ c:_{x:4,y:5},
						 w:_{id:wall19}
					       },
					      _{ c:_{x:3,y:5},
						 w:_{id:wall18}
					       },
					      _{ c:_{x:2,y:5},
						 w:_{id:wall17}
					       },
					      _{ c:_{x:1,y:5},
						 w:_{id:wall16}
					       },
					      _{ c:_{x:0,y:5},
						 w:_{id:wall15}
					       },
					      _{ c:_{x:5,y:4},
						 w:_{id:wall14}
					       },
					      _{ c:_{x:0,y:4},
						 w:_{id:wall13}
					       },
					      _{ c:_{x:5,y:3},
						 w:_{id:wall12}
					       },
					      _{ c:_{x:0,y:3},
						 w:_{id:wall11}
					       },
					      _{ c:_{x:5,y:2},
						 w:_{id:wall10}
					       },
					      _{ c:_{x:0,y:2},
						 w:_{id:wall9}
					       },
					      _{ c:_{x:5,y:1},
						 w:_{id:wall8}
					       },
					      _{ c:_{x:0,y:1},
						 w:_{id:wall7}
					       },
					      _{ c:_{x:5,y:0},
						 w:_{id:wall6}
					       },
					      _{ c:_{x:4,y:0},
						 w:_{id:wall5}
					       },
					      _{ c:_{x:3,y:0},
						 w:_{id:wall4}
					       },
					      _{ c:_{x:2,y:0},
						 w:_{id:wall3}
					       },
					      _{ c:_{x:1,y:0},
						 w:_{id:wall2}
					       },
					      _{ c:_{x:0,y:0},
						 w:_{id:wall1}
					       }
					    ]
				},
	      certain_fluents:_{ alive:[_{id:hunter}],
				 dir:[_{d:north,h:_{id:hunter}}],
				 fat_gold:[],
				 fat_hunter:_{ c:_{x:1,y:2},
					       h:_{id:hunter}
					     },
				 game_state:running,
				 has_arrow:[ _{ a:_{id:arrow1},
						h:_{id:hunter}
					      }
					   ],
				 has_gold:[],
				 score:0,
				 visited:[ _{ from:_{x:1,y:1},
					      to:_{x:1,y:2}
					    }
					 ]
			       },
	      step:0,
	      uncertain_eternals:_{ eat_pit:[ _{ c:_{x:1,y:1},
						 p:_{id:false}
					       },
					      _{ c:_{x:2,y:1},
						 p:_{id:false}
					       },
					      _{ c:_{x:1,y:2},
						 p:_{id:false}
					       }
					    ],
				    eat_wumpus:[ _{ c:_{x:1,y:1},
						    w:_{id:false}
						  },
						 _{ c:_{x:2,y:1},
						    w:_{id:false}
						  },
						 _{ c:_{x:1,y:2},
						    w:_{id:false}
						  }
					       ]
				  },
	      uncertain_fluents:_{fatal:[]}
	    },
   percepts:[stench]
 }
La valeur de AdjSansWumpus est : [_7748{x:1,y:1}]
Cases Auth est : [_7534{x:1,y:1}]
La valeur de X est : 1
La valeur de Y est : 3
completed(3, 0.071612783, 2811, 200, ok).
/*Fri Mar  8 19:12:45 2024*/ request(4, 1709921565.933, [peer(ip(127,0,0,1)),method(put),request_uri('/action'),path('/action'),http_version(1-1),host(localhost),port(8081),connection('keep-alive'),content_length(2195),sec_ch_ua('"Chromium";v="122", "Not(A:Brand";v="24", "Brave";v="122"'),sec_ch_ua_platform('"Linux"'),sec_ch_ua_mobile('?0'),user_agent('Mozilla/5.0 (X11; Linux x86_64) AppleWebKit/537.36 (KHTML, like Gecko) Chrome/122.0.0.0 Safari/537.36'),content_type('application/json'),sec_gpc('1'),origin('http://localhost:9000'),sec_fetch_site('same-site'),sec_fetch_mode(cors),sec_fetch_dest(empty),referer('http://localhost:9000/')]).
_{ beliefs:_{ certain_eternals:_{ cells:[ _{x:0,y:0},
					  _{x:1,y:0},
					  _{x:2,y:0},
					  _{x:3,y:0},
					  _{x:4,y:0},
					  _{x:5,y:0},
					  _{x:0,y:1},
					  _{x:1,y:1},
					  _{x:2,y:1},
					  _{x:3,y:1},
					  _{x:4,y:1},
					  _{x:5,y:1},
					  _{x:0,y:2},
					  _{x:1,y:2},
					  _{x:2,y:2},
					  _{x:3,y:2},
					  _{x:4,y:2},
					  _{x:5,y:2},
					  _{x:0,y:3},
					  _{x:1,y:3},
					  _{x:2,y:3},
					  _{x:3,y:3},
					  _{x:4,y:3},
					  _{x:5,y:3},
					  _{x:0,y:4},
					  _{x:1,y:4},
					  _{x:2,y:4},
					  _{x:3,y:4},
					  _{x:4,y:4},
					  _{x:5,y:4},
					  _{x:0,y:5},
					  _{x:1,y:5},
					  _{x:2,y:5},
					  _{x:3,y:5},
					  _{x:4,y:5},
					  _{x:5,y:5}
					],
				  eat_exit:_{c:_{x:1,y:1},e:_{id:exit}},
				  eat_walls:[ _{ c:_{x:5,y:5},
						 w:_{id:wall20}
					       },
					      _{ c:_{x:4,y:5},
						 w:_{id:wall19}
					       },
					      _{ c:_{x:3,y:5},
						 w:_{id:wall18}
					       },
					      _{ c:_{x:2,y:5},
						 w:_{id:wall17}
					       },
					      _{ c:_{x:1,y:5},
						 w:_{id:wall16}
					       },
					      _{ c:_{x:0,y:5},
						 w:_{id:wall15}
					       },
					      _{ c:_{x:5,y:4},
						 w:_{id:wall14}
					       },
					      _{ c:_{x:0,y:4},
						 w:_{id:wall13}
					       },
					      _{ c:_{x:5,y:3},
						 w:_{id:wall12}
					       },
					      _{ c:_{x:0,y:3},
						 w:_{id:wall11}
					       },
					      _{ c:_{x:5,y:2},
						 w:_{id:wall10}
					       },
					      _{ c:_{x:0,y:2},
						 w:_{id:wall9}
					       },
					      _{ c:_{x:5,y:1},
						 w:_{id:wall8}
					       },
					      _{ c:_{x:0,y:1},
						 w:_{id:wall7}
					       },
					      _{ c:_{x:5,y:0},
						 w:_{id:wall6}
					       },
					      _{ c:_{x:4,y:0},
						 w:_{id:wall5}
					       },
					      _{ c:_{x:3,y:0},
						 w:_{id:wall4}
					       },
					      _{ c:_{x:2,y:0},
						 w:_{id:wall3}
					       },
					      _{ c:_{x:1,y:0},
						 w:_{id:wall2}
					       },
					      _{ c:_{x:0,y:0},
						 w:_{id:wall1}
					       }
					    ]
				},
	      certain_fluents:_{ alive:[_{id:hunter}],
				 dir:[_{d:west,h:_{id:hunter}}],
				 fat_gold:[],
				 fat_hunter:_{ c:_{x:1,y:2},
					       h:_{id:hunter}
					     },
				 game_state:running,
				 has_arrow:[ _{ a:_{id:arrow1},
						h:_{id:hunter}
					      }
					   ],
				 has_gold:[],
				 score:0,
				 visited:[ _{ from:_{x:1,y:1},
					      to:_{x:1,y:2}
					    }
					 ]
			       },
	      step:0,
	      uncertain_eternals:_{ eat_pit:[ _{ c:_{x:1,y:1},
						 p:_{id:false}
					       },
					      _{ c:_{x:2,y:1},
						 p:_{id:false}
					       },
					      _{ c:_{x:1,y:2},
						 p:_{id:false}
					       },
					      _{ c:_{x:2,y:2},
						 p:_{id:false}
					       },
					      _{ c:_{x:1,y:3},
						 p:_{id:false}
					       }
					    ],
				    eat_wumpus:[ _{ c:_{x:1,y:3},
						    w:_{id:true}
						  },
						 _{ c:_{x:2,y:2},
						    w:_{id:true}
						  },
						 _{ c:_{x:1,y:1},
						    w:_{id:false}
						  },
						 _{ c:_{x:2,y:1},
						    w:_{id:false}
						  },
						 _{ c:_{x:1,y:2},
						    w:_{id:false}
						  }
					       ]
				  },
	      uncertain_fluents:_{fatal:[]}
	    },
   percepts:[stench]
 }
La valeur de AdjSansWumpus est : [_2298{x:1,y:1}]
Cases Auth est : [_2216{x:1,y:1}]
La valeur de X est : 0
La valeur de Y est : 2
completed(4, 0.07124723, 2812, 200, ok).
/*Fri Mar  8 19:12:47 2024*/ request(5, 1709921567.137, [peer(ip(127,0,0,1)),method(put),request_uri('/action'),path('/action'),http_version(1-1),host(localhost),port(8081),connection('keep-alive'),content_length(2196),sec_ch_ua('"Chromium";v="122", "Not(A:Brand";v="24", "Brave";v="122"'),sec_ch_ua_platform('"Linux"'),sec_ch_ua_mobile('?0'),user_agent('Mozilla/5.0 (X11; Linux x86_64) AppleWebKit/537.36 (KHTML, like Gecko) Chrome/122.0.0.0 Safari/537.36'),content_type('application/json'),sec_gpc('1'),origin('http://localhost:9000'),sec_fetch_site('same-site'),sec_fetch_mode(cors),sec_fetch_dest(empty),referer('http://localhost:9000/')]).
_{ beliefs:_{ certain_eternals:_{ cells:[ _{x:0,y:0},
					  _{x:1,y:0},
					  _{x:2,y:0},
					  _{x:3,y:0},
					  _{x:4,y:0},
					  _{x:5,y:0},
					  _{x:0,y:1},
					  _{x:1,y:1},
					  _{x:2,y:1},
					  _{x:3,y:1},
					  _{x:4,y:1},
					  _{x:5,y:1},
					  _{x:0,y:2},
					  _{x:1,y:2},
					  _{x:2,y:2},
					  _{x:3,y:2},
					  _{x:4,y:2},
					  _{x:5,y:2},
					  _{x:0,y:3},
					  _{x:1,y:3},
					  _{x:2,y:3},
					  _{x:3,y:3},
					  _{x:4,y:3},
					  _{x:5,y:3},
					  _{x:0,y:4},
					  _{x:1,y:4},
					  _{x:2,y:4},
					  _{x:3,y:4},
					  _{x:4,y:4},
					  _{x:5,y:4},
					  _{x:0,y:5},
					  _{x:1,y:5},
					  _{x:2,y:5},
					  _{x:3,y:5},
					  _{x:4,y:5},
					  _{x:5,y:5}
					],
				  eat_exit:_{c:_{x:1,y:1},e:_{id:exit}},
				  eat_walls:[ _{ c:_{x:5,y:5},
						 w:_{id:wall20}
					       },
					      _{ c:_{x:4,y:5},
						 w:_{id:wall19}
					       },
					      _{ c:_{x:3,y:5},
						 w:_{id:wall18}
					       },
					      _{ c:_{x:2,y:5},
						 w:_{id:wall17}
					       },
					      _{ c:_{x:1,y:5},
						 w:_{id:wall16}
					       },
					      _{ c:_{x:0,y:5},
						 w:_{id:wall15}
					       },
					      _{ c:_{x:5,y:4},
						 w:_{id:wall14}
					       },
					      _{ c:_{x:0,y:4},
						 w:_{id:wall13}
					       },
					      _{ c:_{x:5,y:3},
						 w:_{id:wall12}
					       },
					      _{ c:_{x:0,y:3},
						 w:_{id:wall11}
					       },
					      _{ c:_{x:5,y:2},
						 w:_{id:wall10}
					       },
					      _{ c:_{x:0,y:2},
						 w:_{id:wall9}
					       },
					      _{ c:_{x:5,y:1},
						 w:_{id:wall8}
					       },
					      _{ c:_{x:0,y:1},
						 w:_{id:wall7}
					       },
					      _{ c:_{x:5,y:0},
						 w:_{id:wall6}
					       },
					      _{ c:_{x:4,y:0},
						 w:_{id:wall5}
					       },
					      _{ c:_{x:3,y:0},
						 w:_{id:wall4}
					       },
					      _{ c:_{x:2,y:0},
						 w:_{id:wall3}
					       },
					      _{ c:_{x:1,y:0},
						 w:_{id:wall2}
					       },
					      _{ c:_{x:0,y:0},
						 w:_{id:wall1}
					       }
					    ]
				},
	      certain_fluents:_{ alive:[_{id:hunter}],
				 dir:[_{d:south,h:_{id:hunter}}],
				 fat_gold:[],
				 fat_hunter:_{ c:_{x:1,y:2},
					       h:_{id:hunter}
					     },
				 game_state:running,
				 has_arrow:[ _{ a:_{id:arrow1},
						h:_{id:hunter}
					      }
					   ],
				 has_gold:[],
				 score:0,
				 visited:[ _{ from:_{x:1,y:1},
					      to:_{x:1,y:2}
					    }
					 ]
			       },
	      step:0,
	      uncertain_eternals:_{ eat_pit:[ _{ c:_{x:1,y:1},
						 p:_{id:false}
					       },
					      _{ c:_{x:2,y:1},
						 p:_{id:false}
					       },
					      _{ c:_{x:1,y:2},
						 p:_{id:false}
					       },
					      _{ c:_{x:2,y:2},
						 p:_{id:false}
					       },
					      _{ c:_{x:1,y:3},
						 p:_{id:false}
					       }
					    ],
				    eat_wumpus:[ _{ c:_{x:1,y:3},
						    w:_{id:true}
						  },
						 _{ c:_{x:2,y:2},
						    w:_{id:true}
						  },
						 _{ c:_{x:1,y:1},
						    w:_{id:false}
						  },
						 _{ c:_{x:2,y:1},
						    w:_{id:false}
						  },
						 _{ c:_{x:1,y:2},
						    w:_{id:false}
						  }
					       ]
				  },
	      uncertain_fluents:_{fatal:[]}
	    },
   percepts:[stench]
 }
La valeur de AdjSansWumpus est : [_2298{x:1,y:1}]
Cases Auth est : [_2216{x:1,y:1}]
La valeur de X est : 1
La valeur de Y est : 1
completed(5, 0.079841468, 2870, 200, ok).
/*Fri Mar  8 19:12:48 2024*/ request(6, 1709921568.504, [peer(ip(127,0,0,1)),method(put),request_uri('/action'),path('/action'),http_version(1-1),host(localhost),port(8081),connection('keep-alive'),content_length(2230),sec_ch_ua('"Chromium";v="122", "Not(A:Brand";v="24", "Brave";v="122"'),sec_ch_ua_platform('"Linux"'),sec_ch_ua_mobile('?0'),user_agent('Mozilla/5.0 (X11; Linux x86_64) AppleWebKit/537.36 (KHTML, like Gecko) Chrome/122.0.0.0 Safari/537.36'),content_type('application/json'),sec_gpc('1'),origin('http://localhost:9000'),sec_fetch_site('same-site'),sec_fetch_mode(cors),sec_fetch_dest(empty),referer('http://localhost:9000/')]).
_{ beliefs:_{ certain_eternals:_{ cells:[ _{x:0,y:0},
					  _{x:1,y:0},
					  _{x:2,y:0},
					  _{x:3,y:0},
					  _{x:4,y:0},
					  _{x:5,y:0},
					  _{x:0,y:1},
					  _{x:1,y:1},
					  _{x:2,y:1},
					  _{x:3,y:1},
					  _{x:4,y:1},
					  _{x:5,y:1},
					  _{x:0,y:2},
					  _{x:1,y:2},
					  _{x:2,y:2},
					  _{x:3,y:2},
					  _{x:4,y:2},
					  _{x:5,y:2},
					  _{x:0,y:3},
					  _{x:1,y:3},
					  _{x:2,y:3},
					  _{x:3,y:3},
					  _{x:4,y:3},
					  _{x:5,y:3},
					  _{x:0,y:4},
					  _{x:1,y:4},
					  _{x:2,y:4},
					  _{x:3,y:4},
					  _{x:4,y:4},
					  _{x:5,y:4},
					  _{x:0,y:5},
					  _{x:1,y:5},
					  _{x:2,y:5},
					  _{x:3,y:5},
					  _{x:4,y:5},
					  _{x:5,y:5}
					],
				  eat_exit:_{c:_{x:1,y:1},e:_{id:exit}},
				  eat_walls:[ _{ c:_{x:5,y:5},
						 w:_{id:wall20}
					       },
					      _{ c:_{x:4,y:5},
						 w:_{id:wall19}
					       },
					      _{ c:_{x:3,y:5},
						 w:_{id:wall18}
					       },
					      _{ c:_{x:2,y:5},
						 w:_{id:wall17}
					       },
					      _{ c:_{x:1,y:5},
						 w:_{id:wall16}
					       },
					      _{ c:_{x:0,y:5},
						 w:_{id:wall15}
					       },
					      _{ c:_{x:5,y:4},
						 w:_{id:wall14}
					       },
					      _{ c:_{x:0,y:4},
						 w:_{id:wall13}
					       },
					      _{ c:_{x:5,y:3},
						 w:_{id:wall12}
					       },
					      _{ c:_{x:0,y:3},
						 w:_{id:wall11}
					       },
					      _{ c:_{x:5,y:2},
						 w:_{id:wall10}
					       },
					      _{ c:_{x:0,y:2},
						 w:_{id:wall9}
					       },
					      _{ c:_{x:5,y:1},
						 w:_{id:wall8}
					       },
					      _{ c:_{x:0,y:1},
						 w:_{id:wall7}
					       },
					      _{ c:_{x:5,y:0},
						 w:_{id:wall6}
					       },
					      _{ c:_{x:4,y:0},
						 w:_{id:wall5}
					       },
					      _{ c:_{x:3,y:0},
						 w:_{id:wall4}
					       },
					      _{ c:_{x:2,y:0},
						 w:_{id:wall3}
					       },
					      _{ c:_{x:1,y:0},
						 w:_{id:wall2}
					       },
					      _{ c:_{x:0,y:0},
						 w:_{id:wall1}
					       }
					    ]
				},
	      certain_fluents:_{ alive:[_{id:hunter}],
				 dir:[_{d:south,h:_{id:hunter}}],
				 fat_gold:[],
				 fat_hunter:_{ c:_{x:1,y:1},
					       h:_{id:hunter}
					     },
				 game_state:running,
				 has_arrow:[ _{ a:_{id:arrow1},
						h:_{id:hunter}
					      }
					   ],
				 has_gold:[],
				 score:0,
				 visited:[ _{ from:_{x:1,y:2},
					      to:_{x:1,y:1}
					    },
					   _{ from:_{x:1,y:1},
					      to:_{x:1,y:2}
					    }
					 ]
			       },
	      step:0,
	      uncertain_eternals:_{ eat_pit:[ _{ c:_{x:1,y:1},
						 p:_{id:false}
					       },
					      _{ c:_{x:2,y:1},
						 p:_{id:false}
					       },
					      _{ c:_{x:1,y:2},
						 p:_{id:false}
					       },
					      _{ c:_{x:2,y:2},
						 p:_{id:false}
					       },
					      _{ c:_{x:1,y:3},
						 p:_{id:false}
					       }
					    ],
				    eat_wumpus:[ _{ c:_{x:1,y:3},
						    w:_{id:true}
						  },
						 _{ c:_{x:2,y:2},
						    w:_{id:true}
						  },
						 _{ c:_{x:1,y:1},
						    w:_{id:false}
						  },
						 _{ c:_{x:2,y:1},
						    w:_{id:false}
						  },
						 _{ c:_{x:1,y:2},
						    w:_{id:false}
						  }
					       ]
				  },
	      uncertain_fluents:_{fatal:[]}
	    },
   percepts:[]
 }
La valeur de AdjSansWumpus est : [_2416{x:1,y:2},_2378{x:2,y:1}]
Cases Auth est : [_2378{x:2,y:1}]
La valeur de X est : 1
La valeur de Y est : 0
completed(6, 0.06804915999999998, 2857, 200, ok).
/*Fri Mar  8 19:12:50 2024*/ request(7, 1709921570.394, [peer(ip(127,0,0,1)),method(options),request_uri('/action'),path('/action'),http_version(1-1),host(localhost),port(8081),connection('keep-alive'),access_control_request_method('PUT'),access_control_request_headers('content-type'),origin('http://localhost:9000'),user_agent('Mozilla/5.0 (X11; Linux x86_64) AppleWebKit/537.36 (KHTML, like Gecko) Chrome/122.0.0.0 Safari/537.36'),sec_fetch_mode(cors),sec_fetch_site('same-site'),sec_fetch_dest(empty),referer('http://localhost:9000/')]).
completed(7, 0.007125157, 0, 200, ok).
/*Fri Mar  8 19:12:50 2024*/ request(8, 1709921570.405, [peer(ip(127,0,0,1)),method(put),request_uri('/action'),path('/action'),http_version(1-1),host(localhost),port(8081),connection('keep-alive'),content_length(2229),sec_ch_ua('"Chromium";v="122", "Not(A:Brand";v="24", "Brave";v="122"'),sec_ch_ua_platform('"Linux"'),sec_ch_ua_mobile('?0'),user_agent('Mozilla/5.0 (X11; Linux x86_64) AppleWebKit/537.36 (KHTML, like Gecko) Chrome/122.0.0.0 Safari/537.36'),content_type('application/json'),sec_gpc('1'),origin('http://localhost:9000'),sec_fetch_site('same-site'),sec_fetch_mode(cors),sec_fetch_dest(empty),referer('http://localhost:9000/')]).
_{ beliefs:_{ certain_eternals:_{ cells:[ _{x:0,y:0},
					  _{x:1,y:0},
					  _{x:2,y:0},
					  _{x:3,y:0},
					  _{x:4,y:0},
					  _{x:5,y:0},
					  _{x:0,y:1},
					  _{x:1,y:1},
					  _{x:2,y:1},
					  _{x:3,y:1},
					  _{x:4,y:1},
					  _{x:5,y:1},
					  _{x:0,y:2},
					  _{x:1,y:2},
					  _{x:2,y:2},
					  _{x:3,y:2},
					  _{x:4,y:2},
					  _{x:5,y:2},
					  _{x:0,y:3},
					  _{x:1,y:3},
					  _{x:2,y:3},
					  _{x:3,y:3},
					  _{x:4,y:3},
					  _{x:5,y:3},
					  _{x:0,y:4},
					  _{x:1,y:4},
					  _{x:2,y:4},
					  _{x:3,y:4},
					  _{x:4,y:4},
					  _{x:5,y:4},
					  _{x:0,y:5},
					  _{x:1,y:5},
					  _{x:2,y:5},
					  _{x:3,y:5},
					  _{x:4,y:5},
					  _{x:5,y:5}
					],
				  eat_exit:_{c:_{x:1,y:1},e:_{id:exit}},
				  eat_walls:[ _{ c:_{x:5,y:5},
						 w:_{id:wall20}
					       },
					      _{ c:_{x:4,y:5},
						 w:_{id:wall19}
					       },
					      _{ c:_{x:3,y:5},
						 w:_{id:wall18}
					       },
					      _{ c:_{x:2,y:5},
						 w:_{id:wall17}
					       },
					      _{ c:_{x:1,y:5},
						 w:_{id:wall16}
					       },
					      _{ c:_{x:0,y:5},
						 w:_{id:wall15}
					       },
					      _{ c:_{x:5,y:4},
						 w:_{id:wall14}
					       },
					      _{ c:_{x:0,y:4},
						 w:_{id:wall13}
					       },
					      _{ c:_{x:5,y:3},
						 w:_{id:wall12}
					       },
					      _{ c:_{x:0,y:3},
						 w:_{id:wall11}
					       },
					      _{ c:_{x:5,y:2},
						 w:_{id:wall10}
					       },
					      _{ c:_{x:0,y:2},
						 w:_{id:wall9}
					       },
					      _{ c:_{x:5,y:1},
						 w:_{id:wall8}
					       },
					      _{ c:_{x:0,y:1},
						 w:_{id:wall7}
					       },
					      _{ c:_{x:5,y:0},
						 w:_{id:wall6}
					       },
					      _{ c:_{x:4,y:0},
						 w:_{id:wall5}
					       },
					      _{ c:_{x:3,y:0},
						 w:_{id:wall4}
					       },
					      _{ c:_{x:2,y:0},
						 w:_{id:wall3}
					       },
					      _{ c:_{x:1,y:0},
						 w:_{id:wall2}
					       },
					      _{ c:_{x:0,y:0},
						 w:_{id:wall1}
					       }
					    ]
				},
	      certain_fluents:_{ alive:[_{id:hunter}],
				 dir:[_{d:east,h:_{id:hunter}}],
				 fat_gold:[],
				 fat_hunter:_{ c:_{x:1,y:1},
					       h:_{id:hunter}
					     },
				 game_state:running,
				 has_arrow:[ _{ a:_{id:arrow1},
						h:_{id:hunter}
					      }
					   ],
				 has_gold:[],
				 score:0,
				 visited:[ _{ from:_{x:1,y:2},
					      to:_{x:1,y:1}
					    },
					   _{ from:_{x:1,y:1},
					      to:_{x:1,y:2}
					    }
					 ]
			       },
	      step:0,
	      uncertain_eternals:_{ eat_pit:[ _{ c:_{x:1,y:1},
						 p:_{id:false}
					       },
					      _{ c:_{x:2,y:1},
						 p:_{id:false}
					       },
					      _{ c:_{x:1,y:2},
						 p:_{id:false}
					       },
					      _{ c:_{x:2,y:2},
						 p:_{id:false}
					       },
					      _{ c:_{x:1,y:3},
						 p:_{id:false}
					       }
					    ],
				    eat_wumpus:[ _{ c:_{x:1,y:3},
						    w:_{id:true}
						  },
						 _{ c:_{x:2,y:2},
						    w:_{id:true}
						  },
						 _{ c:_{x:1,y:1},
						    w:_{id:false}
						  },
						 _{ c:_{x:2,y:1},
						    w:_{id:false}
						  },
						 _{ c:_{x:1,y:2},
						    w:_{id:false}
						  }
					       ]
				  },
	      uncertain_fluents:_{fatal:[]}
	    },
   percepts:[]
 }
La valeur de AdjSansWumpus est : [_2416{x:1,y:2},_2378{x:2,y:1}]
Cases Auth est : [_2378{x:2,y:1}]
La valeur de X est : 2
La valeur de Y est : 1
completed(8, 0.068840201, 2911, 200, ok).
/*Fri Mar  8 19:12:51 2024*/ request(9, 1709921571.498, [peer(ip(127,0,0,1)),method(put),request_uri('/action'),path('/action'),http_version(1-1),host(localhost),port(8081),connection('keep-alive'),content_length(2279),sec_ch_ua('"Chromium";v="122", "Not(A:Brand";v="24", "Brave";v="122"'),sec_ch_ua_platform('"Linux"'),sec_ch_ua_mobile('?0'),user_agent('Mozilla/5.0 (X11; Linux x86_64) AppleWebKit/537.36 (KHTML, like Gecko) Chrome/122.0.0.0 Safari/537.36'),content_type('application/json'),sec_gpc('1'),origin('http://localhost:9000'),sec_fetch_site('same-site'),sec_fetch_mode(cors),sec_fetch_dest(empty),referer('http://localhost:9000/')]).
_{ beliefs:_{ certain_eternals:_{ cells:[ _{x:0,y:0},
					  _{x:1,y:0},
					  _{x:2,y:0},
					  _{x:3,y:0},
					  _{x:4,y:0},
					  _{x:5,y:0},
					  _{x:0,y:1},
					  _{x:1,y:1},
					  _{x:2,y:1},
					  _{x:3,y:1},
					  _{x:4,y:1},
					  _{x:5,y:1},
					  _{x:0,y:2},
					  _{x:1,y:2},
					  _{x:2,y:2},
					  _{x:3,y:2},
					  _{x:4,y:2},
					  _{x:5,y:2},
					  _{x:0,y:3},
					  _{x:1,y:3},
					  _{x:2,y:3},
					  _{x:3,y:3},
					  _{x:4,y:3},
					  _{x:5,y:3},
					  _{x:0,y:4},
					  _{x:1,y:4},
					  _{x:2,y:4},
					  _{x:3,y:4},
					  _{x:4,y:4},
					  _{x:5,y:4},
					  _{x:0,y:5},
					  _{x:1,y:5},
					  _{x:2,y:5},
					  _{x:3,y:5},
					  _{x:4,y:5},
					  _{x:5,y:5}
					],
				  eat_exit:_{c:_{x:1,y:1},e:_{id:exit}},
				  eat_walls:[ _{ c:_{x:5,y:5},
						 w:_{id:wall20}
					       },
					      _{ c:_{x:4,y:5},
						 w:_{id:wall19}
					       },
					      _{ c:_{x:3,y:5},
						 w:_{id:wall18}
					       },
					      _{ c:_{x:2,y:5},
						 w:_{id:wall17}
					       },
					      _{ c:_{x:1,y:5},
						 w:_{id:wall16}
					       },
					      _{ c:_{x:0,y:5},
						 w:_{id:wall15}
					       },
					      _{ c:_{x:5,y:4},
						 w:_{id:wall14}
					       },
					      _{ c:_{x:0,y:4},
						 w:_{id:wall13}
					       },
					      _{ c:_{x:5,y:3},
						 w:_{id:wall12}
					       },
					      _{ c:_{x:0,y:3},
						 w:_{id:wall11}
					       },
					      _{ c:_{x:5,y:2},
						 w:_{id:wall10}
					       },
					      _{ c:_{x:0,y:2},
						 w:_{id:wall9}
					       },
					      _{ c:_{x:5,y:1},
						 w:_{id:wall8}
					       },
					      _{ c:_{x:0,y:1},
						 w:_{id:wall7}
					       },
					      _{ c:_{x:5,y:0},
						 w:_{id:wall6}
					       },
					      _{ c:_{x:4,y:0},
						 w:_{id:wall5}
					       },
					      _{ c:_{x:3,y:0},
						 w:_{id:wall4}
					       },
					      _{ c:_{x:2,y:0},
						 w:_{id:wall3}
					       },
					      _{ c:_{x:1,y:0},
						 w:_{id:wall2}
					       },
					      _{ c:_{x:0,y:0},
						 w:_{id:wall1}
					       }
					    ]
				},
	      certain_fluents:_{ alive:[_{id:hunter}],
				 dir:[_{d:east,h:_{id:hunter}}],
				 fat_gold:[],
				 fat_hunter:_{ c:_{x:2,y:1},
					       h:_{id:hunter}
					     },
				 game_state:running,
				 has_arrow:[ _{ a:_{id:arrow1},
						h:_{id:hunter}
					      }
					   ],
				 has_gold:[],
				 score:0,
				 visited:[ _{ from:_{x:1,y:1},
					      to:_{x:2,y:1}
					    },
					   _{ from:_{x:1,y:2},
					      to:_{x:1,y:1}
					    },
					   _{ from:_{x:1,y:1},
					      to:_{x:1,y:2}
					    }
					 ]
			       },
	      step:0,
	      uncertain_eternals:_{ eat_pit:[ _{ c:_{x:1,y:1},
						 p:_{id:false}
					       },
					      _{ c:_{x:2,y:1},
						 p:_{id:false}
					       },
					      _{ c:_{x:1,y:2},
						 p:_{id:false}
					       },
					      _{ c:_{x:2,y:2},
						 p:_{id:false}
					       },
					      _{ c:_{x:1,y:3},
						 p:_{id:false}
					       }
					    ],
				    eat_wumpus:[ _{ c:_{x:1,y:3},
						    w:_{id:true}
						  },
						 _{ c:_{x:2,y:2},
						    w:_{id:true}
						  },
						 _{ c:_{x:1,y:1},
						    w:_{id:false}
						  },
						 _{ c:_{x:2,y:1},
						    w:_{id:false}
						  },
						 _{ c:_{x:1,y:2},
						    w:_{id:false}
						  }
					       ]
				  },
	      uncertain_fluents:_{fatal:[]}
	    },
   percepts:[breeze]
 }
La valeur de AdjSansWumpus est : [_2498{x:2,y:2},_2384{x:1,y:1}]
Cases Auth est : [_2498{x:2,y:2}]
La valeur de X est : 3
La valeur de Y est : 1
completed(9, 0.05687827899999999, 3008, 200, ok).
/*Fri Mar  8 19:12:52 2024*/ request(10, 1709921572.576, [peer(ip(127,0,0,1)),method(put),request_uri('/action'),path('/action'),http_version(1-1),host(localhost),port(8081),connection('keep-alive'),content_length(2354),sec_ch_ua('"Chromium";v="122", "Not(A:Brand";v="24", "Brave";v="122"'),sec_ch_ua_platform('"Linux"'),sec_ch_ua_mobile('?0'),user_agent('Mozilla/5.0 (X11; Linux x86_64) AppleWebKit/537.36 (KHTML, like Gecko) Chrome/122.0.0.0 Safari/537.36'),content_type('application/json'),sec_gpc('1'),origin('http://localhost:9000'),sec_fetch_site('same-site'),sec_fetch_mode(cors),sec_fetch_dest(empty),referer('http://localhost:9000/')]).
_{ beliefs:_{ certain_eternals:_{ cells:[ _{x:0,y:0},
					  _{x:1,y:0},
					  _{x:2,y:0},
					  _{x:3,y:0},
					  _{x:4,y:0},
					  _{x:5,y:0},
					  _{x:0,y:1},
					  _{x:1,y:1},
					  _{x:2,y:1},
					  _{x:3,y:1},
					  _{x:4,y:1},
					  _{x:5,y:1},
					  _{x:0,y:2},
					  _{x:1,y:2},
					  _{x:2,y:2},
					  _{x:3,y:2},
					  _{x:4,y:2},
					  _{x:5,y:2},
					  _{x:0,y:3},
					  _{x:1,y:3},
					  _{x:2,y:3},
					  _{x:3,y:3},
					  _{x:4,y:3},
					  _{x:5,y:3},
					  _{x:0,y:4},
					  _{x:1,y:4},
					  _{x:2,y:4},
					  _{x:3,y:4},
					  _{x:4,y:4},
					  _{x:5,y:4},
					  _{x:0,y:5},
					  _{x:1,y:5},
					  _{x:2,y:5},
					  _{x:3,y:5},
					  _{x:4,y:5},
					  _{x:5,y:5}
					],
				  eat_exit:_{c:_{x:1,y:1},e:_{id:exit}},
				  eat_walls:[ _{ c:_{x:5,y:5},
						 w:_{id:wall20}
					       },
					      _{ c:_{x:4,y:5},
						 w:_{id:wall19}
					       },
					      _{ c:_{x:3,y:5},
						 w:_{id:wall18}
					       },
					      _{ c:_{x:2,y:5},
						 w:_{id:wall17}
					       },
					      _{ c:_{x:1,y:5},
						 w:_{id:wall16}
					       },
					      _{ c:_{x:0,y:5},
						 w:_{id:wall15}
					       },
					      _{ c:_{x:5,y:4},
						 w:_{id:wall14}
					       },
					      _{ c:_{x:0,y:4},
						 w:_{id:wall13}
					       },
					      _{ c:_{x:5,y:3},
						 w:_{id:wall12}
					       },
					      _{ c:_{x:0,y:3},
						 w:_{id:wall11}
					       },
					      _{ c:_{x:5,y:2},
						 w:_{id:wall10}
					       },
					      _{ c:_{x:0,y:2},
						 w:_{id:wall9}
					       },
					      _{ c:_{x:5,y:1},
						 w:_{id:wall8}
					       },
					      _{ c:_{x:0,y:1},
						 w:_{id:wall7}
					       },
					      _{ c:_{x:5,y:0},
						 w:_{id:wall6}
					       },
					      _{ c:_{x:4,y:0},
						 w:_{id:wall5}
					       },
					      _{ c:_{x:3,y:0},
						 w:_{id:wall4}
					       },
					      _{ c:_{x:2,y:0},
						 w:_{id:wall3}
					       },
					      _{ c:_{x:1,y:0},
						 w:_{id:wall2}
					       },
					      _{ c:_{x:0,y:0},
						 w:_{id:wall1}
					       }
					    ]
				},
	      certain_fluents:_{ alive:[_{id:hunter}],
				 dir:[_{d:north,h:_{id:hunter}}],
				 fat_gold:[],
				 fat_hunter:_{ c:_{x:2,y:1},
					       h:_{id:hunter}
					     },
				 game_state:running,
				 has_arrow:[ _{ a:_{id:arrow1},
						h:_{id:hunter}
					      }
					   ],
				 has_gold:[],
				 score:0,
				 visited:[ _{ from:_{x:1,y:1},
					      to:_{x:2,y:1}
					    },
					   _{ from:_{x:1,y:2},
					      to:_{x:1,y:1}
					    },
					   _{ from:_{x:1,y:1},
					      to:_{x:1,y:2}
					    }
					 ]
			       },
	      step:0,
	      uncertain_eternals:_{ eat_pit:[ _{ c:_{x:3,y:1},
						 p:_{id:true}
					       },
					      _{ c:_{x:1,y:1},
						 p:_{id:false}
					       },
					      _{ c:_{x:2,y:1},
						 p:_{id:false}
					       },
					      _{ c:_{x:1,y:2},
						 p:_{id:false}
					       },
					      _{ c:_{x:2,y:2},
						 p:_{id:false}
					       },
					      _{ c:_{x:1,y:3},
						 p:_{id:false}
					       }
					    ],
				    eat_wumpus:[ _{ c:_{x:1,y:3},
						    w:_{id:true}
						  },
						 _{ c:_{x:1,y:1},
						    w:_{id:false}
						  },
						 _{ c:_{x:2,y:1},
						    w:_{id:false}
						  },
						 _{ c:_{x:1,y:2},
						    w:_{id:false}
						  },
						 _{ c:_{x:3,y:1},
						    w:_{id:false}
						  },
						 _{ c:_{x:2,y:2},
						    w:_{id:false}
						  }
					       ]
				  },
	      uncertain_fluents:_{fatal:[]}
	    },
   percepts:[breeze]
 }
La valeur de AdjSansWumpus est : [_2534{x:2,y:2},_2420{x:1,y:1}]
Cases Auth est : [_2534{x:2,y:2}]
La valeur de X est : 2
La valeur de Y est : 2
completed(10, 0.149427704, 3062, 200, ok).
/*Fri Mar  8 19:12:53 2024*/ request(11, 1709921573.657, [peer(ip(127,0,0,1)),method(put),request_uri('/action'),path('/action'),http_version(1-1),host(localhost),port(8081),connection('keep-alive'),content_length(2388),sec_ch_ua('"Chromium";v="122", "Not(A:Brand";v="24", "Brave";v="122"'),sec_ch_ua_platform('"Linux"'),sec_ch_ua_mobile('?0'),user_agent('Mozilla/5.0 (X11; Linux x86_64) AppleWebKit/537.36 (KHTML, like Gecko) Chrome/122.0.0.0 Safari/537.36'),content_type('application/json'),sec_gpc('1'),origin('http://localhost:9000'),sec_fetch_site('same-site'),sec_fetch_mode(cors),sec_fetch_dest(empty),referer('http://localhost:9000/')]).
_{ beliefs:_{ certain_eternals:_{ cells:[ _{x:0,y:0},
					  _{x:1,y:0},
					  _{x:2,y:0},
					  _{x:3,y:0},
					  _{x:4,y:0},
					  _{x:5,y:0},
					  _{x:0,y:1},
					  _{x:1,y:1},
					  _{x:2,y:1},
					  _{x:3,y:1},
					  _{x:4,y:1},
					  _{x:5,y:1},
					  _{x:0,y:2},
					  _{x:1,y:2},
					  _{x:2,y:2},
					  _{x:3,y:2},
					  _{x:4,y:2},
					  _{x:5,y:2},
					  _{x:0,y:3},
					  _{x:1,y:3},
					  _{x:2,y:3},
					  _{x:3,y:3},
					  _{x:4,y:3},
					  _{x:5,y:3},
					  _{x:0,y:4},
					  _{x:1,y:4},
					  _{x:2,y:4},
					  _{x:3,y:4},
					  _{x:4,y:4},
					  _{x:5,y:4},
					  _{x:0,y:5},
					  _{x:1,y:5},
					  _{x:2,y:5},
					  _{x:3,y:5},
					  _{x:4,y:5},
					  _{x:5,y:5}
					],
				  eat_exit:_{c:_{x:1,y:1},e:_{id:exit}},
				  eat_walls:[ _{ c:_{x:5,y:5},
						 w:_{id:wall20}
					       },
					      _{ c:_{x:4,y:5},
						 w:_{id:wall19}
					       },
					      _{ c:_{x:3,y:5},
						 w:_{id:wall18}
					       },
					      _{ c:_{x:2,y:5},
						 w:_{id:wall17}
					       },
					      _{ c:_{x:1,y:5},
						 w:_{id:wall16}
					       },
					      _{ c:_{x:0,y:5},
						 w:_{id:wall15}
					       },
					      _{ c:_{x:5,y:4},
						 w:_{id:wall14}
					       },
					      _{ c:_{x:0,y:4},
						 w:_{id:wall13}
					       },
					      _{ c:_{x:5,y:3},
						 w:_{id:wall12}
					       },
					      _{ c:_{x:0,y:3},
						 w:_{id:wall11}
					       },
					      _{ c:_{x:5,y:2},
						 w:_{id:wall10}
					       },
					      _{ c:_{x:0,y:2},
						 w:_{id:wall9}
					       },
					      _{ c:_{x:5,y:1},
						 w:_{id:wall8}
					       },
					      _{ c:_{x:0,y:1},
						 w:_{id:wall7}
					       },
					      _{ c:_{x:5,y:0},
						 w:_{id:wall6}
					       },
					      _{ c:_{x:4,y:0},
						 w:_{id:wall5}
					       },
					      _{ c:_{x:3,y:0},
						 w:_{id:wall4}
					       },
					      _{ c:_{x:2,y:0},
						 w:_{id:wall3}
					       },
					      _{ c:_{x:1,y:0},
						 w:_{id:wall2}
					       },
					      _{ c:_{x:0,y:0},
						 w:_{id:wall1}
					       }
					    ]
				},
	      certain_fluents:_{ alive:[_{id:hunter}],
				 dir:[_{d:north,h:_{id:hunter}}],
				 fat_gold:[],
				 fat_hunter:_{ c:_{x:2,y:2},
					       h:_{id:hunter}
					     },
				 game_state:running,
				 has_arrow:[ _{ a:_{id:arrow1},
						h:_{id:hunter}
					      }
					   ],
				 has_gold:[],
				 score:0,
				 visited:[ _{ from:_{x:2,y:1},
					      to:_{x:2,y:2}
					    },
					   _{ from:_{x:1,y:1},
					      to:_{x:2,y:1}
					    },
					   _{ from:_{x:1,y:2},
					      to:_{x:1,y:1}
					    },
					   _{ from:_{x:1,y:1},
					      to:_{x:1,y:2}
					    }
					 ]
			       },
	      step:0,
	      uncertain_eternals:_{ eat_pit:[ _{ c:_{x:3,y:1},
						 p:_{id:true}
					       },
					      _{ c:_{x:1,y:1},
						 p:_{id:false}
					       },
					      _{ c:_{x:2,y:1},
						 p:_{id:false}
					       },
					      _{ c:_{x:1,y:2},
						 p:_{id:false}
					       },
					      _{ c:_{x:2,y:2},
						 p:_{id:false}
					       },
					      _{ c:_{x:1,y:3},
						 p:_{id:false}
					       }
					    ],
				    eat_wumpus:[ _{ c:_{x:1,y:3},
						    w:_{id:true}
						  },
						 _{ c:_{x:1,y:1},
						    w:_{id:false}
						  },
						 _{ c:_{x:2,y:1},
						    w:_{id:false}
						  },
						 _{ c:_{x:1,y:2},
						    w:_{id:false}
						  },
						 _{ c:_{x:3,y:1},
						    w:_{id:false}
						  },
						 _{ c:_{x:2,y:2},
						    w:_{id:false}
						  }
					       ]
				  },
	      uncertain_fluents:_{fatal:[]}
	    },
   percepts:[]
 }
La valeur de AdjSansWumpus est : [_13594{x:2,y:3},_13612{x:3,y:2},_2546{x:1,y:2},_2508{x:2,y:1}]
Cases Auth est : [_13612{x:3,y:2},_13594{x:2,y:3}]
La valeur de X est : 2
La valeur de Y est : 3
completed(11, 0.06977011699999999, 3284, 200, ok).
/*Fri Mar  8 19:12:54 2024*/ request(12, 1709921574.623, [peer(ip(127,0,0,1)),method(put),request_uri('/action'),path('/action'),http_version(1-1),host(localhost),port(8081),connection('keep-alive'),content_length(2605),sec_ch_ua('"Chromium";v="122", "Not(A:Brand";v="24", "Brave";v="122"'),sec_ch_ua_platform('"Linux"'),sec_ch_ua_mobile('?0'),user_agent('Mozilla/5.0 (X11; Linux x86_64) AppleWebKit/537.36 (KHTML, like Gecko) Chrome/122.0.0.0 Safari/537.36'),content_type('application/json'),sec_gpc('1'),origin('http://localhost:9000'),sec_fetch_site('same-site'),sec_fetch_mode(cors),sec_fetch_dest(empty),referer('http://localhost:9000/')]).
_{ beliefs:_{ certain_eternals:_{ cells:[ _{x:0,y:0},
					  _{x:1,y:0},
					  _{x:2,y:0},
					  _{x:3,y:0},
					  _{x:4,y:0},
					  _{x:5,y:0},
					  _{x:0,y:1},
					  _{x:1,y:1},
					  _{x:2,y:1},
					  _{x:3,y:1},
					  _{x:4,y:1},
					  _{x:5,y:1},
					  _{x:0,y:2},
					  _{x:1,y:2},
					  _{x:2,y:2},
					  _{x:3,y:2},
					  _{x:4,y:2},
					  _{x:5,y:2},
					  _{x:0,y:3},
					  _{x:1,y:3},
					  _{x:2,y:3},
					  _{x:3,y:3},
					  _{x:4,y:3},
					  _{x:5,y:3},
					  _{x:0,y:4},
					  _{x:1,y:4},
					  _{x:2,y:4},
					  _{x:3,y:4},
					  _{x:4,y:4},
					  _{x:5,y:4},
					  _{x:0,y:5},
					  _{x:1,y:5},
					  _{x:2,y:5},
					  _{x:3,y:5},
					  _{x:4,y:5},
					  _{x:5,y:5}
					],
				  eat_exit:_{c:_{x:1,y:1},e:_{id:exit}},
				  eat_walls:[ _{ c:_{x:5,y:5},
						 w:_{id:wall20}
					       },
					      _{ c:_{x:4,y:5},
						 w:_{id:wall19}
					       },
					      _{ c:_{x:3,y:5},
						 w:_{id:wall18}
					       },
					      _{ c:_{x:2,y:5},
						 w:_{id:wall17}
					       },
					      _{ c:_{x:1,y:5},
						 w:_{id:wall16}
					       },
					      _{ c:_{x:0,y:5},
						 w:_{id:wall15}
					       },
					      _{ c:_{x:5,y:4},
						 w:_{id:wall14}
					       },
					      _{ c:_{x:0,y:4},
						 w:_{id:wall13}
					       },
					      _{ c:_{x:5,y:3},
						 w:_{id:wall12}
					       },
					      _{ c:_{x:0,y:3},
						 w:_{id:wall11}
					       },
					      _{ c:_{x:5,y:2},
						 w:_{id:wall10}
					       },
					      _{ c:_{x:0,y:2},
						 w:_{id:wall9}
					       },
					      _{ c:_{x:5,y:1},
						 w:_{id:wall8}
					       },
					      _{ c:_{x:0,y:1},
						 w:_{id:wall7}
					       },
					      _{ c:_{x:5,y:0},
						 w:_{id:wall6}
					       },
					      _{ c:_{x:4,y:0},
						 w:_{id:wall5}
					       },
					      _{ c:_{x:3,y:0},
						 w:_{id:wall4}
					       },
					      _{ c:_{x:2,y:0},
						 w:_{id:wall3}
					       },
					      _{ c:_{x:1,y:0},
						 w:_{id:wall2}
					       },
					      _{ c:_{x:0,y:0},
						 w:_{id:wall1}
					       }
					    ]
				},
	      certain_fluents:_{ alive:[_{id:hunter}],
				 dir:[_{d:north,h:_{id:hunter}}],
				 fat_gold:[],
				 fat_hunter:_{ c:_{x:2,y:3},
					       h:_{id:hunter}
					     },
				 game_state:running,
				 has_arrow:[ _{ a:_{id:arrow1},
						h:_{id:hunter}
					      }
					   ],
				 has_gold:[],
				 score:0,
				 visited:[ _{ from:_{x:2,y:2},
					      to:_{x:2,y:3}
					    },
					   _{ from:_{x:2,y:1},
					      to:_{x:2,y:2}
					    },
					   _{ from:_{x:1,y:1},
					      to:_{x:2,y:1}
					    },
					   _{ from:_{x:1,y:2},
					      to:_{x:1,y:1}
					    },
					   _{ from:_{x:1,y:1},
					      to:_{x:1,y:2}
					    }
					 ]
			       },
	      step:0,
	      uncertain_eternals:_{ eat_pit:[ _{ c:_{x:3,y:1},
						 p:_{id:true}
					       },
					      _{ c:_{x:1,y:1},
						 p:_{id:false}
					       },
					      _{ c:_{x:2,y:1},
						 p:_{id:false}
					       },
					      _{ c:_{x:1,y:2},
						 p:_{id:false}
					       },
					      _{ c:_{x:2,y:2},
						 p:_{id:false}
					       },
					      _{ c:_{x:1,y:3},
						 p:_{id:false}
					       },
					      _{ c:_{x:3,y:2},
						 p:_{id:false}
					       },
					      _{ c:_{x:2,y:3},
						 p:_{id:false}
					       }
					    ],
				    eat_wumpus:[ _{ c:_{x:1,y:3},
						    w:_{id:true}
						  },
						 _{ c:_{x:1,y:1},
						    w:_{id:false}
						  },
						 _{ c:_{x:2,y:1},
						    w:_{id:false}
						  },
						 _{ c:_{x:1,y:2},
						    w:_{id:false}
						  },
						 _{ c:_{x:3,y:1},
						    w:_{id:false}
						  },
						 _{ c:_{x:2,y:2},
						    w:_{id:false}
						  },
						 _{ c:_{x:3,y:2},
						    w:_{id:false}
						  },
						 _{ c:_{x:2,y:3},
						    w:_{id:false}
						  }
					       ]
				  },
	      uncertain_fluents:_{fatal:[]}
	    },
   percepts:[glitter,breeze,stench]
 }
completed(12, 0.06751891, 3488, 200, ok).
/*Fri Mar  8 19:12:56 2024*/ request(13, 1709921576.104, [peer(ip(127,0,0,1)),method(options),request_uri('/action'),path('/action'),http_version(1-1),host(localhost),port(8081),connection('keep-alive'),access_control_request_method('PUT'),access_control_request_headers('content-type'),origin('http://localhost:9000'),user_agent('Mozilla/5.0 (X11; Linux x86_64) AppleWebKit/537.36 (KHTML, like Gecko) Chrome/122.0.0.0 Safari/537.36'),sec_fetch_mode(cors),sec_fetch_site('same-site'),sec_fetch_dest(empty),referer('http://localhost:9000/')]).
completed(13, 0.005077756999999988, 0, 200, ok).
/*Fri Mar  8 19:12:56 2024*/ request(14, 1709921576.114, [peer(ip(127,0,0,1)),method(put),request_uri('/action'),path('/action'),http_version(1-1),host(localhost),port(8081),connection('keep-alive'),content_length(2741),sec_ch_ua('"Chromium";v="122", "Not(A:Brand";v="24", "Brave";v="122"'),sec_ch_ua_platform('"Linux"'),sec_ch_ua_mobile('?0'),user_agent('Mozilla/5.0 (X11; Linux x86_64) AppleWebKit/537.36 (KHTML, like Gecko) Chrome/122.0.0.0 Safari/537.36'),content_type('application/json'),sec_gpc('1'),origin('http://localhost:9000'),sec_fetch_site('same-site'),sec_fetch_mode(cors),sec_fetch_dest(empty),referer('http://localhost:9000/')]).
_{ beliefs:_{ certain_eternals:_{ cells:[ _{x:0,y:0},
					  _{x:1,y:0},
					  _{x:2,y:0},
					  _{x:3,y:0},
					  _{x:4,y:0},
					  _{x:5,y:0},
					  _{x:0,y:1},
					  _{x:1,y:1},
					  _{x:2,y:1},
					  _{x:3,y:1},
					  _{x:4,y:1},
					  _{x:5,y:1},
					  _{x:0,y:2},
					  _{x:1,y:2},
					  _{x:2,y:2},
					  _{x:3,y:2},
					  _{x:4,y:2},
					  _{x:5,y:2},
					  _{x:0,y:3},
					  _{x:1,y:3},
					  _{x:2,y:3},
					  _{x:3,y:3},
					  _{x:4,y:3},
					  _{x:5,y:3},
					  _{x:0,y:4},
					  _{x:1,y:4},
					  _{x:2,y:4},
					  _{x:3,y:4},
					  _{x:4,y:4},
					  _{x:5,y:4},
					  _{x:0,y:5},
					  _{x:1,y:5},
					  _{x:2,y:5},
					  _{x:3,y:5},
					  _{x:4,y:5},
					  _{x:5,y:5}
					],
				  eat_exit:_{c:_{x:1,y:1},e:_{id:exit}},
				  eat_walls:[ _{ c:_{x:5,y:5},
						 w:_{id:wall20}
					       },
					      _{ c:_{x:4,y:5},
						 w:_{id:wall19}
					       },
					      _{ c:_{x:3,y:5},
						 w:_{id:wall18}
					       },
					      _{ c:_{x:2,y:5},
						 w:_{id:wall17}
					       },
					      _{ c:_{x:1,y:5},
						 w:_{id:wall16}
					       },
					      _{ c:_{x:0,y:5},
						 w:_{id:wall15}
					       },
					      _{ c:_{x:5,y:4},
						 w:_{id:wall14}
					       },
					      _{ c:_{x:0,y:4},
						 w:_{id:wall13}
					       },
					      _{ c:_{x:5,y:3},
						 w:_{id:wall12}
					       },
					      _{ c:_{x:0,y:3},
						 w:_{id:wall11}
					       },
					      _{ c:_{x:5,y:2},
						 w:_{id:wall10}
					       },
					      _{ c:_{x:0,y:2},
						 w:_{id:wall9}
					       },
					      _{ c:_{x:5,y:1},
						 w:_{id:wall8}
					       },
					      _{ c:_{x:0,y:1},
						 w:_{id:wall7}
					       },
					      _{ c:_{x:5,y:0},
						 w:_{id:wall6}
					       },
					      _{ c:_{x:4,y:0},
						 w:_{id:wall5}
					       },
					      _{ c:_{x:3,y:0},
						 w:_{id:wall4}
					       },
					      _{ c:_{x:2,y:0},
						 w:_{id:wall3}
					       },
					      _{ c:_{x:1,y:0},
						 w:_{id:wall2}
					       },
					      _{ c:_{x:0,y:0},
						 w:_{id:wall1}
					       }
					    ]
				},
	      certain_fluents:_{ alive:[_{id:hunter}],
				 dir:[_{d:north,h:_{id:hunter}}],
				 fat_gold:[],
				 fat_hunter:_{ c:_{x:2,y:3},
					       h:_{id:hunter}
					     },
				 game_state:running,
				 has_arrow:[ _{ a:_{id:arrow1},
						h:_{id:hunter}
					      }
					   ],
				 has_gold:true,
				 score:0,
				 visited:[ _{ from:_{x:2,y:2},
					      to:_{x:2,y:3}
					    },
					   _{ from:_{x:2,y:1},
					      to:_{x:2,y:2}
					    },
					   _{ from:_{x:1,y:1},
					      to:_{x:2,y:1}
					    },
					   _{ from:_{x:1,y:2},
					      to:_{x:1,y:1}
					    },
					   _{ from:_{x:1,y:1},
					      to:_{x:1,y:2}
					    }
					 ]
			       },
	      step:0,
	      uncertain_eternals:_{ eat_pit:[ _{ c:_{x:3,y:1},
						 p:_{id:true}
					       },
					      _{ c:_{x:2,y:4},
						 p:_{id:true}
					       },
					      _{ c:_{x:3,y:3},
						 p:_{id:true}
					       },
					      _{ c:_{x:1,y:1},
						 p:_{id:false}
					       },
					      _{ c:_{x:2,y:1},
						 p:_{id:false}
					       },
					      _{ c:_{x:1,y:2},
						 p:_{id:false}
					       },
					      _{ c:_{x:2,y:2},
						 p:_{id:false}
					       },
					      _{ c:_{x:1,y:3},
						 p:_{id:false}
					       },
					      _{ c:_{x:3,y:2},
						 p:_{id:false}
					       },
					      _{ c:_{x:2,y:3},
						 p:_{id:false}
					       }
					    ],
				    eat_wumpus:[ _{ c:_{x:1,y:3},
						    w:_{id:true}
						  },
						 _{ c:_{x:2,y:4},
						    w:_{id:true}
						  },
						 _{ c:_{x:3,y:3},
						    w:_{id:true}
						  },
						 _{ c:_{x:1,y:1},
						    w:_{id:false}
						  },
						 _{ c:_{x:2,y:1},
						    w:_{id:false}
						  },
						 _{ c:_{x:1,y:2},
						    w:_{id:false}
						  },
						 _{ c:_{x:3,y:1},
						    w:_{id:false}
						  },
						 _{ c:_{x:2,y:2},
						    w:_{id:false}
						  },
						 _{ c:_{x:3,y:2},
						    w:_{id:false}
						  },
						 _{ c:_{x:2,y:3},
						    w:_{id:false}
						  }
					       ]
				  },
	      uncertain_fluents:_{fatal:[]}
	    },
   percepts:[breeze,stench]
 }
La valeur de Case est : _2224{x:2,y:2}
La valeur de Action est : right
server(error, 1709921576).
server(started, 1709921639).
/*Fri Mar  8 19:14:02 2024*/ request(1, 1709921642.377, [peer(ip(127,0,0,1)),method(options),request_uri('/action'),path('/action'),http_version(1-1),host(localhost),port(8081),connection('keep-alive'),access_control_request_method('PUT'),access_control_request_headers('content-type'),origin('http://localhost:9000'),user_agent('Mozilla/5.0 (X11; Linux x86_64) AppleWebKit/537.36 (KHTML, like Gecko) Chrome/122.0.0.0 Safari/537.36'),sec_fetch_mode(cors),sec_fetch_site('same-site'),sec_fetch_dest(empty),referer('http://localhost:9000/')]).
completed(1, 0.030526391, 0, 200, ok).
/*Fri Mar  8 19:14:02 2024*/ request(2, 1709921642.386, [peer(ip(127,0,0,1)),method(put),request_uri('/action'),path('/action'),http_version(1-1),host(localhost),port(8081),connection('keep-alive'),content_length(1781),sec_ch_ua('"Chromium";v="122", "Not(A:Brand";v="24", "Brave";v="122"'),sec_ch_ua_platform('"Linux"'),sec_ch_ua_mobile('?0'),user_agent('Mozilla/5.0 (X11; Linux x86_64) AppleWebKit/537.36 (KHTML, like Gecko) Chrome/122.0.0.0 Safari/537.36'),content_type('application/json'),sec_gpc('1'),origin('http://localhost:9000'),sec_fetch_site('same-site'),sec_fetch_mode(cors),sec_fetch_dest(empty),referer('http://localhost:9000/')]).
_{ beliefs:_{ certain_eternals:_{ cells:[ _{x:0,y:0},
					  _{x:1,y:0},
					  _{x:2,y:0},
					  _{x:3,y:0},
					  _{x:4,y:0},
					  _{x:5,y:0},
					  _{x:0,y:1},
					  _{x:1,y:1},
					  _{x:2,y:1},
					  _{x:3,y:1},
					  _{x:4,y:1},
					  _{x:5,y:1},
					  _{x:0,y:2},
					  _{x:1,y:2},
					  _{x:2,y:2},
					  _{x:3,y:2},
					  _{x:4,y:2},
					  _{x:5,y:2},
					  _{x:0,y:3},
					  _{x:1,y:3},
					  _{x:2,y:3},
					  _{x:3,y:3},
					  _{x:4,y:3},
					  _{x:5,y:3},
					  _{x:0,y:4},
					  _{x:1,y:4},
					  _{x:2,y:4},
					  _{x:3,y:4},
					  _{x:4,y:4},
					  _{x:5,y:4},
					  _{x:0,y:5},
					  _{x:1,y:5},
					  _{x:2,y:5},
					  _{x:3,y:5},
					  _{x:4,y:5},
					  _{x:5,y:5}
					],
				  eat_exit:_{c:_{x:1,y:1},e:_{id:exit}},
				  eat_walls:[ _{ c:_{x:5,y:5},
						 w:_{id:wall20}
					       },
					      _{ c:_{x:4,y:5},
						 w:_{id:wall19}
					       },
					      _{ c:_{x:3,y:5},
						 w:_{id:wall18}
					       },
					      _{ c:_{x:2,y:5},
						 w:_{id:wall17}
					       },
					      _{ c:_{x:1,y:5},
						 w:_{id:wall16}
					       },
					      _{ c:_{x:0,y:5},
						 w:_{id:wall15}
					       },
					      _{ c:_{x:5,y:4},
						 w:_{id:wall14}
					       },
					      _{ c:_{x:0,y:4},
						 w:_{id:wall13}
					       },
					      _{ c:_{x:5,y:3},
						 w:_{id:wall12}
					       },
					      _{ c:_{x:0,y:3},
						 w:_{id:wall11}
					       },
					      _{ c:_{x:5,y:2},
						 w:_{id:wall10}
					       },
					      _{ c:_{x:0,y:2},
						 w:_{id:wall9}
					       },
					      _{ c:_{x:5,y:1},
						 w:_{id:wall8}
					       },
					      _{ c:_{x:0,y:1},
						 w:_{id:wall7}
					       },
					      _{ c:_{x:5,y:0},
						 w:_{id:wall6}
					       },
					      _{ c:_{x:4,y:0},
						 w:_{id:wall5}
					       },
					      _{ c:_{x:3,y:0},
						 w:_{id:wall4}
					       },
					      _{ c:_{x:2,y:0},
						 w:_{id:wall3}
					       },
					      _{ c:_{x:1,y:0},
						 w:_{id:wall2}
					       },
					      _{ c:_{x:0,y:0},
						 w:_{id:wall1}
					       }
					    ]
				},
	      certain_fluents:_{ alive:[_{id:hunter}],
				 dir:[_{d:north,h:_{id:hunter}}],
				 fat_gold:[],
				 fat_hunter:_{ c:_{x:1,y:1},
					       h:_{id:hunter}
					     },
				 game_state:running,
				 has_arrow:[ _{ a:_{id:arrow1},
						h:_{id:hunter}
					      }
					   ],
				 has_gold:[],
				 score:0,
				 visited:[]
			       },
	      step:0,
	      uncertain_eternals:_{eat_pit:[],eat_wumpus:[]},
	      uncertain_fluents:_{fatal:[]}
	    },
   percepts:[]
 }
La valeur de AdjSansWumpus est : [_25080{x:1,y:2},_25098{x:2,y:1}]
Cases Auth est : [_25080{x:1,y:2},_25098{x:2,y:1}]
La valeur de X est : 1
La valeur de Y est : 2
completed(2, 0.057580445, 2628, 200, ok).
/*Fri Mar  8 19:14:03 2024*/ request(3, 1709921643.597, [peer(ip(127,0,0,1)),method(put),request_uri('/action'),path('/action'),http_version(1-1),host(localhost),port(8081),connection('keep-alive'),content_length(2050),sec_ch_ua('"Chromium";v="122", "Not(A:Brand";v="24", "Brave";v="122"'),sec_ch_ua_platform('"Linux"'),sec_ch_ua_mobile('?0'),user_agent('Mozilla/5.0 (X11; Linux x86_64) AppleWebKit/537.36 (KHTML, like Gecko) Chrome/122.0.0.0 Safari/537.36'),content_type('application/json'),sec_gpc('1'),origin('http://localhost:9000'),sec_fetch_site('same-site'),sec_fetch_mode(cors),sec_fetch_dest(empty),referer('http://localhost:9000/')]).
_{ beliefs:_{ certain_eternals:_{ cells:[ _{x:0,y:0},
					  _{x:1,y:0},
					  _{x:2,y:0},
					  _{x:3,y:0},
					  _{x:4,y:0},
					  _{x:5,y:0},
					  _{x:0,y:1},
					  _{x:1,y:1},
					  _{x:2,y:1},
					  _{x:3,y:1},
					  _{x:4,y:1},
					  _{x:5,y:1},
					  _{x:0,y:2},
					  _{x:1,y:2},
					  _{x:2,y:2},
					  _{x:3,y:2},
					  _{x:4,y:2},
					  _{x:5,y:2},
					  _{x:0,y:3},
					  _{x:1,y:3},
					  _{x:2,y:3},
					  _{x:3,y:3},
					  _{x:4,y:3},
					  _{x:5,y:3},
					  _{x:0,y:4},
					  _{x:1,y:4},
					  _{x:2,y:4},
					  _{x:3,y:4},
					  _{x:4,y:4},
					  _{x:5,y:4},
					  _{x:0,y:5},
					  _{x:1,y:5},
					  _{x:2,y:5},
					  _{x:3,y:5},
					  _{x:4,y:5},
					  _{x:5,y:5}
					],
				  eat_exit:_{c:_{x:1,y:1},e:_{id:exit}},
				  eat_walls:[ _{ c:_{x:5,y:5},
						 w:_{id:wall20}
					       },
					      _{ c:_{x:4,y:5},
						 w:_{id:wall19}
					       },
					      _{ c:_{x:3,y:5},
						 w:_{id:wall18}
					       },
					      _{ c:_{x:2,y:5},
						 w:_{id:wall17}
					       },
					      _{ c:_{x:1,y:5},
						 w:_{id:wall16}
					       },
					      _{ c:_{x:0,y:5},
						 w:_{id:wall15}
					       },
					      _{ c:_{x:5,y:4},
						 w:_{id:wall14}
					       },
					      _{ c:_{x:0,y:4},
						 w:_{id:wall13}
					       },
					      _{ c:_{x:5,y:3},
						 w:_{id:wall12}
					       },
					      _{ c:_{x:0,y:3},
						 w:_{id:wall11}
					       },
					      _{ c:_{x:5,y:2},
						 w:_{id:wall10}
					       },
					      _{ c:_{x:0,y:2},
						 w:_{id:wall9}
					       },
					      _{ c:_{x:5,y:1},
						 w:_{id:wall8}
					       },
					      _{ c:_{x:0,y:1},
						 w:_{id:wall7}
					       },
					      _{ c:_{x:5,y:0},
						 w:_{id:wall6}
					       },
					      _{ c:_{x:4,y:0},
						 w:_{id:wall5}
					       },
					      _{ c:_{x:3,y:0},
						 w:_{id:wall4}
					       },
					      _{ c:_{x:2,y:0},
						 w:_{id:wall3}
					       },
					      _{ c:_{x:1,y:0},
						 w:_{id:wall2}
					       },
					      _{ c:_{x:0,y:0},
						 w:_{id:wall1}
					       }
					    ]
				},
	      certain_fluents:_{ alive:[_{id:hunter}],
				 dir:[_{d:north,h:_{id:hunter}}],
				 fat_gold:[],
				 fat_hunter:_{ c:_{x:1,y:2},
					       h:_{id:hunter}
					     },
				 game_state:running,
				 has_arrow:[ _{ a:_{id:arrow1},
						h:_{id:hunter}
					      }
					   ],
				 has_gold:[],
				 score:0,
				 visited:[ _{ from:_{x:1,y:1},
					      to:_{x:1,y:2}
					    }
					 ]
			       },
	      step:0,
	      uncertain_eternals:_{ eat_pit:[ _{ c:_{x:1,y:1},
						 p:_{id:false}
					       },
					      _{ c:_{x:2,y:1},
						 p:_{id:false}
					       },
					      _{ c:_{x:1,y:2},
						 p:_{id:false}
					       }
					    ],
				    eat_wumpus:[ _{ c:_{x:1,y:1},
						    w:_{id:false}
						  },
						 _{ c:_{x:2,y:1},
						    w:_{id:false}
						  },
						 _{ c:_{x:1,y:2},
						    w:_{id:false}
						  }
					       ]
				  },
	      uncertain_fluents:_{fatal:[]}
	    },
   percepts:[stench]
 }
La valeur de AdjSansWumpus est : [_7748{x:1,y:1}]
Cases Auth est : [_7534{x:1,y:1}]
La valeur de X est : 1
La valeur de Y est : 3
completed(3, 0.057262119, 2811, 200, ok).
/*Fri Mar  8 19:14:05 2024*/ request(4, 1709921645.854, [peer(ip(127,0,0,1)),method(put),request_uri('/action'),path('/action'),http_version(1-1),host(localhost),port(8081),connection('keep-alive'),content_length(2195),sec_ch_ua('"Chromium";v="122", "Not(A:Brand";v="24", "Brave";v="122"'),sec_ch_ua_platform('"Linux"'),sec_ch_ua_mobile('?0'),user_agent('Mozilla/5.0 (X11; Linux x86_64) AppleWebKit/537.36 (KHTML, like Gecko) Chrome/122.0.0.0 Safari/537.36'),content_type('application/json'),sec_gpc('1'),origin('http://localhost:9000'),sec_fetch_site('same-site'),sec_fetch_mode(cors),sec_fetch_dest(empty),referer('http://localhost:9000/')]).
_{ beliefs:_{ certain_eternals:_{ cells:[ _{x:0,y:0},
					  _{x:1,y:0},
					  _{x:2,y:0},
					  _{x:3,y:0},
					  _{x:4,y:0},
					  _{x:5,y:0},
					  _{x:0,y:1},
					  _{x:1,y:1},
					  _{x:2,y:1},
					  _{x:3,y:1},
					  _{x:4,y:1},
					  _{x:5,y:1},
					  _{x:0,y:2},
					  _{x:1,y:2},
					  _{x:2,y:2},
					  _{x:3,y:2},
					  _{x:4,y:2},
					  _{x:5,y:2},
					  _{x:0,y:3},
					  _{x:1,y:3},
					  _{x:2,y:3},
					  _{x:3,y:3},
					  _{x:4,y:3},
					  _{x:5,y:3},
					  _{x:0,y:4},
					  _{x:1,y:4},
					  _{x:2,y:4},
					  _{x:3,y:4},
					  _{x:4,y:4},
					  _{x:5,y:4},
					  _{x:0,y:5},
					  _{x:1,y:5},
					  _{x:2,y:5},
					  _{x:3,y:5},
					  _{x:4,y:5},
					  _{x:5,y:5}
					],
				  eat_exit:_{c:_{x:1,y:1},e:_{id:exit}},
				  eat_walls:[ _{ c:_{x:5,y:5},
						 w:_{id:wall20}
					       },
					      _{ c:_{x:4,y:5},
						 w:_{id:wall19}
					       },
					      _{ c:_{x:3,y:5},
						 w:_{id:wall18}
					       },
					      _{ c:_{x:2,y:5},
						 w:_{id:wall17}
					       },
					      _{ c:_{x:1,y:5},
						 w:_{id:wall16}
					       },
					      _{ c:_{x:0,y:5},
						 w:_{id:wall15}
					       },
					      _{ c:_{x:5,y:4},
						 w:_{id:wall14}
					       },
					      _{ c:_{x:0,y:4},
						 w:_{id:wall13}
					       },
					      _{ c:_{x:5,y:3},
						 w:_{id:wall12}
					       },
					      _{ c:_{x:0,y:3},
						 w:_{id:wall11}
					       },
					      _{ c:_{x:5,y:2},
						 w:_{id:wall10}
					       },
					      _{ c:_{x:0,y:2},
						 w:_{id:wall9}
					       },
					      _{ c:_{x:5,y:1},
						 w:_{id:wall8}
					       },
					      _{ c:_{x:0,y:1},
						 w:_{id:wall7}
					       },
					      _{ c:_{x:5,y:0},
						 w:_{id:wall6}
					       },
					      _{ c:_{x:4,y:0},
						 w:_{id:wall5}
					       },
					      _{ c:_{x:3,y:0},
						 w:_{id:wall4}
					       },
					      _{ c:_{x:2,y:0},
						 w:_{id:wall3}
					       },
					      _{ c:_{x:1,y:0},
						 w:_{id:wall2}
					       },
					      _{ c:_{x:0,y:0},
						 w:_{id:wall1}
					       }
					    ]
				},
	      certain_fluents:_{ alive:[_{id:hunter}],
				 dir:[_{d:west,h:_{id:hunter}}],
				 fat_gold:[],
				 fat_hunter:_{ c:_{x:1,y:2},
					       h:_{id:hunter}
					     },
				 game_state:running,
				 has_arrow:[ _{ a:_{id:arrow1},
						h:_{id:hunter}
					      }
					   ],
				 has_gold:[],
				 score:0,
				 visited:[ _{ from:_{x:1,y:1},
					      to:_{x:1,y:2}
					    }
					 ]
			       },
	      step:0,
	      uncertain_eternals:_{ eat_pit:[ _{ c:_{x:1,y:1},
						 p:_{id:false}
					       },
					      _{ c:_{x:2,y:1},
						 p:_{id:false}
					       },
					      _{ c:_{x:1,y:2},
						 p:_{id:false}
					       },
					      _{ c:_{x:2,y:2},
						 p:_{id:false}
					       },
					      _{ c:_{x:1,y:3},
						 p:_{id:false}
					       }
					    ],
				    eat_wumpus:[ _{ c:_{x:1,y:3},
						    w:_{id:true}
						  },
						 _{ c:_{x:2,y:2},
						    w:_{id:true}
						  },
						 _{ c:_{x:1,y:1},
						    w:_{id:false}
						  },
						 _{ c:_{x:2,y:1},
						    w:_{id:false}
						  },
						 _{ c:_{x:1,y:2},
						    w:_{id:false}
						  }
					       ]
				  },
	      uncertain_fluents:_{fatal:[]}
	    },
   percepts:[stench]
 }
La valeur de AdjSansWumpus est : [_2310{x:1,y:1}]
Cases Auth est : [_2228{x:1,y:1}]
La valeur de X est : 0
La valeur de Y est : 2
completed(4, 0.068226333, 2812, 200, ok).
/*Fri Mar  8 19:14:08 2024*/ request(5, 1709921648.299, [peer(ip(127,0,0,1)),method(options),request_uri('/action'),path('/action'),http_version(1-1),host(localhost),port(8081),connection('keep-alive'),access_control_request_method('PUT'),access_control_request_headers('content-type'),origin('http://localhost:9000'),user_agent('Mozilla/5.0 (X11; Linux x86_64) AppleWebKit/537.36 (KHTML, like Gecko) Chrome/122.0.0.0 Safari/537.36'),sec_fetch_mode(cors),sec_fetch_site('same-site'),sec_fetch_dest(empty),referer('http://localhost:9000/')]).
completed(5, 0.001271137999999998, 0, 200, ok).
/*Fri Mar  8 19:14:08 2024*/ request(6, 1709921648.301, [peer(ip(127,0,0,1)),method(put),request_uri('/action'),path('/action'),http_version(1-1),host(localhost),port(8081),connection('keep-alive'),content_length(2196),sec_ch_ua('"Chromium";v="122", "Not(A:Brand";v="24", "Brave";v="122"'),sec_ch_ua_platform('"Linux"'),sec_ch_ua_mobile('?0'),user_agent('Mozilla/5.0 (X11; Linux x86_64) AppleWebKit/537.36 (KHTML, like Gecko) Chrome/122.0.0.0 Safari/537.36'),content_type('application/json'),sec_gpc('1'),origin('http://localhost:9000'),sec_fetch_site('same-site'),sec_fetch_mode(cors),sec_fetch_dest(empty),referer('http://localhost:9000/')]).
_{ beliefs:_{ certain_eternals:_{ cells:[ _{x:0,y:0},
					  _{x:1,y:0},
					  _{x:2,y:0},
					  _{x:3,y:0},
					  _{x:4,y:0},
					  _{x:5,y:0},
					  _{x:0,y:1},
					  _{x:1,y:1},
					  _{x:2,y:1},
					  _{x:3,y:1},
					  _{x:4,y:1},
					  _{x:5,y:1},
					  _{x:0,y:2},
					  _{x:1,y:2},
					  _{x:2,y:2},
					  _{x:3,y:2},
					  _{x:4,y:2},
					  _{x:5,y:2},
					  _{x:0,y:3},
					  _{x:1,y:3},
					  _{x:2,y:3},
					  _{x:3,y:3},
					  _{x:4,y:3},
					  _{x:5,y:3},
					  _{x:0,y:4},
					  _{x:1,y:4},
					  _{x:2,y:4},
					  _{x:3,y:4},
					  _{x:4,y:4},
					  _{x:5,y:4},
					  _{x:0,y:5},
					  _{x:1,y:5},
					  _{x:2,y:5},
					  _{x:3,y:5},
					  _{x:4,y:5},
					  _{x:5,y:5}
					],
				  eat_exit:_{c:_{x:1,y:1},e:_{id:exit}},
				  eat_walls:[ _{ c:_{x:5,y:5},
						 w:_{id:wall20}
					       },
					      _{ c:_{x:4,y:5},
						 w:_{id:wall19}
					       },
					      _{ c:_{x:3,y:5},
						 w:_{id:wall18}
					       },
					      _{ c:_{x:2,y:5},
						 w:_{id:wall17}
					       },
					      _{ c:_{x:1,y:5},
						 w:_{id:wall16}
					       },
					      _{ c:_{x:0,y:5},
						 w:_{id:wall15}
					       },
					      _{ c:_{x:5,y:4},
						 w:_{id:wall14}
					       },
					      _{ c:_{x:0,y:4},
						 w:_{id:wall13}
					       },
					      _{ c:_{x:5,y:3},
						 w:_{id:wall12}
					       },
					      _{ c:_{x:0,y:3},
						 w:_{id:wall11}
					       },
					      _{ c:_{x:5,y:2},
						 w:_{id:wall10}
					       },
					      _{ c:_{x:0,y:2},
						 w:_{id:wall9}
					       },
					      _{ c:_{x:5,y:1},
						 w:_{id:wall8}
					       },
					      _{ c:_{x:0,y:1},
						 w:_{id:wall7}
					       },
					      _{ c:_{x:5,y:0},
						 w:_{id:wall6}
					       },
					      _{ c:_{x:4,y:0},
						 w:_{id:wall5}
					       },
					      _{ c:_{x:3,y:0},
						 w:_{id:wall4}
					       },
					      _{ c:_{x:2,y:0},
						 w:_{id:wall3}
					       },
					      _{ c:_{x:1,y:0},
						 w:_{id:wall2}
					       },
					      _{ c:_{x:0,y:0},
						 w:_{id:wall1}
					       }
					    ]
				},
	      certain_fluents:_{ alive:[_{id:hunter}],
				 dir:[_{d:south,h:_{id:hunter}}],
				 fat_gold:[],
				 fat_hunter:_{ c:_{x:1,y:2},
					       h:_{id:hunter}
					     },
				 game_state:running,
				 has_arrow:[ _{ a:_{id:arrow1},
						h:_{id:hunter}
					      }
					   ],
				 has_gold:[],
				 score:0,
				 visited:[ _{ from:_{x:1,y:1},
					      to:_{x:1,y:2}
					    }
					 ]
			       },
	      step:0,
	      uncertain_eternals:_{ eat_pit:[ _{ c:_{x:1,y:1},
						 p:_{id:false}
					       },
					      _{ c:_{x:2,y:1},
						 p:_{id:false}
					       },
					      _{ c:_{x:1,y:2},
						 p:_{id:false}
					       },
					      _{ c:_{x:2,y:2},
						 p:_{id:false}
					       },
					      _{ c:_{x:1,y:3},
						 p:_{id:false}
					       }
					    ],
				    eat_wumpus:[ _{ c:_{x:1,y:3},
						    w:_{id:true}
						  },
						 _{ c:_{x:2,y:2},
						    w:_{id:true}
						  },
						 _{ c:_{x:1,y:1},
						    w:_{id:false}
						  },
						 _{ c:_{x:2,y:1},
						    w:_{id:false}
						  },
						 _{ c:_{x:1,y:2},
						    w:_{id:false}
						  }
					       ]
				  },
	      uncertain_fluents:_{fatal:[]}
	    },
   percepts:[stench]
 }
La valeur de AdjSansWumpus est : [_2306{x:1,y:1}]
Cases Auth est : [_2224{x:1,y:1}]
La valeur de X est : 1
La valeur de Y est : 1
completed(6, 0.051064753000000004, 2870, 200, ok).
/*Fri Mar  8 19:14:09 2024*/ request(7, 1709921649.334, [peer(ip(127,0,0,1)),method(put),request_uri('/action'),path('/action'),http_version(1-1),host(localhost),port(8081),connection('keep-alive'),content_length(2230),sec_ch_ua('"Chromium";v="122", "Not(A:Brand";v="24", "Brave";v="122"'),sec_ch_ua_platform('"Linux"'),sec_ch_ua_mobile('?0'),user_agent('Mozilla/5.0 (X11; Linux x86_64) AppleWebKit/537.36 (KHTML, like Gecko) Chrome/122.0.0.0 Safari/537.36'),content_type('application/json'),sec_gpc('1'),origin('http://localhost:9000'),sec_fetch_site('same-site'),sec_fetch_mode(cors),sec_fetch_dest(empty),referer('http://localhost:9000/')]).
_{ beliefs:_{ certain_eternals:_{ cells:[ _{x:0,y:0},
					  _{x:1,y:0},
					  _{x:2,y:0},
					  _{x:3,y:0},
					  _{x:4,y:0},
					  _{x:5,y:0},
					  _{x:0,y:1},
					  _{x:1,y:1},
					  _{x:2,y:1},
					  _{x:3,y:1},
					  _{x:4,y:1},
					  _{x:5,y:1},
					  _{x:0,y:2},
					  _{x:1,y:2},
					  _{x:2,y:2},
					  _{x:3,y:2},
					  _{x:4,y:2},
					  _{x:5,y:2},
					  _{x:0,y:3},
					  _{x:1,y:3},
					  _{x:2,y:3},
					  _{x:3,y:3},
					  _{x:4,y:3},
					  _{x:5,y:3},
					  _{x:0,y:4},
					  _{x:1,y:4},
					  _{x:2,y:4},
					  _{x:3,y:4},
					  _{x:4,y:4},
					  _{x:5,y:4},
					  _{x:0,y:5},
					  _{x:1,y:5},
					  _{x:2,y:5},
					  _{x:3,y:5},
					  _{x:4,y:5},
					  _{x:5,y:5}
					],
				  eat_exit:_{c:_{x:1,y:1},e:_{id:exit}},
				  eat_walls:[ _{ c:_{x:5,y:5},
						 w:_{id:wall20}
					       },
					      _{ c:_{x:4,y:5},
						 w:_{id:wall19}
					       },
					      _{ c:_{x:3,y:5},
						 w:_{id:wall18}
					       },
					      _{ c:_{x:2,y:5},
						 w:_{id:wall17}
					       },
					      _{ c:_{x:1,y:5},
						 w:_{id:wall16}
					       },
					      _{ c:_{x:0,y:5},
						 w:_{id:wall15}
					       },
					      _{ c:_{x:5,y:4},
						 w:_{id:wall14}
					       },
					      _{ c:_{x:0,y:4},
						 w:_{id:wall13}
					       },
					      _{ c:_{x:5,y:3},
						 w:_{id:wall12}
					       },
					      _{ c:_{x:0,y:3},
						 w:_{id:wall11}
					       },
					      _{ c:_{x:5,y:2},
						 w:_{id:wall10}
					       },
					      _{ c:_{x:0,y:2},
						 w:_{id:wall9}
					       },
					      _{ c:_{x:5,y:1},
						 w:_{id:wall8}
					       },
					      _{ c:_{x:0,y:1},
						 w:_{id:wall7}
					       },
					      _{ c:_{x:5,y:0},
						 w:_{id:wall6}
					       },
					      _{ c:_{x:4,y:0},
						 w:_{id:wall5}
					       },
					      _{ c:_{x:3,y:0},
						 w:_{id:wall4}
					       },
					      _{ c:_{x:2,y:0},
						 w:_{id:wall3}
					       },
					      _{ c:_{x:1,y:0},
						 w:_{id:wall2}
					       },
					      _{ c:_{x:0,y:0},
						 w:_{id:wall1}
					       }
					    ]
				},
	      certain_fluents:_{ alive:[_{id:hunter}],
				 dir:[_{d:south,h:_{id:hunter}}],
				 fat_gold:[],
				 fat_hunter:_{ c:_{x:1,y:1},
					       h:_{id:hunter}
					     },
				 game_state:running,
				 has_arrow:[ _{ a:_{id:arrow1},
						h:_{id:hunter}
					      }
					   ],
				 has_gold:[],
				 score:0,
				 visited:[ _{ from:_{x:1,y:2},
					      to:_{x:1,y:1}
					    },
					   _{ from:_{x:1,y:1},
					      to:_{x:1,y:2}
					    }
					 ]
			       },
	      step:0,
	      uncertain_eternals:_{ eat_pit:[ _{ c:_{x:1,y:1},
						 p:_{id:false}
					       },
					      _{ c:_{x:2,y:1},
						 p:_{id:false}
					       },
					      _{ c:_{x:1,y:2},
						 p:_{id:false}
					       },
					      _{ c:_{x:2,y:2},
						 p:_{id:false}
					       },
					      _{ c:_{x:1,y:3},
						 p:_{id:false}
					       }
					    ],
				    eat_wumpus:[ _{ c:_{x:1,y:3},
						    w:_{id:true}
						  },
						 _{ c:_{x:2,y:2},
						    w:_{id:true}
						  },
						 _{ c:_{x:1,y:1},
						    w:_{id:false}
						  },
						 _{ c:_{x:2,y:1},
						    w:_{id:false}
						  },
						 _{ c:_{x:1,y:2},
						    w:_{id:false}
						  }
					       ]
				  },
	      uncertain_fluents:_{fatal:[]}
	    },
   percepts:[]
 }
La valeur de AdjSansWumpus est : [_2424{x:1,y:2},_2386{x:2,y:1}]
Cases Auth est : [_2386{x:2,y:1}]
La valeur de X est : 1
La valeur de Y est : 0
completed(7, 0.07499209600000001, 2857, 200, ok).
/*Fri Mar  8 19:14:10 2024*/ request(8, 1709921650.510, [peer(ip(127,0,0,1)),method(put),request_uri('/action'),path('/action'),http_version(1-1),host(localhost),port(8081),connection('keep-alive'),content_length(2229),sec_ch_ua('"Chromium";v="122", "Not(A:Brand";v="24", "Brave";v="122"'),sec_ch_ua_platform('"Linux"'),sec_ch_ua_mobile('?0'),user_agent('Mozilla/5.0 (X11; Linux x86_64) AppleWebKit/537.36 (KHTML, like Gecko) Chrome/122.0.0.0 Safari/537.36'),content_type('application/json'),sec_gpc('1'),origin('http://localhost:9000'),sec_fetch_site('same-site'),sec_fetch_mode(cors),sec_fetch_dest(empty),referer('http://localhost:9000/')]).
_{ beliefs:_{ certain_eternals:_{ cells:[ _{x:0,y:0},
					  _{x:1,y:0},
					  _{x:2,y:0},
					  _{x:3,y:0},
					  _{x:4,y:0},
					  _{x:5,y:0},
					  _{x:0,y:1},
					  _{x:1,y:1},
					  _{x:2,y:1},
					  _{x:3,y:1},
					  _{x:4,y:1},
					  _{x:5,y:1},
					  _{x:0,y:2},
					  _{x:1,y:2},
					  _{x:2,y:2},
					  _{x:3,y:2},
					  _{x:4,y:2},
					  _{x:5,y:2},
					  _{x:0,y:3},
					  _{x:1,y:3},
					  _{x:2,y:3},
					  _{x:3,y:3},
					  _{x:4,y:3},
					  _{x:5,y:3},
					  _{x:0,y:4},
					  _{x:1,y:4},
					  _{x:2,y:4},
					  _{x:3,y:4},
					  _{x:4,y:4},
					  _{x:5,y:4},
					  _{x:0,y:5},
					  _{x:1,y:5},
					  _{x:2,y:5},
					  _{x:3,y:5},
					  _{x:4,y:5},
					  _{x:5,y:5}
					],
				  eat_exit:_{c:_{x:1,y:1},e:_{id:exit}},
				  eat_walls:[ _{ c:_{x:5,y:5},
						 w:_{id:wall20}
					       },
					      _{ c:_{x:4,y:5},
						 w:_{id:wall19}
					       },
					      _{ c:_{x:3,y:5},
						 w:_{id:wall18}
					       },
					      _{ c:_{x:2,y:5},
						 w:_{id:wall17}
					       },
					      _{ c:_{x:1,y:5},
						 w:_{id:wall16}
					       },
					      _{ c:_{x:0,y:5},
						 w:_{id:wall15}
					       },
					      _{ c:_{x:5,y:4},
						 w:_{id:wall14}
					       },
					      _{ c:_{x:0,y:4},
						 w:_{id:wall13}
					       },
					      _{ c:_{x:5,y:3},
						 w:_{id:wall12}
					       },
					      _{ c:_{x:0,y:3},
						 w:_{id:wall11}
					       },
					      _{ c:_{x:5,y:2},
						 w:_{id:wall10}
					       },
					      _{ c:_{x:0,y:2},
						 w:_{id:wall9}
					       },
					      _{ c:_{x:5,y:1},
						 w:_{id:wall8}
					       },
					      _{ c:_{x:0,y:1},
						 w:_{id:wall7}
					       },
					      _{ c:_{x:5,y:0},
						 w:_{id:wall6}
					       },
					      _{ c:_{x:4,y:0},
						 w:_{id:wall5}
					       },
					      _{ c:_{x:3,y:0},
						 w:_{id:wall4}
					       },
					      _{ c:_{x:2,y:0},
						 w:_{id:wall3}
					       },
					      _{ c:_{x:1,y:0},
						 w:_{id:wall2}
					       },
					      _{ c:_{x:0,y:0},
						 w:_{id:wall1}
					       }
					    ]
				},
	      certain_fluents:_{ alive:[_{id:hunter}],
				 dir:[_{d:east,h:_{id:hunter}}],
				 fat_gold:[],
				 fat_hunter:_{ c:_{x:1,y:1},
					       h:_{id:hunter}
					     },
				 game_state:running,
				 has_arrow:[ _{ a:_{id:arrow1},
						h:_{id:hunter}
					      }
					   ],
				 has_gold:[],
				 score:0,
				 visited:[ _{ from:_{x:1,y:2},
					      to:_{x:1,y:1}
					    },
					   _{ from:_{x:1,y:1},
					      to:_{x:1,y:2}
					    }
					 ]
			       },
	      step:0,
	      uncertain_eternals:_{ eat_pit:[ _{ c:_{x:1,y:1},
						 p:_{id:false}
					       },
					      _{ c:_{x:2,y:1},
						 p:_{id:false}
					       },
					      _{ c:_{x:1,y:2},
						 p:_{id:false}
					       },
					      _{ c:_{x:2,y:2},
						 p:_{id:false}
					       },
					      _{ c:_{x:1,y:3},
						 p:_{id:false}
					       }
					    ],
				    eat_wumpus:[ _{ c:_{x:1,y:3},
						    w:_{id:true}
						  },
						 _{ c:_{x:2,y:2},
						    w:_{id:true}
						  },
						 _{ c:_{x:1,y:1},
						    w:_{id:false}
						  },
						 _{ c:_{x:2,y:1},
						    w:_{id:false}
						  },
						 _{ c:_{x:1,y:2},
						    w:_{id:false}
						  }
					       ]
				  },
	      uncertain_fluents:_{fatal:[]}
	    },
   percepts:[]
 }
La valeur de AdjSansWumpus est : [_2416{x:1,y:2},_2378{x:2,y:1}]
Cases Auth est : [_2378{x:2,y:1}]
La valeur de X est : 2
La valeur de Y est : 1
completed(8, 0.067486243, 2911, 200, ok).
/*Fri Mar  8 19:14:11 2024*/ request(9, 1709921651.456, [peer(ip(127,0,0,1)),method(put),request_uri('/action'),path('/action'),http_version(1-1),host(localhost),port(8081),connection('keep-alive'),content_length(2279),sec_ch_ua('"Chromium";v="122", "Not(A:Brand";v="24", "Brave";v="122"'),sec_ch_ua_platform('"Linux"'),sec_ch_ua_mobile('?0'),user_agent('Mozilla/5.0 (X11; Linux x86_64) AppleWebKit/537.36 (KHTML, like Gecko) Chrome/122.0.0.0 Safari/537.36'),content_type('application/json'),sec_gpc('1'),origin('http://localhost:9000'),sec_fetch_site('same-site'),sec_fetch_mode(cors),sec_fetch_dest(empty),referer('http://localhost:9000/')]).
_{ beliefs:_{ certain_eternals:_{ cells:[ _{x:0,y:0},
					  _{x:1,y:0},
					  _{x:2,y:0},
					  _{x:3,y:0},
					  _{x:4,y:0},
					  _{x:5,y:0},
					  _{x:0,y:1},
					  _{x:1,y:1},
					  _{x:2,y:1},
					  _{x:3,y:1},
					  _{x:4,y:1},
					  _{x:5,y:1},
					  _{x:0,y:2},
					  _{x:1,y:2},
					  _{x:2,y:2},
					  _{x:3,y:2},
					  _{x:4,y:2},
					  _{x:5,y:2},
					  _{x:0,y:3},
					  _{x:1,y:3},
					  _{x:2,y:3},
					  _{x:3,y:3},
					  _{x:4,y:3},
					  _{x:5,y:3},
					  _{x:0,y:4},
					  _{x:1,y:4},
					  _{x:2,y:4},
					  _{x:3,y:4},
					  _{x:4,y:4},
					  _{x:5,y:4},
					  _{x:0,y:5},
					  _{x:1,y:5},
					  _{x:2,y:5},
					  _{x:3,y:5},
					  _{x:4,y:5},
					  _{x:5,y:5}
					],
				  eat_exit:_{c:_{x:1,y:1},e:_{id:exit}},
				  eat_walls:[ _{ c:_{x:5,y:5},
						 w:_{id:wall20}
					       },
					      _{ c:_{x:4,y:5},
						 w:_{id:wall19}
					       },
					      _{ c:_{x:3,y:5},
						 w:_{id:wall18}
					       },
					      _{ c:_{x:2,y:5},
						 w:_{id:wall17}
					       },
					      _{ c:_{x:1,y:5},
						 w:_{id:wall16}
					       },
					      _{ c:_{x:0,y:5},
						 w:_{id:wall15}
					       },
					      _{ c:_{x:5,y:4},
						 w:_{id:wall14}
					       },
					      _{ c:_{x:0,y:4},
						 w:_{id:wall13}
					       },
					      _{ c:_{x:5,y:3},
						 w:_{id:wall12}
					       },
					      _{ c:_{x:0,y:3},
						 w:_{id:wall11}
					       },
					      _{ c:_{x:5,y:2},
						 w:_{id:wall10}
					       },
					      _{ c:_{x:0,y:2},
						 w:_{id:wall9}
					       },
					      _{ c:_{x:5,y:1},
						 w:_{id:wall8}
					       },
					      _{ c:_{x:0,y:1},
						 w:_{id:wall7}
					       },
					      _{ c:_{x:5,y:0},
						 w:_{id:wall6}
					       },
					      _{ c:_{x:4,y:0},
						 w:_{id:wall5}
					       },
					      _{ c:_{x:3,y:0},
						 w:_{id:wall4}
					       },
					      _{ c:_{x:2,y:0},
						 w:_{id:wall3}
					       },
					      _{ c:_{x:1,y:0},
						 w:_{id:wall2}
					       },
					      _{ c:_{x:0,y:0},
						 w:_{id:wall1}
					       }
					    ]
				},
	      certain_fluents:_{ alive:[_{id:hunter}],
				 dir:[_{d:east,h:_{id:hunter}}],
				 fat_gold:[],
				 fat_hunter:_{ c:_{x:2,y:1},
					       h:_{id:hunter}
					     },
				 game_state:running,
				 has_arrow:[ _{ a:_{id:arrow1},
						h:_{id:hunter}
					      }
					   ],
				 has_gold:[],
				 score:0,
				 visited:[ _{ from:_{x:1,y:1},
					      to:_{x:2,y:1}
					    },
					   _{ from:_{x:1,y:2},
					      to:_{x:1,y:1}
					    },
					   _{ from:_{x:1,y:1},
					      to:_{x:1,y:2}
					    }
					 ]
			       },
	      step:0,
	      uncertain_eternals:_{ eat_pit:[ _{ c:_{x:1,y:1},
						 p:_{id:false}
					       },
					      _{ c:_{x:2,y:1},
						 p:_{id:false}
					       },
					      _{ c:_{x:1,y:2},
						 p:_{id:false}
					       },
					      _{ c:_{x:2,y:2},
						 p:_{id:false}
					       },
					      _{ c:_{x:1,y:3},
						 p:_{id:false}
					       }
					    ],
				    eat_wumpus:[ _{ c:_{x:1,y:3},
						    w:_{id:true}
						  },
						 _{ c:_{x:2,y:2},
						    w:_{id:true}
						  },
						 _{ c:_{x:1,y:1},
						    w:_{id:false}
						  },
						 _{ c:_{x:2,y:1},
						    w:_{id:false}
						  },
						 _{ c:_{x:1,y:2},
						    w:_{id:false}
						  }
					       ]
				  },
	      uncertain_fluents:_{fatal:[]}
	    },
   percepts:[breeze]
 }
La valeur de AdjSansWumpus est : [_2504{x:2,y:2},_2390{x:1,y:1}]
Cases Auth est : [_2504{x:2,y:2}]
La valeur de X est : 3
La valeur de Y est : 1
completed(9, 0.07199133099999999, 3008, 200, ok).
/*Fri Mar  8 19:14:12 2024*/ request(10, 1709921652.643, [peer(ip(127,0,0,1)),method(put),request_uri('/action'),path('/action'),http_version(1-1),host(localhost),port(8081),connection('keep-alive'),content_length(2354),sec_ch_ua('"Chromium";v="122", "Not(A:Brand";v="24", "Brave";v="122"'),sec_ch_ua_platform('"Linux"'),sec_ch_ua_mobile('?0'),user_agent('Mozilla/5.0 (X11; Linux x86_64) AppleWebKit/537.36 (KHTML, like Gecko) Chrome/122.0.0.0 Safari/537.36'),content_type('application/json'),sec_gpc('1'),origin('http://localhost:9000'),sec_fetch_site('same-site'),sec_fetch_mode(cors),sec_fetch_dest(empty),referer('http://localhost:9000/')]).
_{ beliefs:_{ certain_eternals:_{ cells:[ _{x:0,y:0},
					  _{x:1,y:0},
					  _{x:2,y:0},
					  _{x:3,y:0},
					  _{x:4,y:0},
					  _{x:5,y:0},
					  _{x:0,y:1},
					  _{x:1,y:1},
					  _{x:2,y:1},
					  _{x:3,y:1},
					  _{x:4,y:1},
					  _{x:5,y:1},
					  _{x:0,y:2},
					  _{x:1,y:2},
					  _{x:2,y:2},
					  _{x:3,y:2},
					  _{x:4,y:2},
					  _{x:5,y:2},
					  _{x:0,y:3},
					  _{x:1,y:3},
					  _{x:2,y:3},
					  _{x:3,y:3},
					  _{x:4,y:3},
					  _{x:5,y:3},
					  _{x:0,y:4},
					  _{x:1,y:4},
					  _{x:2,y:4},
					  _{x:3,y:4},
					  _{x:4,y:4},
					  _{x:5,y:4},
					  _{x:0,y:5},
					  _{x:1,y:5},
					  _{x:2,y:5},
					  _{x:3,y:5},
					  _{x:4,y:5},
					  _{x:5,y:5}
					],
				  eat_exit:_{c:_{x:1,y:1},e:_{id:exit}},
				  eat_walls:[ _{ c:_{x:5,y:5},
						 w:_{id:wall20}
					       },
					      _{ c:_{x:4,y:5},
						 w:_{id:wall19}
					       },
					      _{ c:_{x:3,y:5},
						 w:_{id:wall18}
					       },
					      _{ c:_{x:2,y:5},
						 w:_{id:wall17}
					       },
					      _{ c:_{x:1,y:5},
						 w:_{id:wall16}
					       },
					      _{ c:_{x:0,y:5},
						 w:_{id:wall15}
					       },
					      _{ c:_{x:5,y:4},
						 w:_{id:wall14}
					       },
					      _{ c:_{x:0,y:4},
						 w:_{id:wall13}
					       },
					      _{ c:_{x:5,y:3},
						 w:_{id:wall12}
					       },
					      _{ c:_{x:0,y:3},
						 w:_{id:wall11}
					       },
					      _{ c:_{x:5,y:2},
						 w:_{id:wall10}
					       },
					      _{ c:_{x:0,y:2},
						 w:_{id:wall9}
					       },
					      _{ c:_{x:5,y:1},
						 w:_{id:wall8}
					       },
					      _{ c:_{x:0,y:1},
						 w:_{id:wall7}
					       },
					      _{ c:_{x:5,y:0},
						 w:_{id:wall6}
					       },
					      _{ c:_{x:4,y:0},
						 w:_{id:wall5}
					       },
					      _{ c:_{x:3,y:0},
						 w:_{id:wall4}
					       },
					      _{ c:_{x:2,y:0},
						 w:_{id:wall3}
					       },
					      _{ c:_{x:1,y:0},
						 w:_{id:wall2}
					       },
					      _{ c:_{x:0,y:0},
						 w:_{id:wall1}
					       }
					    ]
				},
	      certain_fluents:_{ alive:[_{id:hunter}],
				 dir:[_{d:north,h:_{id:hunter}}],
				 fat_gold:[],
				 fat_hunter:_{ c:_{x:2,y:1},
					       h:_{id:hunter}
					     },
				 game_state:running,
				 has_arrow:[ _{ a:_{id:arrow1},
						h:_{id:hunter}
					      }
					   ],
				 has_gold:[],
				 score:0,
				 visited:[ _{ from:_{x:1,y:1},
					      to:_{x:2,y:1}
					    },
					   _{ from:_{x:1,y:2},
					      to:_{x:1,y:1}
					    },
					   _{ from:_{x:1,y:1},
					      to:_{x:1,y:2}
					    }
					 ]
			       },
	      step:0,
	      uncertain_eternals:_{ eat_pit:[ _{ c:_{x:3,y:1},
						 p:_{id:true}
					       },
					      _{ c:_{x:1,y:1},
						 p:_{id:false}
					       },
					      _{ c:_{x:2,y:1},
						 p:_{id:false}
					       },
					      _{ c:_{x:1,y:2},
						 p:_{id:false}
					       },
					      _{ c:_{x:2,y:2},
						 p:_{id:false}
					       },
					      _{ c:_{x:1,y:3},
						 p:_{id:false}
					       }
					    ],
				    eat_wumpus:[ _{ c:_{x:1,y:3},
						    w:_{id:true}
						  },
						 _{ c:_{x:1,y:1},
						    w:_{id:false}
						  },
						 _{ c:_{x:2,y:1},
						    w:_{id:false}
						  },
						 _{ c:_{x:1,y:2},
						    w:_{id:false}
						  },
						 _{ c:_{x:3,y:1},
						    w:_{id:false}
						  },
						 _{ c:_{x:2,y:2},
						    w:_{id:false}
						  }
					       ]
				  },
	      uncertain_fluents:_{fatal:[]}
	    },
   percepts:[breeze]
 }
La valeur de AdjSansWumpus est : [_2534{x:2,y:2},_2420{x:1,y:1}]
Cases Auth est : [_2534{x:2,y:2}]
La valeur de X est : 2
La valeur de Y est : 2
completed(10, 0.079454678, 3062, 200, ok).
/*Fri Mar  8 19:14:13 2024*/ request(11, 1709921653.760, [peer(ip(127,0,0,1)),method(options),request_uri('/action'),path('/action'),http_version(1-1),host(localhost),port(8081),connection('keep-alive'),access_control_request_method('PUT'),access_control_request_headers('content-type'),origin('http://localhost:9000'),user_agent('Mozilla/5.0 (X11; Linux x86_64) AppleWebKit/537.36 (KHTML, like Gecko) Chrome/122.0.0.0 Safari/537.36'),sec_fetch_mode(cors),sec_fetch_site('same-site'),sec_fetch_dest(empty),referer('http://localhost:9000/')]).
completed(11, 0.002785267, 0, 200, ok).
/*Fri Mar  8 19:14:13 2024*/ request(12, 1709921653.767, [peer(ip(127,0,0,1)),method(put),request_uri('/action'),path('/action'),http_version(1-1),host(localhost),port(8081),connection('keep-alive'),content_length(2388),sec_ch_ua('"Chromium";v="122", "Not(A:Brand";v="24", "Brave";v="122"'),sec_ch_ua_platform('"Linux"'),sec_ch_ua_mobile('?0'),user_agent('Mozilla/5.0 (X11; Linux x86_64) AppleWebKit/537.36 (KHTML, like Gecko) Chrome/122.0.0.0 Safari/537.36'),content_type('application/json'),sec_gpc('1'),origin('http://localhost:9000'),sec_fetch_site('same-site'),sec_fetch_mode(cors),sec_fetch_dest(empty),referer('http://localhost:9000/')]).
_{ beliefs:_{ certain_eternals:_{ cells:[ _{x:0,y:0},
					  _{x:1,y:0},
					  _{x:2,y:0},
					  _{x:3,y:0},
					  _{x:4,y:0},
					  _{x:5,y:0},
					  _{x:0,y:1},
					  _{x:1,y:1},
					  _{x:2,y:1},
					  _{x:3,y:1},
					  _{x:4,y:1},
					  _{x:5,y:1},
					  _{x:0,y:2},
					  _{x:1,y:2},
					  _{x:2,y:2},
					  _{x:3,y:2},
					  _{x:4,y:2},
					  _{x:5,y:2},
					  _{x:0,y:3},
					  _{x:1,y:3},
					  _{x:2,y:3},
					  _{x:3,y:3},
					  _{x:4,y:3},
					  _{x:5,y:3},
					  _{x:0,y:4},
					  _{x:1,y:4},
					  _{x:2,y:4},
					  _{x:3,y:4},
					  _{x:4,y:4},
					  _{x:5,y:4},
					  _{x:0,y:5},
					  _{x:1,y:5},
					  _{x:2,y:5},
					  _{x:3,y:5},
					  _{x:4,y:5},
					  _{x:5,y:5}
					],
				  eat_exit:_{c:_{x:1,y:1},e:_{id:exit}},
				  eat_walls:[ _{ c:_{x:5,y:5},
						 w:_{id:wall20}
					       },
					      _{ c:_{x:4,y:5},
						 w:_{id:wall19}
					       },
					      _{ c:_{x:3,y:5},
						 w:_{id:wall18}
					       },
					      _{ c:_{x:2,y:5},
						 w:_{id:wall17}
					       },
					      _{ c:_{x:1,y:5},
						 w:_{id:wall16}
					       },
					      _{ c:_{x:0,y:5},
						 w:_{id:wall15}
					       },
					      _{ c:_{x:5,y:4},
						 w:_{id:wall14}
					       },
					      _{ c:_{x:0,y:4},
						 w:_{id:wall13}
					       },
					      _{ c:_{x:5,y:3},
						 w:_{id:wall12}
					       },
					      _{ c:_{x:0,y:3},
						 w:_{id:wall11}
					       },
					      _{ c:_{x:5,y:2},
						 w:_{id:wall10}
					       },
					      _{ c:_{x:0,y:2},
						 w:_{id:wall9}
					       },
					      _{ c:_{x:5,y:1},
						 w:_{id:wall8}
					       },
					      _{ c:_{x:0,y:1},
						 w:_{id:wall7}
					       },
					      _{ c:_{x:5,y:0},
						 w:_{id:wall6}
					       },
					      _{ c:_{x:4,y:0},
						 w:_{id:wall5}
					       },
					      _{ c:_{x:3,y:0},
						 w:_{id:wall4}
					       },
					      _{ c:_{x:2,y:0},
						 w:_{id:wall3}
					       },
					      _{ c:_{x:1,y:0},
						 w:_{id:wall2}
					       },
					      _{ c:_{x:0,y:0},
						 w:_{id:wall1}
					       }
					    ]
				},
	      certain_fluents:_{ alive:[_{id:hunter}],
				 dir:[_{d:north,h:_{id:hunter}}],
				 fat_gold:[],
				 fat_hunter:_{ c:_{x:2,y:2},
					       h:_{id:hunter}
					     },
				 game_state:running,
				 has_arrow:[ _{ a:_{id:arrow1},
						h:_{id:hunter}
					      }
					   ],
				 has_gold:[],
				 score:0,
				 visited:[ _{ from:_{x:2,y:1},
					      to:_{x:2,y:2}
					    },
					   _{ from:_{x:1,y:1},
					      to:_{x:2,y:1}
					    },
					   _{ from:_{x:1,y:2},
					      to:_{x:1,y:1}
					    },
					   _{ from:_{x:1,y:1},
					      to:_{x:1,y:2}
					    }
					 ]
			       },
	      step:0,
	      uncertain_eternals:_{ eat_pit:[ _{ c:_{x:3,y:1},
						 p:_{id:true}
					       },
					      _{ c:_{x:1,y:1},
						 p:_{id:false}
					       },
					      _{ c:_{x:2,y:1},
						 p:_{id:false}
					       },
					      _{ c:_{x:1,y:2},
						 p:_{id:false}
					       },
					      _{ c:_{x:2,y:2},
						 p:_{id:false}
					       },
					      _{ c:_{x:1,y:3},
						 p:_{id:false}
					       }
					    ],
				    eat_wumpus:[ _{ c:_{x:1,y:3},
						    w:_{id:true}
						  },
						 _{ c:_{x:1,y:1},
						    w:_{id:false}
						  },
						 _{ c:_{x:2,y:1},
						    w:_{id:false}
						  },
						 _{ c:_{x:1,y:2},
						    w:_{id:false}
						  },
						 _{ c:_{x:3,y:1},
						    w:_{id:false}
						  },
						 _{ c:_{x:2,y:2},
						    w:_{id:false}
						  }
					       ]
				  },
	      uncertain_fluents:_{fatal:[]}
	    },
   percepts:[]
 }
La valeur de AdjSansWumpus est : [_13594{x:2,y:3},_13612{x:3,y:2},_2546{x:1,y:2},_2508{x:2,y:1}]
Cases Auth est : [_13612{x:3,y:2},_13594{x:2,y:3}]
La valeur de X est : 2
La valeur de Y est : 3
completed(12, 0.07187825699999997, 3284, 200, ok).
/*Fri Mar  8 19:14:14 2024*/ request(13, 1709921654.831, [peer(ip(127,0,0,1)),method(put),request_uri('/action'),path('/action'),http_version(1-1),host(localhost),port(8081),connection('keep-alive'),content_length(2605),sec_ch_ua('"Chromium";v="122", "Not(A:Brand";v="24", "Brave";v="122"'),sec_ch_ua_platform('"Linux"'),sec_ch_ua_mobile('?0'),user_agent('Mozilla/5.0 (X11; Linux x86_64) AppleWebKit/537.36 (KHTML, like Gecko) Chrome/122.0.0.0 Safari/537.36'),content_type('application/json'),sec_gpc('1'),origin('http://localhost:9000'),sec_fetch_site('same-site'),sec_fetch_mode(cors),sec_fetch_dest(empty),referer('http://localhost:9000/')]).
_{ beliefs:_{ certain_eternals:_{ cells:[ _{x:0,y:0},
					  _{x:1,y:0},
					  _{x:2,y:0},
					  _{x:3,y:0},
					  _{x:4,y:0},
					  _{x:5,y:0},
					  _{x:0,y:1},
					  _{x:1,y:1},
					  _{x:2,y:1},
					  _{x:3,y:1},
					  _{x:4,y:1},
					  _{x:5,y:1},
					  _{x:0,y:2},
					  _{x:1,y:2},
					  _{x:2,y:2},
					  _{x:3,y:2},
					  _{x:4,y:2},
					  _{x:5,y:2},
					  _{x:0,y:3},
					  _{x:1,y:3},
					  _{x:2,y:3},
					  _{x:3,y:3},
					  _{x:4,y:3},
					  _{x:5,y:3},
					  _{x:0,y:4},
					  _{x:1,y:4},
					  _{x:2,y:4},
					  _{x:3,y:4},
					  _{x:4,y:4},
					  _{x:5,y:4},
					  _{x:0,y:5},
					  _{x:1,y:5},
					  _{x:2,y:5},
					  _{x:3,y:5},
					  _{x:4,y:5},
					  _{x:5,y:5}
					],
				  eat_exit:_{c:_{x:1,y:1},e:_{id:exit}},
				  eat_walls:[ _{ c:_{x:5,y:5},
						 w:_{id:wall20}
					       },
					      _{ c:_{x:4,y:5},
						 w:_{id:wall19}
					       },
					      _{ c:_{x:3,y:5},
						 w:_{id:wall18}
					       },
					      _{ c:_{x:2,y:5},
						 w:_{id:wall17}
					       },
					      _{ c:_{x:1,y:5},
						 w:_{id:wall16}
					       },
					      _{ c:_{x:0,y:5},
						 w:_{id:wall15}
					       },
					      _{ c:_{x:5,y:4},
						 w:_{id:wall14}
					       },
					      _{ c:_{x:0,y:4},
						 w:_{id:wall13}
					       },
					      _{ c:_{x:5,y:3},
						 w:_{id:wall12}
					       },
					      _{ c:_{x:0,y:3},
						 w:_{id:wall11}
					       },
					      _{ c:_{x:5,y:2},
						 w:_{id:wall10}
					       },
					      _{ c:_{x:0,y:2},
						 w:_{id:wall9}
					       },
					      _{ c:_{x:5,y:1},
						 w:_{id:wall8}
					       },
					      _{ c:_{x:0,y:1},
						 w:_{id:wall7}
					       },
					      _{ c:_{x:5,y:0},
						 w:_{id:wall6}
					       },
					      _{ c:_{x:4,y:0},
						 w:_{id:wall5}
					       },
					      _{ c:_{x:3,y:0},
						 w:_{id:wall4}
					       },
					      _{ c:_{x:2,y:0},
						 w:_{id:wall3}
					       },
					      _{ c:_{x:1,y:0},
						 w:_{id:wall2}
					       },
					      _{ c:_{x:0,y:0},
						 w:_{id:wall1}
					       }
					    ]
				},
	      certain_fluents:_{ alive:[_{id:hunter}],
				 dir:[_{d:north,h:_{id:hunter}}],
				 fat_gold:[],
				 fat_hunter:_{ c:_{x:2,y:3},
					       h:_{id:hunter}
					     },
				 game_state:running,
				 has_arrow:[ _{ a:_{id:arrow1},
						h:_{id:hunter}
					      }
					   ],
				 has_gold:[],
				 score:0,
				 visited:[ _{ from:_{x:2,y:2},
					      to:_{x:2,y:3}
					    },
					   _{ from:_{x:2,y:1},
					      to:_{x:2,y:2}
					    },
					   _{ from:_{x:1,y:1},
					      to:_{x:2,y:1}
					    },
					   _{ from:_{x:1,y:2},
					      to:_{x:1,y:1}
					    },
					   _{ from:_{x:1,y:1},
					      to:_{x:1,y:2}
					    }
					 ]
			       },
	      step:0,
	      uncertain_eternals:_{ eat_pit:[ _{ c:_{x:3,y:1},
						 p:_{id:true}
					       },
					      _{ c:_{x:1,y:1},
						 p:_{id:false}
					       },
					      _{ c:_{x:2,y:1},
						 p:_{id:false}
					       },
					      _{ c:_{x:1,y:2},
						 p:_{id:false}
					       },
					      _{ c:_{x:2,y:2},
						 p:_{id:false}
					       },
					      _{ c:_{x:1,y:3},
						 p:_{id:false}
					       },
					      _{ c:_{x:3,y:2},
						 p:_{id:false}
					       },
					      _{ c:_{x:2,y:3},
						 p:_{id:false}
					       }
					    ],
				    eat_wumpus:[ _{ c:_{x:1,y:3},
						    w:_{id:true}
						  },
						 _{ c:_{x:1,y:1},
						    w:_{id:false}
						  },
						 _{ c:_{x:2,y:1},
						    w:_{id:false}
						  },
						 _{ c:_{x:1,y:2},
						    w:_{id:false}
						  },
						 _{ c:_{x:3,y:1},
						    w:_{id:false}
						  },
						 _{ c:_{x:2,y:2},
						    w:_{id:false}
						  },
						 _{ c:_{x:3,y:2},
						    w:_{id:false}
						  },
						 _{ c:_{x:2,y:3},
						    w:_{id:false}
						  }
					       ]
				  },
	      uncertain_fluents:_{fatal:[]}
	    },
   percepts:[glitter,breeze,stench]
 }
completed(13, 0.07798201899999999, 3488, 200, ok).
/*Fri Mar  8 19:14:17 2024*/ request(14, 1709921657.026, [peer(ip(127,0,0,1)),method(put),request_uri('/action'),path('/action'),http_version(1-1),host(localhost),port(8081),connection('keep-alive'),content_length(2741),sec_ch_ua('"Chromium";v="122", "Not(A:Brand";v="24", "Brave";v="122"'),sec_ch_ua_platform('"Linux"'),sec_ch_ua_mobile('?0'),user_agent('Mozilla/5.0 (X11; Linux x86_64) AppleWebKit/537.36 (KHTML, like Gecko) Chrome/122.0.0.0 Safari/537.36'),content_type('application/json'),sec_gpc('1'),origin('http://localhost:9000'),sec_fetch_site('same-site'),sec_fetch_mode(cors),sec_fetch_dest(empty),referer('http://localhost:9000/')]).
_{ beliefs:_{ certain_eternals:_{ cells:[ _{x:0,y:0},
					  _{x:1,y:0},
					  _{x:2,y:0},
					  _{x:3,y:0},
					  _{x:4,y:0},
					  _{x:5,y:0},
					  _{x:0,y:1},
					  _{x:1,y:1},
					  _{x:2,y:1},
					  _{x:3,y:1},
					  _{x:4,y:1},
					  _{x:5,y:1},
					  _{x:0,y:2},
					  _{x:1,y:2},
					  _{x:2,y:2},
					  _{x:3,y:2},
					  _{x:4,y:2},
					  _{x:5,y:2},
					  _{x:0,y:3},
					  _{x:1,y:3},
					  _{x:2,y:3},
					  _{x:3,y:3},
					  _{x:4,y:3},
					  _{x:5,y:3},
					  _{x:0,y:4},
					  _{x:1,y:4},
					  _{x:2,y:4},
					  _{x:3,y:4},
					  _{x:4,y:4},
					  _{x:5,y:4},
					  _{x:0,y:5},
					  _{x:1,y:5},
					  _{x:2,y:5},
					  _{x:3,y:5},
					  _{x:4,y:5},
					  _{x:5,y:5}
					],
				  eat_exit:_{c:_{x:1,y:1},e:_{id:exit}},
				  eat_walls:[ _{ c:_{x:5,y:5},
						 w:_{id:wall20}
					       },
					      _{ c:_{x:4,y:5},
						 w:_{id:wall19}
					       },
					      _{ c:_{x:3,y:5},
						 w:_{id:wall18}
					       },
					      _{ c:_{x:2,y:5},
						 w:_{id:wall17}
					       },
					      _{ c:_{x:1,y:5},
						 w:_{id:wall16}
					       },
					      _{ c:_{x:0,y:5},
						 w:_{id:wall15}
					       },
					      _{ c:_{x:5,y:4},
						 w:_{id:wall14}
					       },
					      _{ c:_{x:0,y:4},
						 w:_{id:wall13}
					       },
					      _{ c:_{x:5,y:3},
						 w:_{id:wall12}
					       },
					      _{ c:_{x:0,y:3},
						 w:_{id:wall11}
					       },
					      _{ c:_{x:5,y:2},
						 w:_{id:wall10}
					       },
					      _{ c:_{x:0,y:2},
						 w:_{id:wall9}
					       },
					      _{ c:_{x:5,y:1},
						 w:_{id:wall8}
					       },
					      _{ c:_{x:0,y:1},
						 w:_{id:wall7}
					       },
					      _{ c:_{x:5,y:0},
						 w:_{id:wall6}
					       },
					      _{ c:_{x:4,y:0},
						 w:_{id:wall5}
					       },
					      _{ c:_{x:3,y:0},
						 w:_{id:wall4}
					       },
					      _{ c:_{x:2,y:0},
						 w:_{id:wall3}
					       },
					      _{ c:_{x:1,y:0},
						 w:_{id:wall2}
					       },
					      _{ c:_{x:0,y:0},
						 w:_{id:wall1}
					       }
					    ]
				},
	      certain_fluents:_{ alive:[_{id:hunter}],
				 dir:[_{d:north,h:_{id:hunter}}],
				 fat_gold:[],
				 fat_hunter:_{ c:_{x:2,y:3},
					       h:_{id:hunter}
					     },
				 game_state:running,
				 has_arrow:[ _{ a:_{id:arrow1},
						h:_{id:hunter}
					      }
					   ],
				 has_gold:true,
				 score:0,
				 visited:[ _{ from:_{x:2,y:2},
					      to:_{x:2,y:3}
					    },
					   _{ from:_{x:2,y:1},
					      to:_{x:2,y:2}
					    },
					   _{ from:_{x:1,y:1},
					      to:_{x:2,y:1}
					    },
					   _{ from:_{x:1,y:2},
					      to:_{x:1,y:1}
					    },
					   _{ from:_{x:1,y:1},
					      to:_{x:1,y:2}
					    }
					 ]
			       },
	      step:0,
	      uncertain_eternals:_{ eat_pit:[ _{ c:_{x:3,y:1},
						 p:_{id:true}
					       },
					      _{ c:_{x:2,y:4},
						 p:_{id:true}
					       },
					      _{ c:_{x:3,y:3},
						 p:_{id:true}
					       },
					      _{ c:_{x:1,y:1},
						 p:_{id:false}
					       },
					      _{ c:_{x:2,y:1},
						 p:_{id:false}
					       },
					      _{ c:_{x:1,y:2},
						 p:_{id:false}
					       },
					      _{ c:_{x:2,y:2},
						 p:_{id:false}
					       },
					      _{ c:_{x:1,y:3},
						 p:_{id:false}
					       },
					      _{ c:_{x:3,y:2},
						 p:_{id:false}
					       },
					      _{ c:_{x:2,y:3},
						 p:_{id:false}
					       }
					    ],
				    eat_wumpus:[ _{ c:_{x:1,y:3},
						    w:_{id:true}
						  },
						 _{ c:_{x:2,y:4},
						    w:_{id:true}
						  },
						 _{ c:_{x:3,y:3},
						    w:_{id:true}
						  },
						 _{ c:_{x:1,y:1},
						    w:_{id:false}
						  },
						 _{ c:_{x:2,y:1},
						    w:_{id:false}
						  },
						 _{ c:_{x:1,y:2},
						    w:_{id:false}
						  },
						 _{ c:_{x:3,y:1},
						    w:_{id:false}
						  },
						 _{ c:_{x:2,y:2},
						    w:_{id:false}
						  },
						 _{ c:_{x:3,y:2},
						    w:_{id:false}
						  },
						 _{ c:_{x:2,y:3},
						    w:_{id:false}
						  }
					       ]
				  },
	      uncertain_fluents:_{fatal:[]}
	    },
   percepts:[breeze,stench]
 }
La valeur de Case est : _2226{x:2,y:2}
La valeur de Action est : right
completed(14, 0.05369698899999999, 3477, 200, ok).
/*Fri Mar  8 19:14:18 2024*/ request(15, 1709921658.492, [peer(ip(127,0,0,1)),method(put),request_uri('/action'),path('/action'),http_version(1-1),host(localhost),port(8081),connection('keep-alive'),content_length(2740),sec_ch_ua('"Chromium";v="122", "Not(A:Brand";v="24", "Brave";v="122"'),sec_ch_ua_platform('"Linux"'),sec_ch_ua_mobile('?0'),user_agent('Mozilla/5.0 (X11; Linux x86_64) AppleWebKit/537.36 (KHTML, like Gecko) Chrome/122.0.0.0 Safari/537.36'),content_type('application/json'),sec_gpc('1'),origin('http://localhost:9000'),sec_fetch_site('same-site'),sec_fetch_mode(cors),sec_fetch_dest(empty),referer('http://localhost:9000/')]).
_{ beliefs:_{ certain_eternals:_{ cells:[ _{x:0,y:0},
					  _{x:1,y:0},
					  _{x:2,y:0},
					  _{x:3,y:0},
					  _{x:4,y:0},
					  _{x:5,y:0},
					  _{x:0,y:1},
					  _{x:1,y:1},
					  _{x:2,y:1},
					  _{x:3,y:1},
					  _{x:4,y:1},
					  _{x:5,y:1},
					  _{x:0,y:2},
					  _{x:1,y:2},
					  _{x:2,y:2},
					  _{x:3,y:2},
					  _{x:4,y:2},
					  _{x:5,y:2},
					  _{x:0,y:3},
					  _{x:1,y:3},
					  _{x:2,y:3},
					  _{x:3,y:3},
					  _{x:4,y:3},
					  _{x:5,y:3},
					  _{x:0,y:4},
					  _{x:1,y:4},
					  _{x:2,y:4},
					  _{x:3,y:4},
					  _{x:4,y:4},
					  _{x:5,y:4},
					  _{x:0,y:5},
					  _{x:1,y:5},
					  _{x:2,y:5},
					  _{x:3,y:5},
					  _{x:4,y:5},
					  _{x:5,y:5}
					],
				  eat_exit:_{c:_{x:1,y:1},e:_{id:exit}},
				  eat_walls:[ _{ c:_{x:5,y:5},
						 w:_{id:wall20}
					       },
					      _{ c:_{x:4,y:5},
						 w:_{id:wall19}
					       },
					      _{ c:_{x:3,y:5},
						 w:_{id:wall18}
					       },
					      _{ c:_{x:2,y:5},
						 w:_{id:wall17}
					       },
					      _{ c:_{x:1,y:5},
						 w:_{id:wall16}
					       },
					      _{ c:_{x:0,y:5},
						 w:_{id:wall15}
					       },
					      _{ c:_{x:5,y:4},
						 w:_{id:wall14}
					       },
					      _{ c:_{x:0,y:4},
						 w:_{id:wall13}
					       },
					      _{ c:_{x:5,y:3},
						 w:_{id:wall12}
					       },
					      _{ c:_{x:0,y:3},
						 w:_{id:wall11}
					       },
					      _{ c:_{x:5,y:2},
						 w:_{id:wall10}
					       },
					      _{ c:_{x:0,y:2},
						 w:_{id:wall9}
					       },
					      _{ c:_{x:5,y:1},
						 w:_{id:wall8}
					       },
					      _{ c:_{x:0,y:1},
						 w:_{id:wall7}
					       },
					      _{ c:_{x:5,y:0},
						 w:_{id:wall6}
					       },
					      _{ c:_{x:4,y:0},
						 w:_{id:wall5}
					       },
					      _{ c:_{x:3,y:0},
						 w:_{id:wall4}
					       },
					      _{ c:_{x:2,y:0},
						 w:_{id:wall3}
					       },
					      _{ c:_{x:1,y:0},
						 w:_{id:wall2}
					       },
					      _{ c:_{x:0,y:0},
						 w:_{id:wall1}
					       }
					    ]
				},
	      certain_fluents:_{ alive:[_{id:hunter}],
				 dir:[_{d:east,h:_{id:hunter}}],
				 fat_gold:[],
				 fat_hunter:_{ c:_{x:2,y:3},
					       h:_{id:hunter}
					     },
				 game_state:running,
				 has_arrow:[ _{ a:_{id:arrow1},
						h:_{id:hunter}
					      }
					   ],
				 has_gold:true,
				 score:0,
				 visited:[ _{ from:_{x:2,y:2},
					      to:_{x:2,y:3}
					    },
					   _{ from:_{x:2,y:1},
					      to:_{x:2,y:2}
					    },
					   _{ from:_{x:1,y:1},
					      to:_{x:2,y:1}
					    },
					   _{ from:_{x:1,y:2},
					      to:_{x:1,y:1}
					    },
					   _{ from:_{x:1,y:1},
					      to:_{x:1,y:2}
					    }
					 ]
			       },
	      step:0,
	      uncertain_eternals:_{ eat_pit:[ _{ c:_{x:3,y:1},
						 p:_{id:true}
					       },
					      _{ c:_{x:2,y:4},
						 p:_{id:true}
					       },
					      _{ c:_{x:3,y:3},
						 p:_{id:true}
					       },
					      _{ c:_{x:1,y:1},
						 p:_{id:false}
					       },
					      _{ c:_{x:2,y:1},
						 p:_{id:false}
					       },
					      _{ c:_{x:1,y:2},
						 p:_{id:false}
					       },
					      _{ c:_{x:2,y:2},
						 p:_{id:false}
					       },
					      _{ c:_{x:1,y:3},
						 p:_{id:false}
					       },
					      _{ c:_{x:3,y:2},
						 p:_{id:false}
					       },
					      _{ c:_{x:2,y:3},
						 p:_{id:false}
					       }
					    ],
				    eat_wumpus:[ _{ c:_{x:1,y:3},
						    w:_{id:true}
						  },
						 _{ c:_{x:2,y:4},
						    w:_{id:true}
						  },
						 _{ c:_{x:3,y:3},
						    w:_{id:true}
						  },
						 _{ c:_{x:1,y:1},
						    w:_{id:false}
						  },
						 _{ c:_{x:2,y:1},
						    w:_{id:false}
						  },
						 _{ c:_{x:1,y:2},
						    w:_{id:false}
						  },
						 _{ c:_{x:3,y:1},
						    w:_{id:false}
						  },
						 _{ c:_{x:2,y:2},
						    w:_{id:false}
						  },
						 _{ c:_{x:3,y:2},
						    w:_{id:false}
						  },
						 _{ c:_{x:2,y:3},
						    w:_{id:false}
						  }
					       ]
				  },
	      uncertain_fluents:_{fatal:[]}
	    },
   percepts:[breeze,stench]
 }
La valeur de Case est : _2224{x:2,y:2}
La valeur de Action est : right
completed(15, 0.07233696, 3478, 200, ok).
/*Fri Mar  8 19:14:19 2024*/ request(16, 1709921659.864, [peer(ip(127,0,0,1)),method(options),request_uri('/action'),path('/action'),http_version(1-1),host(localhost),port(8081),connection('keep-alive'),access_control_request_method('PUT'),access_control_request_headers('content-type'),origin('http://localhost:9000'),user_agent('Mozilla/5.0 (X11; Linux x86_64) AppleWebKit/537.36 (KHTML, like Gecko) Chrome/122.0.0.0 Safari/537.36'),sec_fetch_mode(cors),sec_fetch_site('same-site'),sec_fetch_dest(empty),referer('http://localhost:9000/')]).
completed(16, 0.0029898930000000074, 0, 200, ok).
/*Fri Mar  8 19:14:19 2024*/ request(17, 1709921659.871, [peer(ip(127,0,0,1)),method(put),request_uri('/action'),path('/action'),http_version(1-1),host(localhost),port(8081),connection('keep-alive'),content_length(2741),sec_ch_ua('"Chromium";v="122", "Not(A:Brand";v="24", "Brave";v="122"'),sec_ch_ua_platform('"Linux"'),sec_ch_ua_mobile('?0'),user_agent('Mozilla/5.0 (X11; Linux x86_64) AppleWebKit/537.36 (KHTML, like Gecko) Chrome/122.0.0.0 Safari/537.36'),content_type('application/json'),sec_gpc('1'),origin('http://localhost:9000'),sec_fetch_site('same-site'),sec_fetch_mode(cors),sec_fetch_dest(empty),referer('http://localhost:9000/')]).
_{ beliefs:_{ certain_eternals:_{ cells:[ _{x:0,y:0},
					  _{x:1,y:0},
					  _{x:2,y:0},
					  _{x:3,y:0},
					  _{x:4,y:0},
					  _{x:5,y:0},
					  _{x:0,y:1},
					  _{x:1,y:1},
					  _{x:2,y:1},
					  _{x:3,y:1},
					  _{x:4,y:1},
					  _{x:5,y:1},
					  _{x:0,y:2},
					  _{x:1,y:2},
					  _{x:2,y:2},
					  _{x:3,y:2},
					  _{x:4,y:2},
					  _{x:5,y:2},
					  _{x:0,y:3},
					  _{x:1,y:3},
					  _{x:2,y:3},
					  _{x:3,y:3},
					  _{x:4,y:3},
					  _{x:5,y:3},
					  _{x:0,y:4},
					  _{x:1,y:4},
					  _{x:2,y:4},
					  _{x:3,y:4},
					  _{x:4,y:4},
					  _{x:5,y:4},
					  _{x:0,y:5},
					  _{x:1,y:5},
					  _{x:2,y:5},
					  _{x:3,y:5},
					  _{x:4,y:5},
					  _{x:5,y:5}
					],
				  eat_exit:_{c:_{x:1,y:1},e:_{id:exit}},
				  eat_walls:[ _{ c:_{x:5,y:5},
						 w:_{id:wall20}
					       },
					      _{ c:_{x:4,y:5},
						 w:_{id:wall19}
					       },
					      _{ c:_{x:3,y:5},
						 w:_{id:wall18}
					       },
					      _{ c:_{x:2,y:5},
						 w:_{id:wall17}
					       },
					      _{ c:_{x:1,y:5},
						 w:_{id:wall16}
					       },
					      _{ c:_{x:0,y:5},
						 w:_{id:wall15}
					       },
					      _{ c:_{x:5,y:4},
						 w:_{id:wall14}
					       },
					      _{ c:_{x:0,y:4},
						 w:_{id:wall13}
					       },
					      _{ c:_{x:5,y:3},
						 w:_{id:wall12}
					       },
					      _{ c:_{x:0,y:3},
						 w:_{id:wall11}
					       },
					      _{ c:_{x:5,y:2},
						 w:_{id:wall10}
					       },
					      _{ c:_{x:0,y:2},
						 w:_{id:wall9}
					       },
					      _{ c:_{x:5,y:1},
						 w:_{id:wall8}
					       },
					      _{ c:_{x:0,y:1},
						 w:_{id:wall7}
					       },
					      _{ c:_{x:5,y:0},
						 w:_{id:wall6}
					       },
					      _{ c:_{x:4,y:0},
						 w:_{id:wall5}
					       },
					      _{ c:_{x:3,y:0},
						 w:_{id:wall4}
					       },
					      _{ c:_{x:2,y:0},
						 w:_{id:wall3}
					       },
					      _{ c:_{x:1,y:0},
						 w:_{id:wall2}
					       },
					      _{ c:_{x:0,y:0},
						 w:_{id:wall1}
					       }
					    ]
				},
	      certain_fluents:_{ alive:[_{id:hunter}],
				 dir:[_{d:south,h:_{id:hunter}}],
				 fat_gold:[],
				 fat_hunter:_{ c:_{x:2,y:3},
					       h:_{id:hunter}
					     },
				 game_state:running,
				 has_arrow:[ _{ a:_{id:arrow1},
						h:_{id:hunter}
					      }
					   ],
				 has_gold:true,
				 score:0,
				 visited:[ _{ from:_{x:2,y:2},
					      to:_{x:2,y:3}
					    },
					   _{ from:_{x:2,y:1},
					      to:_{x:2,y:2}
					    },
					   _{ from:_{x:1,y:1},
					      to:_{x:2,y:1}
					    },
					   _{ from:_{x:1,y:2},
					      to:_{x:1,y:1}
					    },
					   _{ from:_{x:1,y:1},
					      to:_{x:1,y:2}
					    }
					 ]
			       },
	      step:0,
	      uncertain_eternals:_{ eat_pit:[ _{ c:_{x:3,y:1},
						 p:_{id:true}
					       },
					      _{ c:_{x:2,y:4},
						 p:_{id:true}
					       },
					      _{ c:_{x:3,y:3},
						 p:_{id:true}
					       },
					      _{ c:_{x:1,y:1},
						 p:_{id:false}
					       },
					      _{ c:_{x:2,y:1},
						 p:_{id:false}
					       },
					      _{ c:_{x:1,y:2},
						 p:_{id:false}
					       },
					      _{ c:_{x:2,y:2},
						 p:_{id:false}
					       },
					      _{ c:_{x:1,y:3},
						 p:_{id:false}
					       },
					      _{ c:_{x:3,y:2},
						 p:_{id:false}
					       },
					      _{ c:_{x:2,y:3},
						 p:_{id:false}
					       }
					    ],
				    eat_wumpus:[ _{ c:_{x:1,y:3},
						    w:_{id:true}
						  },
						 _{ c:_{x:2,y:4},
						    w:_{id:true}
						  },
						 _{ c:_{x:3,y:3},
						    w:_{id:true}
						  },
						 _{ c:_{x:1,y:1},
						    w:_{id:false}
						  },
						 _{ c:_{x:2,y:1},
						    w:_{id:false}
						  },
						 _{ c:_{x:1,y:2},
						    w:_{id:false}
						  },
						 _{ c:_{x:3,y:1},
						    w:_{id:false}
						  },
						 _{ c:_{x:2,y:2},
						    w:_{id:false}
						  },
						 _{ c:_{x:3,y:2},
						    w:_{id:false}
						  },
						 _{ c:_{x:2,y:3},
						    w:_{id:false}
						  }
					       ]
				  },
	      uncertain_fluents:_{fatal:[]}
	    },
   percepts:[breeze,stench]
 }
La valeur de Case est : _2224{x:2,y:2}
La valeur de Action est : forward
completed(17, 0.07270769700000002, 3268, 200, ok).
/*Fri Mar  8 19:14:21 2024*/ request(18, 1709921661.022, [peer(ip(127,0,0,1)),method(put),request_uri('/action'),path('/action'),http_version(1-1),host(localhost),port(8081),connection('keep-alive'),content_length(2554),sec_ch_ua('"Chromium";v="122", "Not(A:Brand";v="24", "Brave";v="122"'),sec_ch_ua_platform('"Linux"'),sec_ch_ua_mobile('?0'),user_agent('Mozilla/5.0 (X11; Linux x86_64) AppleWebKit/537.36 (KHTML, like Gecko) Chrome/122.0.0.0 Safari/537.36'),content_type('application/json'),sec_gpc('1'),origin('http://localhost:9000'),sec_fetch_site('same-site'),sec_fetch_mode(cors),sec_fetch_dest(empty),referer('http://localhost:9000/')]).
_{ beliefs:_{ certain_eternals:_{ cells:[ _{x:0,y:0},
					  _{x:1,y:0},
					  _{x:2,y:0},
					  _{x:3,y:0},
					  _{x:4,y:0},
					  _{x:5,y:0},
					  _{x:0,y:1},
					  _{x:1,y:1},
					  _{x:2,y:1},
					  _{x:3,y:1},
					  _{x:4,y:1},
					  _{x:5,y:1},
					  _{x:0,y:2},
					  _{x:1,y:2},
					  _{x:2,y:2},
					  _{x:3,y:2},
					  _{x:4,y:2},
					  _{x:5,y:2},
					  _{x:0,y:3},
					  _{x:1,y:3},
					  _{x:2,y:3},
					  _{x:3,y:3},
					  _{x:4,y:3},
					  _{x:5,y:3},
					  _{x:0,y:4},
					  _{x:1,y:4},
					  _{x:2,y:4},
					  _{x:3,y:4},
					  _{x:4,y:4},
					  _{x:5,y:4},
					  _{x:0,y:5},
					  _{x:1,y:5},
					  _{x:2,y:5},
					  _{x:3,y:5},
					  _{x:4,y:5},
					  _{x:5,y:5}
					],
				  eat_exit:_{c:_{x:1,y:1},e:_{id:exit}},
				  eat_walls:[ _{ c:_{x:5,y:5},
						 w:_{id:wall20}
					       },
					      _{ c:_{x:4,y:5},
						 w:_{id:wall19}
					       },
					      _{ c:_{x:3,y:5},
						 w:_{id:wall18}
					       },
					      _{ c:_{x:2,y:5},
						 w:_{id:wall17}
					       },
					      _{ c:_{x:1,y:5},
						 w:_{id:wall16}
					       },
					      _{ c:_{x:0,y:5},
						 w:_{id:wall15}
					       },
					      _{ c:_{x:5,y:4},
						 w:_{id:wall14}
					       },
					      _{ c:_{x:0,y:4},
						 w:_{id:wall13}
					       },
					      _{ c:_{x:5,y:3},
						 w:_{id:wall12}
					       },
					      _{ c:_{x:0,y:3},
						 w:_{id:wall11}
					       },
					      _{ c:_{x:5,y:2},
						 w:_{id:wall10}
					       },
					      _{ c:_{x:0,y:2},
						 w:_{id:wall9}
					       },
					      _{ c:_{x:5,y:1},
						 w:_{id:wall8}
					       },
					      _{ c:_{x:0,y:1},
						 w:_{id:wall7}
					       },
					      _{ c:_{x:5,y:0},
						 w:_{id:wall6}
					       },
					      _{ c:_{x:4,y:0},
						 w:_{id:wall5}
					       },
					      _{ c:_{x:3,y:0},
						 w:_{id:wall4}
					       },
					      _{ c:_{x:2,y:0},
						 w:_{id:wall3}
					       },
					      _{ c:_{x:1,y:0},
						 w:_{id:wall2}
					       },
					      _{ c:_{x:0,y:0},
						 w:_{id:wall1}
					       }
					    ]
				},
	      certain_fluents:_{ alive:[_{id:hunter}],
				 dir:[_{d:south,h:_{id:hunter}}],
				 fat_gold:[],
				 fat_hunter:_{ c:_{x:2,y:2},
					       h:_{id:hunter}
					     },
				 game_state:running,
				 has_arrow:[ _{ a:_{id:arrow1},
						h:_{id:hunter}
					      }
					   ],
				 has_gold:true,
				 score:0,
				 visited:_{ from:_{x:2,y:2},
					    to:_{x:2,y:3}
					  }
			       },
	      step:0,
	      uncertain_eternals:_{ eat_pit:[ _{ c:_{x:3,y:1},
						 p:_{id:true}
					       },
					      _{ c:_{x:2,y:4},
						 p:_{id:true}
					       },
					      _{ c:_{x:3,y:3},
						 p:_{id:true}
					       },
					      _{ c:_{x:1,y:1},
						 p:_{id:false}
					       },
					      _{ c:_{x:2,y:1},
						 p:_{id:false}
					       },
					      _{ c:_{x:1,y:2},
						 p:_{id:false}
					       },
					      _{ c:_{x:2,y:2},
						 p:_{id:false}
					       },
					      _{ c:_{x:1,y:3},
						 p:_{id:false}
					       },
					      _{ c:_{x:3,y:2},
						 p:_{id:false}
					       },
					      _{ c:_{x:2,y:3},
						 p:_{id:false}
					       }
					    ],
				    eat_wumpus:[ _{ c:_{x:1,y:3},
						    w:_{id:true}
						  },
						 _{ c:_{x:2,y:4},
						    w:_{id:true}
						  },
						 _{ c:_{x:3,y:3},
						    w:_{id:true}
						  },
						 _{ c:_{x:1,y:1},
						    w:_{id:false}
						  },
						 _{ c:_{x:2,y:1},
						    w:_{id:false}
						  },
						 _{ c:_{x:1,y:2},
						    w:_{id:false}
						  },
						 _{ c:_{x:3,y:1},
						    w:_{id:false}
						  },
						 _{ c:_{x:2,y:2},
						    w:_{id:false}
						  },
						 _{ c:_{x:3,y:2},
						    w:_{id:false}
						  },
						 _{ c:_{x:2,y:3},
						    w:_{id:false}
						  }
					       ]
				  },
	      uncertain_fluents:_{fatal:[]}
	    },
   percepts:[]
 }
server(error, 1709921661).
server(started, 1709921662).
/*Fri Mar  8 19:14:22 2024*/ request(19, 1709921662.319, [peer(ip(127,0,0,1)),method(put),request_uri('/action'),path('/action'),http_version(1-1),host(localhost),port(8081),connection('keep-alive'),content_length(2562),sec_ch_ua('"Chromium";v="122", "Not(A:Brand";v="24", "Brave";v="122"'),sec_ch_ua_platform('"Linux"'),sec_ch_ua_mobile('?0'),user_agent('Mozilla/5.0 (X11; Linux x86_64) AppleWebKit/537.36 (KHTML, like Gecko) Chrome/122.0.0.0 Safari/537.36'),content_type('application/json'),sec_gpc('1'),origin('http://localhost:9000'),sec_fetch_site('same-site'),sec_fetch_mode(cors),sec_fetch_dest(empty),referer('http://localhost:9000/')]).
_{ beliefs:_{ certain_eternals:_{ cells:[ _{x:0,y:0},
					  _{x:1,y:0},
					  _{x:2,y:0},
					  _{x:3,y:0},
					  _{x:4,y:0},
					  _{x:5,y:0},
					  _{x:0,y:1},
					  _{x:1,y:1},
					  _{x:2,y:1},
					  _{x:3,y:1},
					  _{x:4,y:1},
					  _{x:5,y:1},
					  _{x:0,y:2},
					  _{x:1,y:2},
					  _{x:2,y:2},
					  _{x:3,y:2},
					  _{x:4,y:2},
					  _{x:5,y:2},
					  _{x:0,y:3},
					  _{x:1,y:3},
					  _{x:2,y:3},
					  _{x:3,y:3},
					  _{x:4,y:3},
					  _{x:5,y:3},
					  _{x:0,y:4},
					  _{x:1,y:4},
					  _{x:2,y:4},
					  _{x:3,y:4},
					  _{x:4,y:4},
					  _{x:5,y:4},
					  _{x:0,y:5},
					  _{x:1,y:5},
					  _{x:2,y:5},
					  _{x:3,y:5},
					  _{x:4,y:5},
					  _{x:5,y:5}
					],
				  eat_exit:_{c:_{x:1,y:1},e:_{id:exit}},
				  eat_walls:[ _{ c:_{x:5,y:5},
						 w:_{id:wall20}
					       },
					      _{ c:_{x:4,y:5},
						 w:_{id:wall19}
					       },
					      _{ c:_{x:3,y:5},
						 w:_{id:wall18}
					       },
					      _{ c:_{x:2,y:5},
						 w:_{id:wall17}
					       },
					      _{ c:_{x:1,y:5},
						 w:_{id:wall16}
					       },
					      _{ c:_{x:0,y:5},
						 w:_{id:wall15}
					       },
					      _{ c:_{x:5,y:4},
						 w:_{id:wall14}
					       },
					      _{ c:_{x:0,y:4},
						 w:_{id:wall13}
					       },
					      _{ c:_{x:5,y:3},
						 w:_{id:wall12}
					       },
					      _{ c:_{x:0,y:3},
						 w:_{id:wall11}
					       },
					      _{ c:_{x:5,y:2},
						 w:_{id:wall10}
					       },
					      _{ c:_{x:0,y:2},
						 w:_{id:wall9}
					       },
					      _{ c:_{x:5,y:1},
						 w:_{id:wall8}
					       },
					      _{ c:_{x:0,y:1},
						 w:_{id:wall7}
					       },
					      _{ c:_{x:5,y:0},
						 w:_{id:wall6}
					       },
					      _{ c:_{x:4,y:0},
						 w:_{id:wall5}
					       },
					      _{ c:_{x:3,y:0},
						 w:_{id:wall4}
					       },
					      _{ c:_{x:2,y:0},
						 w:_{id:wall3}
					       },
					      _{ c:_{x:1,y:0},
						 w:_{id:wall2}
					       },
					      _{ c:_{x:0,y:0},
						 w:_{id:wall1}
					       }
					    ]
				},
	      certain_fluents:_{ alive:[_{id:hunter}],
				 dir:[_{d:south,h:_{id:hunter}}],
				 fat_gold:[],
				 fat_hunter:_{ c:_{x:2,y:2},
					       h:_{id:hunter}
					     },
				 game_state:running,
				 has_arrow:[ _{ a:_{id:arrow1},
						h:_{id:hunter}
					      }
					   ],
				 has_gold:true,
				 score:0,
				 visited:_{ from:_{x:2,y:2},
					    to:_{x:2,y:3}
					  }
			       },
	      step:0,
	      uncertain_eternals:_{ eat_pit:[ _{ c:_{x:3,y:1},
						 p:_{id:true}
					       },
					      _{ c:_{x:2,y:4},
						 p:_{id:true}
					       },
					      _{ c:_{x:3,y:3},
						 p:_{id:true}
					       },
					      _{ c:_{x:1,y:1},
						 p:_{id:false}
					       },
					      _{ c:_{x:2,y:1},
						 p:_{id:false}
					       },
					      _{ c:_{x:1,y:2},
						 p:_{id:false}
					       },
					      _{ c:_{x:2,y:2},
						 p:_{id:false}
					       },
					      _{ c:_{x:1,y:3},
						 p:_{id:false}
					       },
					      _{ c:_{x:3,y:2},
						 p:_{id:false}
					       },
					      _{ c:_{x:2,y:3},
						 p:_{id:false}
					       }
					    ],
				    eat_wumpus:[ _{ c:_{x:1,y:3},
						    w:_{id:true}
						  },
						 _{ c:_{x:2,y:4},
						    w:_{id:true}
						  },
						 _{ c:_{x:3,y:3},
						    w:_{id:true}
						  },
						 _{ c:_{x:1,y:1},
						    w:_{id:false}
						  },
						 _{ c:_{x:2,y:1},
						    w:_{id:false}
						  },
						 _{ c:_{x:1,y:2},
						    w:_{id:false}
						  },
						 _{ c:_{x:3,y:1},
						    w:_{id:false}
						  },
						 _{ c:_{x:2,y:2},
						    w:_{id:false}
						  },
						 _{ c:_{x:3,y:2},
						    w:_{id:false}
						  },
						 _{ c:_{x:2,y:3},
						    w:_{id:false}
						  }
					       ]
				  },
	      uncertain_fluents:_{fatal:[]}
	    },
   percepts:[breeze]
 }
server(error, 1709921662).
server(started, 1709993844).
/*Sat Mar  9 15:20:43 2024*/ request(1, 1709994043.921, [peer(ip(127,0,0,1)),method(options),request_uri('/action'),path('/action'),http_version(1-1),host(localhost),port(8081),connection('keep-alive'),access_control_request_method('PUT'),access_control_request_headers('content-type'),origin('http://localhost:9000'),user_agent('Mozilla/5.0 (X11; Linux x86_64) AppleWebKit/537.36 (KHTML, like Gecko) Chrome/122.0.0.0 Safari/537.36'),sec_fetch_mode(cors),sec_fetch_site('same-site'),sec_fetch_dest(empty),referer('http://localhost:9000/')]).
completed(1, 0.015541031999999996, 0, 200, ok).
/*Sat Mar  9 15:20:43 2024*/ request(2, 1709994043.927, [peer(ip(127,0,0,1)),method(put),request_uri('/action'),path('/action'),http_version(1-1),host(localhost),port(8081),connection('keep-alive'),content_length(1781),sec_ch_ua('"Chromium";v="122", "Not(A:Brand";v="24", "Brave";v="122"'),sec_ch_ua_platform('"Linux"'),sec_ch_ua_mobile('?0'),user_agent('Mozilla/5.0 (X11; Linux x86_64) AppleWebKit/537.36 (KHTML, like Gecko) Chrome/122.0.0.0 Safari/537.36'),content_type('application/json'),sec_gpc('1'),origin('http://localhost:9000'),sec_fetch_site('same-site'),sec_fetch_mode(cors),sec_fetch_dest(empty),referer('http://localhost:9000/')]).
_{ beliefs:_{ certain_eternals:_{ cells:[ _{x:0,y:0},
					  _{x:1,y:0},
					  _{x:2,y:0},
					  _{x:3,y:0},
					  _{x:4,y:0},
					  _{x:5,y:0},
					  _{x:0,y:1},
					  _{x:1,y:1},
					  _{x:2,y:1},
					  _{x:3,y:1},
					  _{x:4,y:1},
					  _{x:5,y:1},
					  _{x:0,y:2},
					  _{x:1,y:2},
					  _{x:2,y:2},
					  _{x:3,y:2},
					  _{x:4,y:2},
					  _{x:5,y:2},
					  _{x:0,y:3},
					  _{x:1,y:3},
					  _{x:2,y:3},
					  _{x:3,y:3},
					  _{x:4,y:3},
					  _{x:5,y:3},
					  _{x:0,y:4},
					  _{x:1,y:4},
					  _{x:2,y:4},
					  _{x:3,y:4},
					  _{x:4,y:4},
					  _{x:5,y:4},
					  _{x:0,y:5},
					  _{x:1,y:5},
					  _{x:2,y:5},
					  _{x:3,y:5},
					  _{x:4,y:5},
					  _{x:5,y:5}
					],
				  eat_exit:_{c:_{x:1,y:1},e:_{id:exit}},
				  eat_walls:[ _{ c:_{x:5,y:5},
						 w:_{id:wall20}
					       },
					      _{ c:_{x:4,y:5},
						 w:_{id:wall19}
					       },
					      _{ c:_{x:3,y:5},
						 w:_{id:wall18}
					       },
					      _{ c:_{x:2,y:5},
						 w:_{id:wall17}
					       },
					      _{ c:_{x:1,y:5},
						 w:_{id:wall16}
					       },
					      _{ c:_{x:0,y:5},
						 w:_{id:wall15}
					       },
					      _{ c:_{x:5,y:4},
						 w:_{id:wall14}
					       },
					      _{ c:_{x:0,y:4},
						 w:_{id:wall13}
					       },
					      _{ c:_{x:5,y:3},
						 w:_{id:wall12}
					       },
					      _{ c:_{x:0,y:3},
						 w:_{id:wall11}
					       },
					      _{ c:_{x:5,y:2},
						 w:_{id:wall10}
					       },
					      _{ c:_{x:0,y:2},
						 w:_{id:wall9}
					       },
					      _{ c:_{x:5,y:1},
						 w:_{id:wall8}
					       },
					      _{ c:_{x:0,y:1},
						 w:_{id:wall7}
					       },
					      _{ c:_{x:5,y:0},
						 w:_{id:wall6}
					       },
					      _{ c:_{x:4,y:0},
						 w:_{id:wall5}
					       },
					      _{ c:_{x:3,y:0},
						 w:_{id:wall4}
					       },
					      _{ c:_{x:2,y:0},
						 w:_{id:wall3}
					       },
					      _{ c:_{x:1,y:0},
						 w:_{id:wall2}
					       },
					      _{ c:_{x:0,y:0},
						 w:_{id:wall1}
					       }
					    ]
				},
	      certain_fluents:_{ alive:[_{id:hunter}],
				 dir:[_{d:north,h:_{id:hunter}}],
				 fat_gold:[],
				 fat_hunter:_{ c:_{x:1,y:1},
					       h:_{id:hunter}
					     },
				 game_state:running,
				 has_arrow:[ _{ a:_{id:arrow1},
						h:_{id:hunter}
					      }
					   ],
				 has_gold:[],
				 score:0,
				 visited:[]
			       },
	      step:0,
	      uncertain_eternals:_{eat_pit:[],eat_wumpus:[]},
	      uncertain_fluents:_{fatal:[]}
	    },
   percepts:[]
 }
La valeur de AdjSansWumpus est : [_25080{x:1,y:2},_25098{x:2,y:1}]
Cases Auth est : [_25080{x:1,y:2},_25098{x:2,y:1}]
La valeur de X est : 1
La valeur de Y est : 2
completed(2, 0.05693937499999999, 2628, 200, ok).
/*Sat Mar  9 15:20:45 2024*/ request(3, 1709994045.100, [peer(ip(127,0,0,1)),method(put),request_uri('/action'),path('/action'),http_version(1-1),host(localhost),port(8081),connection('keep-alive'),content_length(2050),sec_ch_ua('"Chromium";v="122", "Not(A:Brand";v="24", "Brave";v="122"'),sec_ch_ua_platform('"Linux"'),sec_ch_ua_mobile('?0'),user_agent('Mozilla/5.0 (X11; Linux x86_64) AppleWebKit/537.36 (KHTML, like Gecko) Chrome/122.0.0.0 Safari/537.36'),content_type('application/json'),sec_gpc('1'),origin('http://localhost:9000'),sec_fetch_site('same-site'),sec_fetch_mode(cors),sec_fetch_dest(empty),referer('http://localhost:9000/')]).
_{ beliefs:_{ certain_eternals:_{ cells:[ _{x:0,y:0},
					  _{x:1,y:0},
					  _{x:2,y:0},
					  _{x:3,y:0},
					  _{x:4,y:0},
					  _{x:5,y:0},
					  _{x:0,y:1},
					  _{x:1,y:1},
					  _{x:2,y:1},
					  _{x:3,y:1},
					  _{x:4,y:1},
					  _{x:5,y:1},
					  _{x:0,y:2},
					  _{x:1,y:2},
					  _{x:2,y:2},
					  _{x:3,y:2},
					  _{x:4,y:2},
					  _{x:5,y:2},
					  _{x:0,y:3},
					  _{x:1,y:3},
					  _{x:2,y:3},
					  _{x:3,y:3},
					  _{x:4,y:3},
					  _{x:5,y:3},
					  _{x:0,y:4},
					  _{x:1,y:4},
					  _{x:2,y:4},
					  _{x:3,y:4},
					  _{x:4,y:4},
					  _{x:5,y:4},
					  _{x:0,y:5},
					  _{x:1,y:5},
					  _{x:2,y:5},
					  _{x:3,y:5},
					  _{x:4,y:5},
					  _{x:5,y:5}
					],
				  eat_exit:_{c:_{x:1,y:1},e:_{id:exit}},
				  eat_walls:[ _{ c:_{x:5,y:5},
						 w:_{id:wall20}
					       },
					      _{ c:_{x:4,y:5},
						 w:_{id:wall19}
					       },
					      _{ c:_{x:3,y:5},
						 w:_{id:wall18}
					       },
					      _{ c:_{x:2,y:5},
						 w:_{id:wall17}
					       },
					      _{ c:_{x:1,y:5},
						 w:_{id:wall16}
					       },
					      _{ c:_{x:0,y:5},
						 w:_{id:wall15}
					       },
					      _{ c:_{x:5,y:4},
						 w:_{id:wall14}
					       },
					      _{ c:_{x:0,y:4},
						 w:_{id:wall13}
					       },
					      _{ c:_{x:5,y:3},
						 w:_{id:wall12}
					       },
					      _{ c:_{x:0,y:3},
						 w:_{id:wall11}
					       },
					      _{ c:_{x:5,y:2},
						 w:_{id:wall10}
					       },
					      _{ c:_{x:0,y:2},
						 w:_{id:wall9}
					       },
					      _{ c:_{x:5,y:1},
						 w:_{id:wall8}
					       },
					      _{ c:_{x:0,y:1},
						 w:_{id:wall7}
					       },
					      _{ c:_{x:5,y:0},
						 w:_{id:wall6}
					       },
					      _{ c:_{x:4,y:0},
						 w:_{id:wall5}
					       },
					      _{ c:_{x:3,y:0},
						 w:_{id:wall4}
					       },
					      _{ c:_{x:2,y:0},
						 w:_{id:wall3}
					       },
					      _{ c:_{x:1,y:0},
						 w:_{id:wall2}
					       },
					      _{ c:_{x:0,y:0},
						 w:_{id:wall1}
					       }
					    ]
				},
	      certain_fluents:_{ alive:[_{id:hunter}],
				 dir:[_{d:north,h:_{id:hunter}}],
				 fat_gold:[],
				 fat_hunter:_{ c:_{x:1,y:2},
					       h:_{id:hunter}
					     },
				 game_state:running,
				 has_arrow:[ _{ a:_{id:arrow1},
						h:_{id:hunter}
					      }
					   ],
				 has_gold:[],
				 score:0,
				 visited:[ _{ from:_{x:1,y:1},
					      to:_{x:1,y:2}
					    }
					 ]
			       },
	      step:0,
	      uncertain_eternals:_{ eat_pit:[ _{ c:_{x:1,y:1},
						 p:_{id:false}
					       },
					      _{ c:_{x:2,y:1},
						 p:_{id:false}
					       },
					      _{ c:_{x:1,y:2},
						 p:_{id:false}
					       }
					    ],
				    eat_wumpus:[ _{ c:_{x:1,y:1},
						    w:_{id:false}
						  },
						 _{ c:_{x:2,y:1},
						    w:_{id:false}
						  },
						 _{ c:_{x:1,y:2},
						    w:_{id:false}
						  }
					       ]
				  },
	      uncertain_fluents:_{fatal:[]}
	    },
   percepts:[stench]
 }
La valeur de AdjSansWumpus est : [_7748{x:1,y:1}]
Cases Auth est : [_7534{x:1,y:1}]
La valeur de X est : 1
La valeur de Y est : 3
completed(3, 0.059332166, 2811, 200, ok).
/*Sat Mar  9 15:20:46 2024*/ request(4, 1709994046.178, [peer(ip(127,0,0,1)),method(put),request_uri('/action'),path('/action'),http_version(1-1),host(localhost),port(8081),connection('keep-alive'),content_length(2195),sec_ch_ua('"Chromium";v="122", "Not(A:Brand";v="24", "Brave";v="122"'),sec_ch_ua_platform('"Linux"'),sec_ch_ua_mobile('?0'),user_agent('Mozilla/5.0 (X11; Linux x86_64) AppleWebKit/537.36 (KHTML, like Gecko) Chrome/122.0.0.0 Safari/537.36'),content_type('application/json'),sec_gpc('1'),origin('http://localhost:9000'),sec_fetch_site('same-site'),sec_fetch_mode(cors),sec_fetch_dest(empty),referer('http://localhost:9000/')]).
_{ beliefs:_{ certain_eternals:_{ cells:[ _{x:0,y:0},
					  _{x:1,y:0},
					  _{x:2,y:0},
					  _{x:3,y:0},
					  _{x:4,y:0},
					  _{x:5,y:0},
					  _{x:0,y:1},
					  _{x:1,y:1},
					  _{x:2,y:1},
					  _{x:3,y:1},
					  _{x:4,y:1},
					  _{x:5,y:1},
					  _{x:0,y:2},
					  _{x:1,y:2},
					  _{x:2,y:2},
					  _{x:3,y:2},
					  _{x:4,y:2},
					  _{x:5,y:2},
					  _{x:0,y:3},
					  _{x:1,y:3},
					  _{x:2,y:3},
					  _{x:3,y:3},
					  _{x:4,y:3},
					  _{x:5,y:3},
					  _{x:0,y:4},
					  _{x:1,y:4},
					  _{x:2,y:4},
					  _{x:3,y:4},
					  _{x:4,y:4},
					  _{x:5,y:4},
					  _{x:0,y:5},
					  _{x:1,y:5},
					  _{x:2,y:5},
					  _{x:3,y:5},
					  _{x:4,y:5},
					  _{x:5,y:5}
					],
				  eat_exit:_{c:_{x:1,y:1},e:_{id:exit}},
				  eat_walls:[ _{ c:_{x:5,y:5},
						 w:_{id:wall20}
					       },
					      _{ c:_{x:4,y:5},
						 w:_{id:wall19}
					       },
					      _{ c:_{x:3,y:5},
						 w:_{id:wall18}
					       },
					      _{ c:_{x:2,y:5},
						 w:_{id:wall17}
					       },
					      _{ c:_{x:1,y:5},
						 w:_{id:wall16}
					       },
					      _{ c:_{x:0,y:5},
						 w:_{id:wall15}
					       },
					      _{ c:_{x:5,y:4},
						 w:_{id:wall14}
					       },
					      _{ c:_{x:0,y:4},
						 w:_{id:wall13}
					       },
					      _{ c:_{x:5,y:3},
						 w:_{id:wall12}
					       },
					      _{ c:_{x:0,y:3},
						 w:_{id:wall11}
					       },
					      _{ c:_{x:5,y:2},
						 w:_{id:wall10}
					       },
					      _{ c:_{x:0,y:2},
						 w:_{id:wall9}
					       },
					      _{ c:_{x:5,y:1},
						 w:_{id:wall8}
					       },
					      _{ c:_{x:0,y:1},
						 w:_{id:wall7}
					       },
					      _{ c:_{x:5,y:0},
						 w:_{id:wall6}
					       },
					      _{ c:_{x:4,y:0},
						 w:_{id:wall5}
					       },
					      _{ c:_{x:3,y:0},
						 w:_{id:wall4}
					       },
					      _{ c:_{x:2,y:0},
						 w:_{id:wall3}
					       },
					      _{ c:_{x:1,y:0},
						 w:_{id:wall2}
					       },
					      _{ c:_{x:0,y:0},
						 w:_{id:wall1}
					       }
					    ]
				},
	      certain_fluents:_{ alive:[_{id:hunter}],
				 dir:[_{d:west,h:_{id:hunter}}],
				 fat_gold:[],
				 fat_hunter:_{ c:_{x:1,y:2},
					       h:_{id:hunter}
					     },
				 game_state:running,
				 has_arrow:[ _{ a:_{id:arrow1},
						h:_{id:hunter}
					      }
					   ],
				 has_gold:[],
				 score:0,
				 visited:[ _{ from:_{x:1,y:1},
					      to:_{x:1,y:2}
					    }
					 ]
			       },
	      step:0,
	      uncertain_eternals:_{ eat_pit:[ _{ c:_{x:1,y:1},
						 p:_{id:false}
					       },
					      _{ c:_{x:2,y:1},
						 p:_{id:false}
					       },
					      _{ c:_{x:1,y:2},
						 p:_{id:false}
					       },
					      _{ c:_{x:2,y:2},
						 p:_{id:false}
					       },
					      _{ c:_{x:1,y:3},
						 p:_{id:false}
					       }
					    ],
				    eat_wumpus:[ _{ c:_{x:1,y:3},
						    w:_{id:true}
						  },
						 _{ c:_{x:2,y:2},
						    w:_{id:true}
						  },
						 _{ c:_{x:1,y:1},
						    w:_{id:false}
						  },
						 _{ c:_{x:2,y:1},
						    w:_{id:false}
						  },
						 _{ c:_{x:1,y:2},
						    w:_{id:false}
						  }
					       ]
				  },
	      uncertain_fluents:_{fatal:[]}
	    },
   percepts:[stench]
 }
La valeur de AdjSansWumpus est : [_2300{x:1,y:1}]
Cases Auth est : [_2218{x:1,y:1}]
La valeur de X est : 0
La valeur de Y est : 2
completed(4, 0.044714870000000004, 2812, 200, ok).
/*Sat Mar  9 15:20:47 2024*/ request(5, 1709994047.294, [peer(ip(127,0,0,1)),method(put),request_uri('/action'),path('/action'),http_version(1-1),host(localhost),port(8081),connection('keep-alive'),content_length(2196),sec_ch_ua('"Chromium";v="122", "Not(A:Brand";v="24", "Brave";v="122"'),sec_ch_ua_platform('"Linux"'),sec_ch_ua_mobile('?0'),user_agent('Mozilla/5.0 (X11; Linux x86_64) AppleWebKit/537.36 (KHTML, like Gecko) Chrome/122.0.0.0 Safari/537.36'),content_type('application/json'),sec_gpc('1'),origin('http://localhost:9000'),sec_fetch_site('same-site'),sec_fetch_mode(cors),sec_fetch_dest(empty),referer('http://localhost:9000/')]).
_{ beliefs:_{ certain_eternals:_{ cells:[ _{x:0,y:0},
					  _{x:1,y:0},
					  _{x:2,y:0},
					  _{x:3,y:0},
					  _{x:4,y:0},
					  _{x:5,y:0},
					  _{x:0,y:1},
					  _{x:1,y:1},
					  _{x:2,y:1},
					  _{x:3,y:1},
					  _{x:4,y:1},
					  _{x:5,y:1},
					  _{x:0,y:2},
					  _{x:1,y:2},
					  _{x:2,y:2},
					  _{x:3,y:2},
					  _{x:4,y:2},
					  _{x:5,y:2},
					  _{x:0,y:3},
					  _{x:1,y:3},
					  _{x:2,y:3},
					  _{x:3,y:3},
					  _{x:4,y:3},
					  _{x:5,y:3},
					  _{x:0,y:4},
					  _{x:1,y:4},
					  _{x:2,y:4},
					  _{x:3,y:4},
					  _{x:4,y:4},
					  _{x:5,y:4},
					  _{x:0,y:5},
					  _{x:1,y:5},
					  _{x:2,y:5},
					  _{x:3,y:5},
					  _{x:4,y:5},
					  _{x:5,y:5}
					],
				  eat_exit:_{c:_{x:1,y:1},e:_{id:exit}},
				  eat_walls:[ _{ c:_{x:5,y:5},
						 w:_{id:wall20}
					       },
					      _{ c:_{x:4,y:5},
						 w:_{id:wall19}
					       },
					      _{ c:_{x:3,y:5},
						 w:_{id:wall18}
					       },
					      _{ c:_{x:2,y:5},
						 w:_{id:wall17}
					       },
					      _{ c:_{x:1,y:5},
						 w:_{id:wall16}
					       },
					      _{ c:_{x:0,y:5},
						 w:_{id:wall15}
					       },
					      _{ c:_{x:5,y:4},
						 w:_{id:wall14}
					       },
					      _{ c:_{x:0,y:4},
						 w:_{id:wall13}
					       },
					      _{ c:_{x:5,y:3},
						 w:_{id:wall12}
					       },
					      _{ c:_{x:0,y:3},
						 w:_{id:wall11}
					       },
					      _{ c:_{x:5,y:2},
						 w:_{id:wall10}
					       },
					      _{ c:_{x:0,y:2},
						 w:_{id:wall9}
					       },
					      _{ c:_{x:5,y:1},
						 w:_{id:wall8}
					       },
					      _{ c:_{x:0,y:1},
						 w:_{id:wall7}
					       },
					      _{ c:_{x:5,y:0},
						 w:_{id:wall6}
					       },
					      _{ c:_{x:4,y:0},
						 w:_{id:wall5}
					       },
					      _{ c:_{x:3,y:0},
						 w:_{id:wall4}
					       },
					      _{ c:_{x:2,y:0},
						 w:_{id:wall3}
					       },
					      _{ c:_{x:1,y:0},
						 w:_{id:wall2}
					       },
					      _{ c:_{x:0,y:0},
						 w:_{id:wall1}
					       }
					    ]
				},
	      certain_fluents:_{ alive:[_{id:hunter}],
				 dir:[_{d:south,h:_{id:hunter}}],
				 fat_gold:[],
				 fat_hunter:_{ c:_{x:1,y:2},
					       h:_{id:hunter}
					     },
				 game_state:running,
				 has_arrow:[ _{ a:_{id:arrow1},
						h:_{id:hunter}
					      }
					   ],
				 has_gold:[],
				 score:0,
				 visited:[ _{ from:_{x:1,y:1},
					      to:_{x:1,y:2}
					    }
					 ]
			       },
	      step:0,
	      uncertain_eternals:_{ eat_pit:[ _{ c:_{x:1,y:1},
						 p:_{id:false}
					       },
					      _{ c:_{x:2,y:1},
						 p:_{id:false}
					       },
					      _{ c:_{x:1,y:2},
						 p:_{id:false}
					       },
					      _{ c:_{x:2,y:2},
						 p:_{id:false}
					       },
					      _{ c:_{x:1,y:3},
						 p:_{id:false}
					       }
					    ],
				    eat_wumpus:[ _{ c:_{x:1,y:3},
						    w:_{id:true}
						  },
						 _{ c:_{x:2,y:2},
						    w:_{id:true}
						  },
						 _{ c:_{x:1,y:1},
						    w:_{id:false}
						  },
						 _{ c:_{x:2,y:1},
						    w:_{id:false}
						  },
						 _{ c:_{x:1,y:2},
						    w:_{id:false}
						  }
					       ]
				  },
	      uncertain_fluents:_{fatal:[]}
	    },
   percepts:[stench]
 }
La valeur de AdjSansWumpus est : [_2306{x:1,y:1}]
Cases Auth est : [_2224{x:1,y:1}]
La valeur de X est : 1
La valeur de Y est : 1
completed(5, 0.07554897700000002, 2870, 200, ok).
/*Sat Mar  9 15:20:48 2024*/ request(6, 1709994048.144, [peer(ip(127,0,0,1)),method(put),request_uri('/action'),path('/action'),http_version(1-1),host(localhost),port(8081),connection('keep-alive'),content_length(2230),sec_ch_ua('"Chromium";v="122", "Not(A:Brand";v="24", "Brave";v="122"'),sec_ch_ua_platform('"Linux"'),sec_ch_ua_mobile('?0'),user_agent('Mozilla/5.0 (X11; Linux x86_64) AppleWebKit/537.36 (KHTML, like Gecko) Chrome/122.0.0.0 Safari/537.36'),content_type('application/json'),sec_gpc('1'),origin('http://localhost:9000'),sec_fetch_site('same-site'),sec_fetch_mode(cors),sec_fetch_dest(empty),referer('http://localhost:9000/')]).
_{ beliefs:_{ certain_eternals:_{ cells:[ _{x:0,y:0},
					  _{x:1,y:0},
					  _{x:2,y:0},
					  _{x:3,y:0},
					  _{x:4,y:0},
					  _{x:5,y:0},
					  _{x:0,y:1},
					  _{x:1,y:1},
					  _{x:2,y:1},
					  _{x:3,y:1},
					  _{x:4,y:1},
					  _{x:5,y:1},
					  _{x:0,y:2},
					  _{x:1,y:2},
					  _{x:2,y:2},
					  _{x:3,y:2},
					  _{x:4,y:2},
					  _{x:5,y:2},
					  _{x:0,y:3},
					  _{x:1,y:3},
					  _{x:2,y:3},
					  _{x:3,y:3},
					  _{x:4,y:3},
					  _{x:5,y:3},
					  _{x:0,y:4},
					  _{x:1,y:4},
					  _{x:2,y:4},
					  _{x:3,y:4},
					  _{x:4,y:4},
					  _{x:5,y:4},
					  _{x:0,y:5},
					  _{x:1,y:5},
					  _{x:2,y:5},
					  _{x:3,y:5},
					  _{x:4,y:5},
					  _{x:5,y:5}
					],
				  eat_exit:_{c:_{x:1,y:1},e:_{id:exit}},
				  eat_walls:[ _{ c:_{x:5,y:5},
						 w:_{id:wall20}
					       },
					      _{ c:_{x:4,y:5},
						 w:_{id:wall19}
					       },
					      _{ c:_{x:3,y:5},
						 w:_{id:wall18}
					       },
					      _{ c:_{x:2,y:5},
						 w:_{id:wall17}
					       },
					      _{ c:_{x:1,y:5},
						 w:_{id:wall16}
					       },
					      _{ c:_{x:0,y:5},
						 w:_{id:wall15}
					       },
					      _{ c:_{x:5,y:4},
						 w:_{id:wall14}
					       },
					      _{ c:_{x:0,y:4},
						 w:_{id:wall13}
					       },
					      _{ c:_{x:5,y:3},
						 w:_{id:wall12}
					       },
					      _{ c:_{x:0,y:3},
						 w:_{id:wall11}
					       },
					      _{ c:_{x:5,y:2},
						 w:_{id:wall10}
					       },
					      _{ c:_{x:0,y:2},
						 w:_{id:wall9}
					       },
					      _{ c:_{x:5,y:1},
						 w:_{id:wall8}
					       },
					      _{ c:_{x:0,y:1},
						 w:_{id:wall7}
					       },
					      _{ c:_{x:5,y:0},
						 w:_{id:wall6}
					       },
					      _{ c:_{x:4,y:0},
						 w:_{id:wall5}
					       },
					      _{ c:_{x:3,y:0},
						 w:_{id:wall4}
					       },
					      _{ c:_{x:2,y:0},
						 w:_{id:wall3}
					       },
					      _{ c:_{x:1,y:0},
						 w:_{id:wall2}
					       },
					      _{ c:_{x:0,y:0},
						 w:_{id:wall1}
					       }
					    ]
				},
	      certain_fluents:_{ alive:[_{id:hunter}],
				 dir:[_{d:south,h:_{id:hunter}}],
				 fat_gold:[],
				 fat_hunter:_{ c:_{x:1,y:1},
					       h:_{id:hunter}
					     },
				 game_state:running,
				 has_arrow:[ _{ a:_{id:arrow1},
						h:_{id:hunter}
					      }
					   ],
				 has_gold:[],
				 score:0,
				 visited:[ _{ from:_{x:1,y:2},
					      to:_{x:1,y:1}
					    },
					   _{ from:_{x:1,y:1},
					      to:_{x:1,y:2}
					    }
					 ]
			       },
	      step:0,
	      uncertain_eternals:_{ eat_pit:[ _{ c:_{x:1,y:1},
						 p:_{id:false}
					       },
					      _{ c:_{x:2,y:1},
						 p:_{id:false}
					       },
					      _{ c:_{x:1,y:2},
						 p:_{id:false}
					       },
					      _{ c:_{x:2,y:2},
						 p:_{id:false}
					       },
					      _{ c:_{x:1,y:3},
						 p:_{id:false}
					       }
					    ],
				    eat_wumpus:[ _{ c:_{x:1,y:3},
						    w:_{id:true}
						  },
						 _{ c:_{x:2,y:2},
						    w:_{id:true}
						  },
						 _{ c:_{x:1,y:1},
						    w:_{id:false}
						  },
						 _{ c:_{x:2,y:1},
						    w:_{id:false}
						  },
						 _{ c:_{x:1,y:2},
						    w:_{id:false}
						  }
					       ]
				  },
	      uncertain_fluents:_{fatal:[]}
	    },
   percepts:[]
 }
La valeur de AdjSansWumpus est : [_2416{x:1,y:2},_2378{x:2,y:1}]
Cases Auth est : [_2378{x:2,y:1}]
La valeur de X est : 1
La valeur de Y est : 0
completed(6, 0.044153204, 2857, 200, ok).
/*Sat Mar  9 15:20:49 2024*/ request(7, 1709994049.127, [peer(ip(127,0,0,1)),method(options),request_uri('/action'),path('/action'),http_version(1-1),host(localhost),port(8081),connection('keep-alive'),access_control_request_method('PUT'),access_control_request_headers('content-type'),origin('http://localhost:9000'),user_agent('Mozilla/5.0 (X11; Linux x86_64) AppleWebKit/537.36 (KHTML, like Gecko) Chrome/122.0.0.0 Safari/537.36'),sec_fetch_mode(cors),sec_fetch_site('same-site'),sec_fetch_dest(empty),referer('http://localhost:9000/')]).
completed(7, 0.001306794, 0, 200, ok).
/*Sat Mar  9 15:20:49 2024*/ request(8, 1709994049.130, [peer(ip(127,0,0,1)),method(put),request_uri('/action'),path('/action'),http_version(1-1),host(localhost),port(8081),connection('keep-alive'),content_length(2229),sec_ch_ua('"Chromium";v="122", "Not(A:Brand";v="24", "Brave";v="122"'),sec_ch_ua_platform('"Linux"'),sec_ch_ua_mobile('?0'),user_agent('Mozilla/5.0 (X11; Linux x86_64) AppleWebKit/537.36 (KHTML, like Gecko) Chrome/122.0.0.0 Safari/537.36'),content_type('application/json'),sec_gpc('1'),origin('http://localhost:9000'),sec_fetch_site('same-site'),sec_fetch_mode(cors),sec_fetch_dest(empty),referer('http://localhost:9000/')]).
_{ beliefs:_{ certain_eternals:_{ cells:[ _{x:0,y:0},
					  _{x:1,y:0},
					  _{x:2,y:0},
					  _{x:3,y:0},
					  _{x:4,y:0},
					  _{x:5,y:0},
					  _{x:0,y:1},
					  _{x:1,y:1},
					  _{x:2,y:1},
					  _{x:3,y:1},
					  _{x:4,y:1},
					  _{x:5,y:1},
					  _{x:0,y:2},
					  _{x:1,y:2},
					  _{x:2,y:2},
					  _{x:3,y:2},
					  _{x:4,y:2},
					  _{x:5,y:2},
					  _{x:0,y:3},
					  _{x:1,y:3},
					  _{x:2,y:3},
					  _{x:3,y:3},
					  _{x:4,y:3},
					  _{x:5,y:3},
					  _{x:0,y:4},
					  _{x:1,y:4},
					  _{x:2,y:4},
					  _{x:3,y:4},
					  _{x:4,y:4},
					  _{x:5,y:4},
					  _{x:0,y:5},
					  _{x:1,y:5},
					  _{x:2,y:5},
					  _{x:3,y:5},
					  _{x:4,y:5},
					  _{x:5,y:5}
					],
				  eat_exit:_{c:_{x:1,y:1},e:_{id:exit}},
				  eat_walls:[ _{ c:_{x:5,y:5},
						 w:_{id:wall20}
					       },
					      _{ c:_{x:4,y:5},
						 w:_{id:wall19}
					       },
					      _{ c:_{x:3,y:5},
						 w:_{id:wall18}
					       },
					      _{ c:_{x:2,y:5},
						 w:_{id:wall17}
					       },
					      _{ c:_{x:1,y:5},
						 w:_{id:wall16}
					       },
					      _{ c:_{x:0,y:5},
						 w:_{id:wall15}
					       },
					      _{ c:_{x:5,y:4},
						 w:_{id:wall14}
					       },
					      _{ c:_{x:0,y:4},
						 w:_{id:wall13}
					       },
					      _{ c:_{x:5,y:3},
						 w:_{id:wall12}
					       },
					      _{ c:_{x:0,y:3},
						 w:_{id:wall11}
					       },
					      _{ c:_{x:5,y:2},
						 w:_{id:wall10}
					       },
					      _{ c:_{x:0,y:2},
						 w:_{id:wall9}
					       },
					      _{ c:_{x:5,y:1},
						 w:_{id:wall8}
					       },
					      _{ c:_{x:0,y:1},
						 w:_{id:wall7}
					       },
					      _{ c:_{x:5,y:0},
						 w:_{id:wall6}
					       },
					      _{ c:_{x:4,y:0},
						 w:_{id:wall5}
					       },
					      _{ c:_{x:3,y:0},
						 w:_{id:wall4}
					       },
					      _{ c:_{x:2,y:0},
						 w:_{id:wall3}
					       },
					      _{ c:_{x:1,y:0},
						 w:_{id:wall2}
					       },
					      _{ c:_{x:0,y:0},
						 w:_{id:wall1}
					       }
					    ]
				},
	      certain_fluents:_{ alive:[_{id:hunter}],
				 dir:[_{d:east,h:_{id:hunter}}],
				 fat_gold:[],
				 fat_hunter:_{ c:_{x:1,y:1},
					       h:_{id:hunter}
					     },
				 game_state:running,
				 has_arrow:[ _{ a:_{id:arrow1},
						h:_{id:hunter}
					      }
					   ],
				 has_gold:[],
				 score:0,
				 visited:[ _{ from:_{x:1,y:2},
					      to:_{x:1,y:1}
					    },
					   _{ from:_{x:1,y:1},
					      to:_{x:1,y:2}
					    }
					 ]
			       },
	      step:0,
	      uncertain_eternals:_{ eat_pit:[ _{ c:_{x:1,y:1},
						 p:_{id:false}
					       },
					      _{ c:_{x:2,y:1},
						 p:_{id:false}
					       },
					      _{ c:_{x:1,y:2},
						 p:_{id:false}
					       },
					      _{ c:_{x:2,y:2},
						 p:_{id:false}
					       },
					      _{ c:_{x:1,y:3},
						 p:_{id:false}
					       }
					    ],
				    eat_wumpus:[ _{ c:_{x:1,y:3},
						    w:_{id:true}
						  },
						 _{ c:_{x:2,y:2},
						    w:_{id:true}
						  },
						 _{ c:_{x:1,y:1},
						    w:_{id:false}
						  },
						 _{ c:_{x:2,y:1},
						    w:_{id:false}
						  },
						 _{ c:_{x:1,y:2},
						    w:_{id:false}
						  }
					       ]
				  },
	      uncertain_fluents:_{fatal:[]}
	    },
   percepts:[]
 }
La valeur de AdjSansWumpus est : [_2416{x:1,y:2},_2378{x:2,y:1}]
Cases Auth est : [_2378{x:2,y:1}]
La valeur de X est : 2
La valeur de Y est : 1
completed(8, 0.04481702600000001, 2911, 200, ok).
/*Sat Mar  9 15:20:50 2024*/ request(9, 1709994050.016, [peer(ip(127,0,0,1)),method(put),request_uri('/action'),path('/action'),http_version(1-1),host(localhost),port(8081),connection('keep-alive'),content_length(2279),sec_ch_ua('"Chromium";v="122", "Not(A:Brand";v="24", "Brave";v="122"'),sec_ch_ua_platform('"Linux"'),sec_ch_ua_mobile('?0'),user_agent('Mozilla/5.0 (X11; Linux x86_64) AppleWebKit/537.36 (KHTML, like Gecko) Chrome/122.0.0.0 Safari/537.36'),content_type('application/json'),sec_gpc('1'),origin('http://localhost:9000'),sec_fetch_site('same-site'),sec_fetch_mode(cors),sec_fetch_dest(empty),referer('http://localhost:9000/')]).
_{ beliefs:_{ certain_eternals:_{ cells:[ _{x:0,y:0},
					  _{x:1,y:0},
					  _{x:2,y:0},
					  _{x:3,y:0},
					  _{x:4,y:0},
					  _{x:5,y:0},
					  _{x:0,y:1},
					  _{x:1,y:1},
					  _{x:2,y:1},
					  _{x:3,y:1},
					  _{x:4,y:1},
					  _{x:5,y:1},
					  _{x:0,y:2},
					  _{x:1,y:2},
					  _{x:2,y:2},
					  _{x:3,y:2},
					  _{x:4,y:2},
					  _{x:5,y:2},
					  _{x:0,y:3},
					  _{x:1,y:3},
					  _{x:2,y:3},
					  _{x:3,y:3},
					  _{x:4,y:3},
					  _{x:5,y:3},
					  _{x:0,y:4},
					  _{x:1,y:4},
					  _{x:2,y:4},
					  _{x:3,y:4},
					  _{x:4,y:4},
					  _{x:5,y:4},
					  _{x:0,y:5},
					  _{x:1,y:5},
					  _{x:2,y:5},
					  _{x:3,y:5},
					  _{x:4,y:5},
					  _{x:5,y:5}
					],
				  eat_exit:_{c:_{x:1,y:1},e:_{id:exit}},
				  eat_walls:[ _{ c:_{x:5,y:5},
						 w:_{id:wall20}
					       },
					      _{ c:_{x:4,y:5},
						 w:_{id:wall19}
					       },
					      _{ c:_{x:3,y:5},
						 w:_{id:wall18}
					       },
					      _{ c:_{x:2,y:5},
						 w:_{id:wall17}
					       },
					      _{ c:_{x:1,y:5},
						 w:_{id:wall16}
					       },
					      _{ c:_{x:0,y:5},
						 w:_{id:wall15}
					       },
					      _{ c:_{x:5,y:4},
						 w:_{id:wall14}
					       },
					      _{ c:_{x:0,y:4},
						 w:_{id:wall13}
					       },
					      _{ c:_{x:5,y:3},
						 w:_{id:wall12}
					       },
					      _{ c:_{x:0,y:3},
						 w:_{id:wall11}
					       },
					      _{ c:_{x:5,y:2},
						 w:_{id:wall10}
					       },
					      _{ c:_{x:0,y:2},
						 w:_{id:wall9}
					       },
					      _{ c:_{x:5,y:1},
						 w:_{id:wall8}
					       },
					      _{ c:_{x:0,y:1},
						 w:_{id:wall7}
					       },
					      _{ c:_{x:5,y:0},
						 w:_{id:wall6}
					       },
					      _{ c:_{x:4,y:0},
						 w:_{id:wall5}
					       },
					      _{ c:_{x:3,y:0},
						 w:_{id:wall4}
					       },
					      _{ c:_{x:2,y:0},
						 w:_{id:wall3}
					       },
					      _{ c:_{x:1,y:0},
						 w:_{id:wall2}
					       },
					      _{ c:_{x:0,y:0},
						 w:_{id:wall1}
					       }
					    ]
				},
	      certain_fluents:_{ alive:[_{id:hunter}],
				 dir:[_{d:east,h:_{id:hunter}}],
				 fat_gold:[],
				 fat_hunter:_{ c:_{x:2,y:1},
					       h:_{id:hunter}
					     },
				 game_state:running,
				 has_arrow:[ _{ a:_{id:arrow1},
						h:_{id:hunter}
					      }
					   ],
				 has_gold:[],
				 score:0,
				 visited:[ _{ from:_{x:1,y:1},
					      to:_{x:2,y:1}
					    },
					   _{ from:_{x:1,y:2},
					      to:_{x:1,y:1}
					    },
					   _{ from:_{x:1,y:1},
					      to:_{x:1,y:2}
					    }
					 ]
			       },
	      step:0,
	      uncertain_eternals:_{ eat_pit:[ _{ c:_{x:1,y:1},
						 p:_{id:false}
					       },
					      _{ c:_{x:2,y:1},
						 p:_{id:false}
					       },
					      _{ c:_{x:1,y:2},
						 p:_{id:false}
					       },
					      _{ c:_{x:2,y:2},
						 p:_{id:false}
					       },
					      _{ c:_{x:1,y:3},
						 p:_{id:false}
					       }
					    ],
				    eat_wumpus:[ _{ c:_{x:1,y:3},
						    w:_{id:true}
						  },
						 _{ c:_{x:2,y:2},
						    w:_{id:true}
						  },
						 _{ c:_{x:1,y:1},
						    w:_{id:false}
						  },
						 _{ c:_{x:2,y:1},
						    w:_{id:false}
						  },
						 _{ c:_{x:1,y:2},
						    w:_{id:false}
						  }
					       ]
				  },
	      uncertain_fluents:_{fatal:[]}
	    },
   percepts:[breeze]
 }
La valeur de AdjSansWumpus est : [_2496{x:2,y:2},_2382{x:1,y:1}]
Cases Auth est : [_2496{x:2,y:2}]
La valeur de X est : 3
La valeur de Y est : 1
completed(9, 0.07589123, 3008, 200, ok).
/*Sat Mar  9 15:20:51 2024*/ request(10, 1709994051.196, [peer(ip(127,0,0,1)),method(put),request_uri('/action'),path('/action'),http_version(1-1),host(localhost),port(8081),connection('keep-alive'),content_length(2354),sec_ch_ua('"Chromium";v="122", "Not(A:Brand";v="24", "Brave";v="122"'),sec_ch_ua_platform('"Linux"'),sec_ch_ua_mobile('?0'),user_agent('Mozilla/5.0 (X11; Linux x86_64) AppleWebKit/537.36 (KHTML, like Gecko) Chrome/122.0.0.0 Safari/537.36'),content_type('application/json'),sec_gpc('1'),origin('http://localhost:9000'),sec_fetch_site('same-site'),sec_fetch_mode(cors),sec_fetch_dest(empty),referer('http://localhost:9000/')]).
_{ beliefs:_{ certain_eternals:_{ cells:[ _{x:0,y:0},
					  _{x:1,y:0},
					  _{x:2,y:0},
					  _{x:3,y:0},
					  _{x:4,y:0},
					  _{x:5,y:0},
					  _{x:0,y:1},
					  _{x:1,y:1},
					  _{x:2,y:1},
					  _{x:3,y:1},
					  _{x:4,y:1},
					  _{x:5,y:1},
					  _{x:0,y:2},
					  _{x:1,y:2},
					  _{x:2,y:2},
					  _{x:3,y:2},
					  _{x:4,y:2},
					  _{x:5,y:2},
					  _{x:0,y:3},
					  _{x:1,y:3},
					  _{x:2,y:3},
					  _{x:3,y:3},
					  _{x:4,y:3},
					  _{x:5,y:3},
					  _{x:0,y:4},
					  _{x:1,y:4},
					  _{x:2,y:4},
					  _{x:3,y:4},
					  _{x:4,y:4},
					  _{x:5,y:4},
					  _{x:0,y:5},
					  _{x:1,y:5},
					  _{x:2,y:5},
					  _{x:3,y:5},
					  _{x:4,y:5},
					  _{x:5,y:5}
					],
				  eat_exit:_{c:_{x:1,y:1},e:_{id:exit}},
				  eat_walls:[ _{ c:_{x:5,y:5},
						 w:_{id:wall20}
					       },
					      _{ c:_{x:4,y:5},
						 w:_{id:wall19}
					       },
					      _{ c:_{x:3,y:5},
						 w:_{id:wall18}
					       },
					      _{ c:_{x:2,y:5},
						 w:_{id:wall17}
					       },
					      _{ c:_{x:1,y:5},
						 w:_{id:wall16}
					       },
					      _{ c:_{x:0,y:5},
						 w:_{id:wall15}
					       },
					      _{ c:_{x:5,y:4},
						 w:_{id:wall14}
					       },
					      _{ c:_{x:0,y:4},
						 w:_{id:wall13}
					       },
					      _{ c:_{x:5,y:3},
						 w:_{id:wall12}
					       },
					      _{ c:_{x:0,y:3},
						 w:_{id:wall11}
					       },
					      _{ c:_{x:5,y:2},
						 w:_{id:wall10}
					       },
					      _{ c:_{x:0,y:2},
						 w:_{id:wall9}
					       },
					      _{ c:_{x:5,y:1},
						 w:_{id:wall8}
					       },
					      _{ c:_{x:0,y:1},
						 w:_{id:wall7}
					       },
					      _{ c:_{x:5,y:0},
						 w:_{id:wall6}
					       },
					      _{ c:_{x:4,y:0},
						 w:_{id:wall5}
					       },
					      _{ c:_{x:3,y:0},
						 w:_{id:wall4}
					       },
					      _{ c:_{x:2,y:0},
						 w:_{id:wall3}
					       },
					      _{ c:_{x:1,y:0},
						 w:_{id:wall2}
					       },
					      _{ c:_{x:0,y:0},
						 w:_{id:wall1}
					       }
					    ]
				},
	      certain_fluents:_{ alive:[_{id:hunter}],
				 dir:[_{d:north,h:_{id:hunter}}],
				 fat_gold:[],
				 fat_hunter:_{ c:_{x:2,y:1},
					       h:_{id:hunter}
					     },
				 game_state:running,
				 has_arrow:[ _{ a:_{id:arrow1},
						h:_{id:hunter}
					      }
					   ],
				 has_gold:[],
				 score:0,
				 visited:[ _{ from:_{x:1,y:1},
					      to:_{x:2,y:1}
					    },
					   _{ from:_{x:1,y:2},
					      to:_{x:1,y:1}
					    },
					   _{ from:_{x:1,y:1},
					      to:_{x:1,y:2}
					    }
					 ]
			       },
	      step:0,
	      uncertain_eternals:_{ eat_pit:[ _{ c:_{x:3,y:1},
						 p:_{id:true}
					       },
					      _{ c:_{x:1,y:1},
						 p:_{id:false}
					       },
					      _{ c:_{x:2,y:1},
						 p:_{id:false}
					       },
					      _{ c:_{x:1,y:2},
						 p:_{id:false}
					       },
					      _{ c:_{x:2,y:2},
						 p:_{id:false}
					       },
					      _{ c:_{x:1,y:3},
						 p:_{id:false}
					       }
					    ],
				    eat_wumpus:[ _{ c:_{x:1,y:3},
						    w:_{id:true}
						  },
						 _{ c:_{x:1,y:1},
						    w:_{id:false}
						  },
						 _{ c:_{x:2,y:1},
						    w:_{id:false}
						  },
						 _{ c:_{x:1,y:2},
						    w:_{id:false}
						  },
						 _{ c:_{x:3,y:1},
						    w:_{id:false}
						  },
						 _{ c:_{x:2,y:2},
						    w:_{id:false}
						  }
					       ]
				  },
	      uncertain_fluents:_{fatal:[]}
	    },
   percepts:[breeze]
 }
La valeur de AdjSansWumpus est : [_2542{x:2,y:2},_2428{x:1,y:1}]
Cases Auth est : [_2542{x:2,y:2}]
La valeur de X est : 2
La valeur de Y est : 2
completed(10, 0.04582397300000002, 3062, 200, ok).
/*Sat Mar  9 15:20:52 2024*/ request(11, 1709994052.184, [peer(ip(127,0,0,1)),method(put),request_uri('/action'),path('/action'),http_version(1-1),host(localhost),port(8081),connection('keep-alive'),content_length(2388),sec_ch_ua('"Chromium";v="122", "Not(A:Brand";v="24", "Brave";v="122"'),sec_ch_ua_platform('"Linux"'),sec_ch_ua_mobile('?0'),user_agent('Mozilla/5.0 (X11; Linux x86_64) AppleWebKit/537.36 (KHTML, like Gecko) Chrome/122.0.0.0 Safari/537.36'),content_type('application/json'),sec_gpc('1'),origin('http://localhost:9000'),sec_fetch_site('same-site'),sec_fetch_mode(cors),sec_fetch_dest(empty),referer('http://localhost:9000/')]).
_{ beliefs:_{ certain_eternals:_{ cells:[ _{x:0,y:0},
					  _{x:1,y:0},
					  _{x:2,y:0},
					  _{x:3,y:0},
					  _{x:4,y:0},
					  _{x:5,y:0},
					  _{x:0,y:1},
					  _{x:1,y:1},
					  _{x:2,y:1},
					  _{x:3,y:1},
					  _{x:4,y:1},
					  _{x:5,y:1},
					  _{x:0,y:2},
					  _{x:1,y:2},
					  _{x:2,y:2},
					  _{x:3,y:2},
					  _{x:4,y:2},
					  _{x:5,y:2},
					  _{x:0,y:3},
					  _{x:1,y:3},
					  _{x:2,y:3},
					  _{x:3,y:3},
					  _{x:4,y:3},
					  _{x:5,y:3},
					  _{x:0,y:4},
					  _{x:1,y:4},
					  _{x:2,y:4},
					  _{x:3,y:4},
					  _{x:4,y:4},
					  _{x:5,y:4},
					  _{x:0,y:5},
					  _{x:1,y:5},
					  _{x:2,y:5},
					  _{x:3,y:5},
					  _{x:4,y:5},
					  _{x:5,y:5}
					],
				  eat_exit:_{c:_{x:1,y:1},e:_{id:exit}},
				  eat_walls:[ _{ c:_{x:5,y:5},
						 w:_{id:wall20}
					       },
					      _{ c:_{x:4,y:5},
						 w:_{id:wall19}
					       },
					      _{ c:_{x:3,y:5},
						 w:_{id:wall18}
					       },
					      _{ c:_{x:2,y:5},
						 w:_{id:wall17}
					       },
					      _{ c:_{x:1,y:5},
						 w:_{id:wall16}
					       },
					      _{ c:_{x:0,y:5},
						 w:_{id:wall15}
					       },
					      _{ c:_{x:5,y:4},
						 w:_{id:wall14}
					       },
					      _{ c:_{x:0,y:4},
						 w:_{id:wall13}
					       },
					      _{ c:_{x:5,y:3},
						 w:_{id:wall12}
					       },
					      _{ c:_{x:0,y:3},
						 w:_{id:wall11}
					       },
					      _{ c:_{x:5,y:2},
						 w:_{id:wall10}
					       },
					      _{ c:_{x:0,y:2},
						 w:_{id:wall9}
					       },
					      _{ c:_{x:5,y:1},
						 w:_{id:wall8}
					       },
					      _{ c:_{x:0,y:1},
						 w:_{id:wall7}
					       },
					      _{ c:_{x:5,y:0},
						 w:_{id:wall6}
					       },
					      _{ c:_{x:4,y:0},
						 w:_{id:wall5}
					       },
					      _{ c:_{x:3,y:0},
						 w:_{id:wall4}
					       },
					      _{ c:_{x:2,y:0},
						 w:_{id:wall3}
					       },
					      _{ c:_{x:1,y:0},
						 w:_{id:wall2}
					       },
					      _{ c:_{x:0,y:0},
						 w:_{id:wall1}
					       }
					    ]
				},
	      certain_fluents:_{ alive:[_{id:hunter}],
				 dir:[_{d:north,h:_{id:hunter}}],
				 fat_gold:[],
				 fat_hunter:_{ c:_{x:2,y:2},
					       h:_{id:hunter}
					     },
				 game_state:running,
				 has_arrow:[ _{ a:_{id:arrow1},
						h:_{id:hunter}
					      }
					   ],
				 has_gold:[],
				 score:0,
				 visited:[ _{ from:_{x:2,y:1},
					      to:_{x:2,y:2}
					    },
					   _{ from:_{x:1,y:1},
					      to:_{x:2,y:1}
					    },
					   _{ from:_{x:1,y:2},
					      to:_{x:1,y:1}
					    },
					   _{ from:_{x:1,y:1},
					      to:_{x:1,y:2}
					    }
					 ]
			       },
	      step:0,
	      uncertain_eternals:_{ eat_pit:[ _{ c:_{x:3,y:1},
						 p:_{id:true}
					       },
					      _{ c:_{x:1,y:1},
						 p:_{id:false}
					       },
					      _{ c:_{x:2,y:1},
						 p:_{id:false}
					       },
					      _{ c:_{x:1,y:2},
						 p:_{id:false}
					       },
					      _{ c:_{x:2,y:2},
						 p:_{id:false}
					       },
					      _{ c:_{x:1,y:3},
						 p:_{id:false}
					       }
					    ],
				    eat_wumpus:[ _{ c:_{x:1,y:3},
						    w:_{id:true}
						  },
						 _{ c:_{x:1,y:1},
						    w:_{id:false}
						  },
						 _{ c:_{x:2,y:1},
						    w:_{id:false}
						  },
						 _{ c:_{x:1,y:2},
						    w:_{id:false}
						  },
						 _{ c:_{x:3,y:1},
						    w:_{id:false}
						  },
						 _{ c:_{x:2,y:2},
						    w:_{id:false}
						  }
					       ]
				  },
	      uncertain_fluents:_{fatal:[]}
	    },
   percepts:[]
 }
La valeur de AdjSansWumpus est : [_14396{x:2,y:3},_14414{x:3,y:2},_2538{x:1,y:2},_2500{x:2,y:1}]
Cases Auth est : [_14414{x:3,y:2},_14396{x:2,y:3}]
La valeur de X est : 2
La valeur de Y est : 3
completed(11, 0.07400214, 3284, 200, ok).
/*Sat Mar  9 15:20:53 2024*/ request(12, 1709994053.147, [peer(ip(127,0,0,1)),method(put),request_uri('/action'),path('/action'),http_version(1-1),host(localhost),port(8081),connection('keep-alive'),content_length(2605),sec_ch_ua('"Chromium";v="122", "Not(A:Brand";v="24", "Brave";v="122"'),sec_ch_ua_platform('"Linux"'),sec_ch_ua_mobile('?0'),user_agent('Mozilla/5.0 (X11; Linux x86_64) AppleWebKit/537.36 (KHTML, like Gecko) Chrome/122.0.0.0 Safari/537.36'),content_type('application/json'),sec_gpc('1'),origin('http://localhost:9000'),sec_fetch_site('same-site'),sec_fetch_mode(cors),sec_fetch_dest(empty),referer('http://localhost:9000/')]).
_{ beliefs:_{ certain_eternals:_{ cells:[ _{x:0,y:0},
					  _{x:1,y:0},
					  _{x:2,y:0},
					  _{x:3,y:0},
					  _{x:4,y:0},
					  _{x:5,y:0},
					  _{x:0,y:1},
					  _{x:1,y:1},
					  _{x:2,y:1},
					  _{x:3,y:1},
					  _{x:4,y:1},
					  _{x:5,y:1},
					  _{x:0,y:2},
					  _{x:1,y:2},
					  _{x:2,y:2},
					  _{x:3,y:2},
					  _{x:4,y:2},
					  _{x:5,y:2},
					  _{x:0,y:3},
					  _{x:1,y:3},
					  _{x:2,y:3},
					  _{x:3,y:3},
					  _{x:4,y:3},
					  _{x:5,y:3},
					  _{x:0,y:4},
					  _{x:1,y:4},
					  _{x:2,y:4},
					  _{x:3,y:4},
					  _{x:4,y:4},
					  _{x:5,y:4},
					  _{x:0,y:5},
					  _{x:1,y:5},
					  _{x:2,y:5},
					  _{x:3,y:5},
					  _{x:4,y:5},
					  _{x:5,y:5}
					],
				  eat_exit:_{c:_{x:1,y:1},e:_{id:exit}},
				  eat_walls:[ _{ c:_{x:5,y:5},
						 w:_{id:wall20}
					       },
					      _{ c:_{x:4,y:5},
						 w:_{id:wall19}
					       },
					      _{ c:_{x:3,y:5},
						 w:_{id:wall18}
					       },
					      _{ c:_{x:2,y:5},
						 w:_{id:wall17}
					       },
					      _{ c:_{x:1,y:5},
						 w:_{id:wall16}
					       },
					      _{ c:_{x:0,y:5},
						 w:_{id:wall15}
					       },
					      _{ c:_{x:5,y:4},
						 w:_{id:wall14}
					       },
					      _{ c:_{x:0,y:4},
						 w:_{id:wall13}
					       },
					      _{ c:_{x:5,y:3},
						 w:_{id:wall12}
					       },
					      _{ c:_{x:0,y:3},
						 w:_{id:wall11}
					       },
					      _{ c:_{x:5,y:2},
						 w:_{id:wall10}
					       },
					      _{ c:_{x:0,y:2},
						 w:_{id:wall9}
					       },
					      _{ c:_{x:5,y:1},
						 w:_{id:wall8}
					       },
					      _{ c:_{x:0,y:1},
						 w:_{id:wall7}
					       },
					      _{ c:_{x:5,y:0},
						 w:_{id:wall6}
					       },
					      _{ c:_{x:4,y:0},
						 w:_{id:wall5}
					       },
					      _{ c:_{x:3,y:0},
						 w:_{id:wall4}
					       },
					      _{ c:_{x:2,y:0},
						 w:_{id:wall3}
					       },
					      _{ c:_{x:1,y:0},
						 w:_{id:wall2}
					       },
					      _{ c:_{x:0,y:0},
						 w:_{id:wall1}
					       }
					    ]
				},
	      certain_fluents:_{ alive:[_{id:hunter}],
				 dir:[_{d:north,h:_{id:hunter}}],
				 fat_gold:[],
				 fat_hunter:_{ c:_{x:2,y:3},
					       h:_{id:hunter}
					     },
				 game_state:running,
				 has_arrow:[ _{ a:_{id:arrow1},
						h:_{id:hunter}
					      }
					   ],
				 has_gold:[],
				 score:0,
				 visited:[ _{ from:_{x:2,y:2},
					      to:_{x:2,y:3}
					    },
					   _{ from:_{x:2,y:1},
					      to:_{x:2,y:2}
					    },
					   _{ from:_{x:1,y:1},
					      to:_{x:2,y:1}
					    },
					   _{ from:_{x:1,y:2},
					      to:_{x:1,y:1}
					    },
					   _{ from:_{x:1,y:1},
					      to:_{x:1,y:2}
					    }
					 ]
			       },
	      step:0,
	      uncertain_eternals:_{ eat_pit:[ _{ c:_{x:3,y:1},
						 p:_{id:true}
					       },
					      _{ c:_{x:1,y:1},
						 p:_{id:false}
					       },
					      _{ c:_{x:2,y:1},
						 p:_{id:false}
					       },
					      _{ c:_{x:1,y:2},
						 p:_{id:false}
					       },
					      _{ c:_{x:2,y:2},
						 p:_{id:false}
					       },
					      _{ c:_{x:1,y:3},
						 p:_{id:false}
					       },
					      _{ c:_{x:3,y:2},
						 p:_{id:false}
					       },
					      _{ c:_{x:2,y:3},
						 p:_{id:false}
					       }
					    ],
				    eat_wumpus:[ _{ c:_{x:1,y:3},
						    w:_{id:true}
						  },
						 _{ c:_{x:1,y:1},
						    w:_{id:false}
						  },
						 _{ c:_{x:2,y:1},
						    w:_{id:false}
						  },
						 _{ c:_{x:1,y:2},
						    w:_{id:false}
						  },
						 _{ c:_{x:3,y:1},
						    w:_{id:false}
						  },
						 _{ c:_{x:2,y:2},
						    w:_{id:false}
						  },
						 _{ c:_{x:3,y:2},
						    w:_{id:false}
						  },
						 _{ c:_{x:2,y:3},
						    w:_{id:false}
						  }
					       ]
				  },
	      uncertain_fluents:_{fatal:[]}
	    },
   percepts:[glitter,breeze,stench]
 }
completed(12, 0.07004031100000001, 3488, 200, ok).
/*Sat Mar  9 15:20:55 2024*/ request(13, 1709994055.216, [peer(ip(127,0,0,1)),method(options),request_uri('/action'),path('/action'),http_version(1-1),host(localhost),port(8081),connection('keep-alive'),access_control_request_method('PUT'),access_control_request_headers('content-type'),origin('http://localhost:9000'),user_agent('Mozilla/5.0 (X11; Linux x86_64) AppleWebKit/537.36 (KHTML, like Gecko) Chrome/122.0.0.0 Safari/537.36'),sec_fetch_mode(cors),sec_fetch_site('same-site'),sec_fetch_dest(empty),referer('http://localhost:9000/')]).
completed(13, 0.006006766999999996, 0, 200, ok).
/*Sat Mar  9 15:20:55 2024*/ request(14, 1709994055.225, [peer(ip(127,0,0,1)),method(put),request_uri('/action'),path('/action'),http_version(1-1),host(localhost),port(8081),connection('keep-alive'),content_length(2741),sec_ch_ua('"Chromium";v="122", "Not(A:Brand";v="24", "Brave";v="122"'),sec_ch_ua_platform('"Linux"'),sec_ch_ua_mobile('?0'),user_agent('Mozilla/5.0 (X11; Linux x86_64) AppleWebKit/537.36 (KHTML, like Gecko) Chrome/122.0.0.0 Safari/537.36'),content_type('application/json'),sec_gpc('1'),origin('http://localhost:9000'),sec_fetch_site('same-site'),sec_fetch_mode(cors),sec_fetch_dest(empty),referer('http://localhost:9000/')]).
_{ beliefs:_{ certain_eternals:_{ cells:[ _{x:0,y:0},
					  _{x:1,y:0},
					  _{x:2,y:0},
					  _{x:3,y:0},
					  _{x:4,y:0},
					  _{x:5,y:0},
					  _{x:0,y:1},
					  _{x:1,y:1},
					  _{x:2,y:1},
					  _{x:3,y:1},
					  _{x:4,y:1},
					  _{x:5,y:1},
					  _{x:0,y:2},
					  _{x:1,y:2},
					  _{x:2,y:2},
					  _{x:3,y:2},
					  _{x:4,y:2},
					  _{x:5,y:2},
					  _{x:0,y:3},
					  _{x:1,y:3},
					  _{x:2,y:3},
					  _{x:3,y:3},
					  _{x:4,y:3},
					  _{x:5,y:3},
					  _{x:0,y:4},
					  _{x:1,y:4},
					  _{x:2,y:4},
					  _{x:3,y:4},
					  _{x:4,y:4},
					  _{x:5,y:4},
					  _{x:0,y:5},
					  _{x:1,y:5},
					  _{x:2,y:5},
					  _{x:3,y:5},
					  _{x:4,y:5},
					  _{x:5,y:5}
					],
				  eat_exit:_{c:_{x:1,y:1},e:_{id:exit}},
				  eat_walls:[ _{ c:_{x:5,y:5},
						 w:_{id:wall20}
					       },
					      _{ c:_{x:4,y:5},
						 w:_{id:wall19}
					       },
					      _{ c:_{x:3,y:5},
						 w:_{id:wall18}
					       },
					      _{ c:_{x:2,y:5},
						 w:_{id:wall17}
					       },
					      _{ c:_{x:1,y:5},
						 w:_{id:wall16}
					       },
					      _{ c:_{x:0,y:5},
						 w:_{id:wall15}
					       },
					      _{ c:_{x:5,y:4},
						 w:_{id:wall14}
					       },
					      _{ c:_{x:0,y:4},
						 w:_{id:wall13}
					       },
					      _{ c:_{x:5,y:3},
						 w:_{id:wall12}
					       },
					      _{ c:_{x:0,y:3},
						 w:_{id:wall11}
					       },
					      _{ c:_{x:5,y:2},
						 w:_{id:wall10}
					       },
					      _{ c:_{x:0,y:2},
						 w:_{id:wall9}
					       },
					      _{ c:_{x:5,y:1},
						 w:_{id:wall8}
					       },
					      _{ c:_{x:0,y:1},
						 w:_{id:wall7}
					       },
					      _{ c:_{x:5,y:0},
						 w:_{id:wall6}
					       },
					      _{ c:_{x:4,y:0},
						 w:_{id:wall5}
					       },
					      _{ c:_{x:3,y:0},
						 w:_{id:wall4}
					       },
					      _{ c:_{x:2,y:0},
						 w:_{id:wall3}
					       },
					      _{ c:_{x:1,y:0},
						 w:_{id:wall2}
					       },
					      _{ c:_{x:0,y:0},
						 w:_{id:wall1}
					       }
					    ]
				},
	      certain_fluents:_{ alive:[_{id:hunter}],
				 dir:[_{d:north,h:_{id:hunter}}],
				 fat_gold:[],
				 fat_hunter:_{ c:_{x:2,y:3},
					       h:_{id:hunter}
					     },
				 game_state:running,
				 has_arrow:[ _{ a:_{id:arrow1},
						h:_{id:hunter}
					      }
					   ],
				 has_gold:true,
				 score:0,
				 visited:[ _{ from:_{x:2,y:2},
					      to:_{x:2,y:3}
					    },
					   _{ from:_{x:2,y:1},
					      to:_{x:2,y:2}
					    },
					   _{ from:_{x:1,y:1},
					      to:_{x:2,y:1}
					    },
					   _{ from:_{x:1,y:2},
					      to:_{x:1,y:1}
					    },
					   _{ from:_{x:1,y:1},
					      to:_{x:1,y:2}
					    }
					 ]
			       },
	      step:0,
	      uncertain_eternals:_{ eat_pit:[ _{ c:_{x:3,y:1},
						 p:_{id:true}
					       },
					      _{ c:_{x:2,y:4},
						 p:_{id:true}
					       },
					      _{ c:_{x:3,y:3},
						 p:_{id:true}
					       },
					      _{ c:_{x:1,y:1},
						 p:_{id:false}
					       },
					      _{ c:_{x:2,y:1},
						 p:_{id:false}
					       },
					      _{ c:_{x:1,y:2},
						 p:_{id:false}
					       },
					      _{ c:_{x:2,y:2},
						 p:_{id:false}
					       },
					      _{ c:_{x:1,y:3},
						 p:_{id:false}
					       },
					      _{ c:_{x:3,y:2},
						 p:_{id:false}
					       },
					      _{ c:_{x:2,y:3},
						 p:_{id:false}
					       }
					    ],
				    eat_wumpus:[ _{ c:_{x:1,y:3},
						    w:_{id:true}
						  },
						 _{ c:_{x:2,y:4},
						    w:_{id:true}
						  },
						 _{ c:_{x:3,y:3},
						    w:_{id:true}
						  },
						 _{ c:_{x:1,y:1},
						    w:_{id:false}
						  },
						 _{ c:_{x:2,y:1},
						    w:_{id:false}
						  },
						 _{ c:_{x:1,y:2},
						    w:_{id:false}
						  },
						 _{ c:_{x:3,y:1},
						    w:_{id:false}
						  },
						 _{ c:_{x:2,y:2},
						    w:_{id:false}
						  },
						 _{ c:_{x:3,y:2},
						    w:_{id:false}
						  },
						 _{ c:_{x:2,y:3},
						    w:_{id:false}
						  }
					       ]
				  },
	      uncertain_fluents:_{fatal:[]}
	    },
   percepts:[breeze,stench]
 }
La valeur de Case est : _2216{x:2,y:2}
La valeur de Action est : right
completed(14, 0.05895391100000001, 3477, 200, ok).
/*Sat Mar  9 15:20:56 2024*/ request(15, 1709994056.401, [peer(ip(127,0,0,1)),method(put),request_uri('/action'),path('/action'),http_version(1-1),host(localhost),port(8081),connection('keep-alive'),content_length(2740),sec_ch_ua('"Chromium";v="122", "Not(A:Brand";v="24", "Brave";v="122"'),sec_ch_ua_platform('"Linux"'),sec_ch_ua_mobile('?0'),user_agent('Mozilla/5.0 (X11; Linux x86_64) AppleWebKit/537.36 (KHTML, like Gecko) Chrome/122.0.0.0 Safari/537.36'),content_type('application/json'),sec_gpc('1'),origin('http://localhost:9000'),sec_fetch_site('same-site'),sec_fetch_mode(cors),sec_fetch_dest(empty),referer('http://localhost:9000/')]).
_{ beliefs:_{ certain_eternals:_{ cells:[ _{x:0,y:0},
					  _{x:1,y:0},
					  _{x:2,y:0},
					  _{x:3,y:0},
					  _{x:4,y:0},
					  _{x:5,y:0},
					  _{x:0,y:1},
					  _{x:1,y:1},
					  _{x:2,y:1},
					  _{x:3,y:1},
					  _{x:4,y:1},
					  _{x:5,y:1},
					  _{x:0,y:2},
					  _{x:1,y:2},
					  _{x:2,y:2},
					  _{x:3,y:2},
					  _{x:4,y:2},
					  _{x:5,y:2},
					  _{x:0,y:3},
					  _{x:1,y:3},
					  _{x:2,y:3},
					  _{x:3,y:3},
					  _{x:4,y:3},
					  _{x:5,y:3},
					  _{x:0,y:4},
					  _{x:1,y:4},
					  _{x:2,y:4},
					  _{x:3,y:4},
					  _{x:4,y:4},
					  _{x:5,y:4},
					  _{x:0,y:5},
					  _{x:1,y:5},
					  _{x:2,y:5},
					  _{x:3,y:5},
					  _{x:4,y:5},
					  _{x:5,y:5}
					],
				  eat_exit:_{c:_{x:1,y:1},e:_{id:exit}},
				  eat_walls:[ _{ c:_{x:5,y:5},
						 w:_{id:wall20}
					       },
					      _{ c:_{x:4,y:5},
						 w:_{id:wall19}
					       },
					      _{ c:_{x:3,y:5},
						 w:_{id:wall18}
					       },
					      _{ c:_{x:2,y:5},
						 w:_{id:wall17}
					       },
					      _{ c:_{x:1,y:5},
						 w:_{id:wall16}
					       },
					      _{ c:_{x:0,y:5},
						 w:_{id:wall15}
					       },
					      _{ c:_{x:5,y:4},
						 w:_{id:wall14}
					       },
					      _{ c:_{x:0,y:4},
						 w:_{id:wall13}
					       },
					      _{ c:_{x:5,y:3},
						 w:_{id:wall12}
					       },
					      _{ c:_{x:0,y:3},
						 w:_{id:wall11}
					       },
					      _{ c:_{x:5,y:2},
						 w:_{id:wall10}
					       },
					      _{ c:_{x:0,y:2},
						 w:_{id:wall9}
					       },
					      _{ c:_{x:5,y:1},
						 w:_{id:wall8}
					       },
					      _{ c:_{x:0,y:1},
						 w:_{id:wall7}
					       },
					      _{ c:_{x:5,y:0},
						 w:_{id:wall6}
					       },
					      _{ c:_{x:4,y:0},
						 w:_{id:wall5}
					       },
					      _{ c:_{x:3,y:0},
						 w:_{id:wall4}
					       },
					      _{ c:_{x:2,y:0},
						 w:_{id:wall3}
					       },
					      _{ c:_{x:1,y:0},
						 w:_{id:wall2}
					       },
					      _{ c:_{x:0,y:0},
						 w:_{id:wall1}
					       }
					    ]
				},
	      certain_fluents:_{ alive:[_{id:hunter}],
				 dir:[_{d:east,h:_{id:hunter}}],
				 fat_gold:[],
				 fat_hunter:_{ c:_{x:2,y:3},
					       h:_{id:hunter}
					     },
				 game_state:running,
				 has_arrow:[ _{ a:_{id:arrow1},
						h:_{id:hunter}
					      }
					   ],
				 has_gold:true,
				 score:0,
				 visited:[ _{ from:_{x:2,y:2},
					      to:_{x:2,y:3}
					    },
					   _{ from:_{x:2,y:1},
					      to:_{x:2,y:2}
					    },
					   _{ from:_{x:1,y:1},
					      to:_{x:2,y:1}
					    },
					   _{ from:_{x:1,y:2},
					      to:_{x:1,y:1}
					    },
					   _{ from:_{x:1,y:1},
					      to:_{x:1,y:2}
					    }
					 ]
			       },
	      step:0,
	      uncertain_eternals:_{ eat_pit:[ _{ c:_{x:3,y:1},
						 p:_{id:true}
					       },
					      _{ c:_{x:2,y:4},
						 p:_{id:true}
					       },
					      _{ c:_{x:3,y:3},
						 p:_{id:true}
					       },
					      _{ c:_{x:1,y:1},
						 p:_{id:false}
					       },
					      _{ c:_{x:2,y:1},
						 p:_{id:false}
					       },
					      _{ c:_{x:1,y:2},
						 p:_{id:false}
					       },
					      _{ c:_{x:2,y:2},
						 p:_{id:false}
					       },
					      _{ c:_{x:1,y:3},
						 p:_{id:false}
					       },
					      _{ c:_{x:3,y:2},
						 p:_{id:false}
					       },
					      _{ c:_{x:2,y:3},
						 p:_{id:false}
					       }
					    ],
				    eat_wumpus:[ _{ c:_{x:1,y:3},
						    w:_{id:true}
						  },
						 _{ c:_{x:2,y:4},
						    w:_{id:true}
						  },
						 _{ c:_{x:3,y:3},
						    w:_{id:true}
						  },
						 _{ c:_{x:1,y:1},
						    w:_{id:false}
						  },
						 _{ c:_{x:2,y:1},
						    w:_{id:false}
						  },
						 _{ c:_{x:1,y:2},
						    w:_{id:false}
						  },
						 _{ c:_{x:3,y:1},
						    w:_{id:false}
						  },
						 _{ c:_{x:2,y:2},
						    w:_{id:false}
						  },
						 _{ c:_{x:3,y:2},
						    w:_{id:false}
						  },
						 _{ c:_{x:2,y:3},
						    w:_{id:false}
						  }
					       ]
				  },
	      uncertain_fluents:_{fatal:[]}
	    },
   percepts:[breeze,stench]
 }
La valeur de Case est : _2224{x:2,y:2}
La valeur de Action est : right
completed(15, 0.063785454, 3478, 200, ok).
/*Sat Mar  9 15:20:57 2024*/ request(16, 1709994057.650, [peer(ip(127,0,0,1)),method(put),request_uri('/action'),path('/action'),http_version(1-1),host(localhost),port(8081),connection('keep-alive'),content_length(2741),sec_ch_ua('"Chromium";v="122", "Not(A:Brand";v="24", "Brave";v="122"'),sec_ch_ua_platform('"Linux"'),sec_ch_ua_mobile('?0'),user_agent('Mozilla/5.0 (X11; Linux x86_64) AppleWebKit/537.36 (KHTML, like Gecko) Chrome/122.0.0.0 Safari/537.36'),content_type('application/json'),sec_gpc('1'),origin('http://localhost:9000'),sec_fetch_site('same-site'),sec_fetch_mode(cors),sec_fetch_dest(empty),referer('http://localhost:9000/')]).
_{ beliefs:_{ certain_eternals:_{ cells:[ _{x:0,y:0},
					  _{x:1,y:0},
					  _{x:2,y:0},
					  _{x:3,y:0},
					  _{x:4,y:0},
					  _{x:5,y:0},
					  _{x:0,y:1},
					  _{x:1,y:1},
					  _{x:2,y:1},
					  _{x:3,y:1},
					  _{x:4,y:1},
					  _{x:5,y:1},
					  _{x:0,y:2},
					  _{x:1,y:2},
					  _{x:2,y:2},
					  _{x:3,y:2},
					  _{x:4,y:2},
					  _{x:5,y:2},
					  _{x:0,y:3},
					  _{x:1,y:3},
					  _{x:2,y:3},
					  _{x:3,y:3},
					  _{x:4,y:3},
					  _{x:5,y:3},
					  _{x:0,y:4},
					  _{x:1,y:4},
					  _{x:2,y:4},
					  _{x:3,y:4},
					  _{x:4,y:4},
					  _{x:5,y:4},
					  _{x:0,y:5},
					  _{x:1,y:5},
					  _{x:2,y:5},
					  _{x:3,y:5},
					  _{x:4,y:5},
					  _{x:5,y:5}
					],
				  eat_exit:_{c:_{x:1,y:1},e:_{id:exit}},
				  eat_walls:[ _{ c:_{x:5,y:5},
						 w:_{id:wall20}
					       },
					      _{ c:_{x:4,y:5},
						 w:_{id:wall19}
					       },
					      _{ c:_{x:3,y:5},
						 w:_{id:wall18}
					       },
					      _{ c:_{x:2,y:5},
						 w:_{id:wall17}
					       },
					      _{ c:_{x:1,y:5},
						 w:_{id:wall16}
					       },
					      _{ c:_{x:0,y:5},
						 w:_{id:wall15}
					       },
					      _{ c:_{x:5,y:4},
						 w:_{id:wall14}
					       },
					      _{ c:_{x:0,y:4},
						 w:_{id:wall13}
					       },
					      _{ c:_{x:5,y:3},
						 w:_{id:wall12}
					       },
					      _{ c:_{x:0,y:3},
						 w:_{id:wall11}
					       },
					      _{ c:_{x:5,y:2},
						 w:_{id:wall10}
					       },
					      _{ c:_{x:0,y:2},
						 w:_{id:wall9}
					       },
					      _{ c:_{x:5,y:1},
						 w:_{id:wall8}
					       },
					      _{ c:_{x:0,y:1},
						 w:_{id:wall7}
					       },
					      _{ c:_{x:5,y:0},
						 w:_{id:wall6}
					       },
					      _{ c:_{x:4,y:0},
						 w:_{id:wall5}
					       },
					      _{ c:_{x:3,y:0},
						 w:_{id:wall4}
					       },
					      _{ c:_{x:2,y:0},
						 w:_{id:wall3}
					       },
					      _{ c:_{x:1,y:0},
						 w:_{id:wall2}
					       },
					      _{ c:_{x:0,y:0},
						 w:_{id:wall1}
					       }
					    ]
				},
	      certain_fluents:_{ alive:[_{id:hunter}],
				 dir:[_{d:south,h:_{id:hunter}}],
				 fat_gold:[],
				 fat_hunter:_{ c:_{x:2,y:3},
					       h:_{id:hunter}
					     },
				 game_state:running,
				 has_arrow:[ _{ a:_{id:arrow1},
						h:_{id:hunter}
					      }
					   ],
				 has_gold:true,
				 score:0,
				 visited:[ _{ from:_{x:2,y:2},
					      to:_{x:2,y:3}
					    },
					   _{ from:_{x:2,y:1},
					      to:_{x:2,y:2}
					    },
					   _{ from:_{x:1,y:1},
					      to:_{x:2,y:1}
					    },
					   _{ from:_{x:1,y:2},
					      to:_{x:1,y:1}
					    },
					   _{ from:_{x:1,y:1},
					      to:_{x:1,y:2}
					    }
					 ]
			       },
	      step:0,
	      uncertain_eternals:_{ eat_pit:[ _{ c:_{x:3,y:1},
						 p:_{id:true}
					       },
					      _{ c:_{x:2,y:4},
						 p:_{id:true}
					       },
					      _{ c:_{x:3,y:3},
						 p:_{id:true}
					       },
					      _{ c:_{x:1,y:1},
						 p:_{id:false}
					       },
					      _{ c:_{x:2,y:1},
						 p:_{id:false}
					       },
					      _{ c:_{x:1,y:2},
						 p:_{id:false}
					       },
					      _{ c:_{x:2,y:2},
						 p:_{id:false}
					       },
					      _{ c:_{x:1,y:3},
						 p:_{id:false}
					       },
					      _{ c:_{x:3,y:2},
						 p:_{id:false}
					       },
					      _{ c:_{x:2,y:3},
						 p:_{id:false}
					       }
					    ],
				    eat_wumpus:[ _{ c:_{x:1,y:3},
						    w:_{id:true}
						  },
						 _{ c:_{x:2,y:4},
						    w:_{id:true}
						  },
						 _{ c:_{x:3,y:3},
						    w:_{id:true}
						  },
						 _{ c:_{x:1,y:1},
						    w:_{id:false}
						  },
						 _{ c:_{x:2,y:1},
						    w:_{id:false}
						  },
						 _{ c:_{x:1,y:2},
						    w:_{id:false}
						  },
						 _{ c:_{x:3,y:1},
						    w:_{id:false}
						  },
						 _{ c:_{x:2,y:2},
						    w:_{id:false}
						  },
						 _{ c:_{x:3,y:2},
						    w:_{id:false}
						  },
						 _{ c:_{x:2,y:3},
						    w:_{id:false}
						  }
					       ]
				  },
	      uncertain_fluents:_{fatal:[]}
	    },
   percepts:[breeze,stench]
 }
La valeur de Case est : _2218{x:2,y:2}
La valeur de Action est : forward
completed(16, 0.06424679, 3429, 200, ok).
/*Sat Mar  9 15:20:58 2024*/ request(17, 1709994058.750, [peer(ip(127,0,0,1)),method(put),request_uri('/action'),path('/action'),http_version(1-1),host(localhost),port(8081),connection('keep-alive'),content_length(2682),sec_ch_ua('"Chromium";v="122", "Not(A:Brand";v="24", "Brave";v="122"'),sec_ch_ua_platform('"Linux"'),sec_ch_ua_mobile('?0'),user_agent('Mozilla/5.0 (X11; Linux x86_64) AppleWebKit/537.36 (KHTML, like Gecko) Chrome/122.0.0.0 Safari/537.36'),content_type('application/json'),sec_gpc('1'),origin('http://localhost:9000'),sec_fetch_site('same-site'),sec_fetch_mode(cors),sec_fetch_dest(empty),referer('http://localhost:9000/')]).
_{ beliefs:_{ certain_eternals:_{ cells:[ _{x:0,y:0},
					  _{x:1,y:0},
					  _{x:2,y:0},
					  _{x:3,y:0},
					  _{x:4,y:0},
					  _{x:5,y:0},
					  _{x:0,y:1},
					  _{x:1,y:1},
					  _{x:2,y:1},
					  _{x:3,y:1},
					  _{x:4,y:1},
					  _{x:5,y:1},
					  _{x:0,y:2},
					  _{x:1,y:2},
					  _{x:2,y:2},
					  _{x:3,y:2},
					  _{x:4,y:2},
					  _{x:5,y:2},
					  _{x:0,y:3},
					  _{x:1,y:3},
					  _{x:2,y:3},
					  _{x:3,y:3},
					  _{x:4,y:3},
					  _{x:5,y:3},
					  _{x:0,y:4},
					  _{x:1,y:4},
					  _{x:2,y:4},
					  _{x:3,y:4},
					  _{x:4,y:4},
					  _{x:5,y:4},
					  _{x:0,y:5},
					  _{x:1,y:5},
					  _{x:2,y:5},
					  _{x:3,y:5},
					  _{x:4,y:5},
					  _{x:5,y:5}
					],
				  eat_exit:_{c:_{x:1,y:1},e:_{id:exit}},
				  eat_walls:[ _{ c:_{x:5,y:5},
						 w:_{id:wall20}
					       },
					      _{ c:_{x:4,y:5},
						 w:_{id:wall19}
					       },
					      _{ c:_{x:3,y:5},
						 w:_{id:wall18}
					       },
					      _{ c:_{x:2,y:5},
						 w:_{id:wall17}
					       },
					      _{ c:_{x:1,y:5},
						 w:_{id:wall16}
					       },
					      _{ c:_{x:0,y:5},
						 w:_{id:wall15}
					       },
					      _{ c:_{x:5,y:4},
						 w:_{id:wall14}
					       },
					      _{ c:_{x:0,y:4},
						 w:_{id:wall13}
					       },
					      _{ c:_{x:5,y:3},
						 w:_{id:wall12}
					       },
					      _{ c:_{x:0,y:3},
						 w:_{id:wall11}
					       },
					      _{ c:_{x:5,y:2},
						 w:_{id:wall10}
					       },
					      _{ c:_{x:0,y:2},
						 w:_{id:wall9}
					       },
					      _{ c:_{x:5,y:1},
						 w:_{id:wall8}
					       },
					      _{ c:_{x:0,y:1},
						 w:_{id:wall7}
					       },
					      _{ c:_{x:5,y:0},
						 w:_{id:wall6}
					       },
					      _{ c:_{x:4,y:0},
						 w:_{id:wall5}
					       },
					      _{ c:_{x:3,y:0},
						 w:_{id:wall4}
					       },
					      _{ c:_{x:2,y:0},
						 w:_{id:wall3}
					       },
					      _{ c:_{x:1,y:0},
						 w:_{id:wall2}
					       },
					      _{ c:_{x:0,y:0},
						 w:_{id:wall1}
					       }
					    ]
				},
	      certain_fluents:_{ alive:[_{id:hunter}],
				 dir:[_{d:south,h:_{id:hunter}}],
				 fat_gold:[],
				 fat_hunter:_{ c:_{x:2,y:2},
					       h:_{id:hunter}
					     },
				 game_state:running,
				 has_arrow:[ _{ a:_{id:arrow1},
						h:_{id:hunter}
					      }
					   ],
				 has_gold:true,
				 score:0,
				 visited:[ _{ from:_{x:2,y:1},
					      to:_{x:2,y:2}
					    },
					   _{ from:_{x:1,y:1},
					      to:_{x:2,y:1}
					    },
					   _{ from:_{x:1,y:2},
					      to:_{x:1,y:1}
					    },
					   _{ from:_{x:1,y:1},
					      to:_{x:1,y:2}
					    }
					 ]
			       },
	      step:0,
	      uncertain_eternals:_{ eat_pit:[ _{ c:_{x:3,y:1},
						 p:_{id:true}
					       },
					      _{ c:_{x:2,y:4},
						 p:_{id:true}
					       },
					      _{ c:_{x:3,y:3},
						 p:_{id:true}
					       },
					      _{ c:_{x:1,y:1},
						 p:_{id:false}
					       },
					      _{ c:_{x:2,y:1},
						 p:_{id:false}
					       },
					      _{ c:_{x:1,y:2},
						 p:_{id:false}
					       },
					      _{ c:_{x:2,y:2},
						 p:_{id:false}
					       },
					      _{ c:_{x:1,y:3},
						 p:_{id:false}
					       },
					      _{ c:_{x:3,y:2},
						 p:_{id:false}
					       },
					      _{ c:_{x:2,y:3},
						 p:_{id:false}
					       }
					    ],
				    eat_wumpus:[ _{ c:_{x:1,y:3},
						    w:_{id:true}
						  },
						 _{ c:_{x:2,y:4},
						    w:_{id:true}
						  },
						 _{ c:_{x:3,y:3},
						    w:_{id:true}
						  },
						 _{ c:_{x:1,y:1},
						    w:_{id:false}
						  },
						 _{ c:_{x:2,y:1},
						    w:_{id:false}
						  },
						 _{ c:_{x:1,y:2},
						    w:_{id:false}
						  },
						 _{ c:_{x:3,y:1},
						    w:_{id:false}
						  },
						 _{ c:_{x:2,y:2},
						    w:_{id:false}
						  },
						 _{ c:_{x:3,y:2},
						    w:_{id:false}
						  },
						 _{ c:_{x:2,y:3},
						    w:_{id:false}
						  }
					       ]
				  },
	      uncertain_fluents:_{fatal:[]}
	    },
   percepts:[]
 }
La valeur de Case est : _2224{x:2,y:1}
La valeur de Action est : forward
completed(17, 0.050308611, 3359, 200, ok).
/*Sat Mar  9 15:21:04 2024*/ request(18, 1709994064.353, [peer(ip(127,0,0,1)),method(options),request_uri('/action'),path('/action'),http_version(1-1),host(localhost),port(8081),connection('keep-alive'),access_control_request_method('PUT'),access_control_request_headers('content-type'),origin('http://localhost:9000'),user_agent('Mozilla/5.0 (X11; Linux x86_64) AppleWebKit/537.36 (KHTML, like Gecko) Chrome/122.0.0.0 Safari/537.36'),sec_fetch_mode(cors),sec_fetch_site('same-site'),sec_fetch_dest(empty),referer('http://localhost:9000/')]).
completed(18, 0.0044931, 0, 200, ok).
/*Sat Mar  9 15:21:04 2024*/ request(19, 1709994064.361, [peer(ip(127,0,0,1)),method(put),request_uri('/action'),path('/action'),http_version(1-1),host(localhost),port(8081),connection('keep-alive'),content_length(2648),sec_ch_ua('"Chromium";v="122", "Not(A:Brand";v="24", "Brave";v="122"'),sec_ch_ua_platform('"Linux"'),sec_ch_ua_mobile('?0'),user_agent('Mozilla/5.0 (X11; Linux x86_64) AppleWebKit/537.36 (KHTML, like Gecko) Chrome/122.0.0.0 Safari/537.36'),content_type('application/json'),sec_gpc('1'),origin('http://localhost:9000'),sec_fetch_site('same-site'),sec_fetch_mode(cors),sec_fetch_dest(empty),referer('http://localhost:9000/')]).
_{ beliefs:_{ certain_eternals:_{ cells:[ _{x:0,y:0},
					  _{x:1,y:0},
					  _{x:2,y:0},
					  _{x:3,y:0},
					  _{x:4,y:0},
					  _{x:5,y:0},
					  _{x:0,y:1},
					  _{x:1,y:1},
					  _{x:2,y:1},
					  _{x:3,y:1},
					  _{x:4,y:1},
					  _{x:5,y:1},
					  _{x:0,y:2},
					  _{x:1,y:2},
					  _{x:2,y:2},
					  _{x:3,y:2},
					  _{x:4,y:2},
					  _{x:5,y:2},
					  _{x:0,y:3},
					  _{x:1,y:3},
					  _{x:2,y:3},
					  _{x:3,y:3},
					  _{x:4,y:3},
					  _{x:5,y:3},
					  _{x:0,y:4},
					  _{x:1,y:4},
					  _{x:2,y:4},
					  _{x:3,y:4},
					  _{x:4,y:4},
					  _{x:5,y:4},
					  _{x:0,y:5},
					  _{x:1,y:5},
					  _{x:2,y:5},
					  _{x:3,y:5},
					  _{x:4,y:5},
					  _{x:5,y:5}
					],
				  eat_exit:_{c:_{x:1,y:1},e:_{id:exit}},
				  eat_walls:[ _{ c:_{x:5,y:5},
						 w:_{id:wall20}
					       },
					      _{ c:_{x:4,y:5},
						 w:_{id:wall19}
					       },
					      _{ c:_{x:3,y:5},
						 w:_{id:wall18}
					       },
					      _{ c:_{x:2,y:5},
						 w:_{id:wall17}
					       },
					      _{ c:_{x:1,y:5},
						 w:_{id:wall16}
					       },
					      _{ c:_{x:0,y:5},
						 w:_{id:wall15}
					       },
					      _{ c:_{x:5,y:4},
						 w:_{id:wall14}
					       },
					      _{ c:_{x:0,y:4},
						 w:_{id:wall13}
					       },
					      _{ c:_{x:5,y:3},
						 w:_{id:wall12}
					       },
					      _{ c:_{x:0,y:3},
						 w:_{id:wall11}
					       },
					      _{ c:_{x:5,y:2},
						 w:_{id:wall10}
					       },
					      _{ c:_{x:0,y:2},
						 w:_{id:wall9}
					       },
					      _{ c:_{x:5,y:1},
						 w:_{id:wall8}
					       },
					      _{ c:_{x:0,y:1},
						 w:_{id:wall7}
					       },
					      _{ c:_{x:5,y:0},
						 w:_{id:wall6}
					       },
					      _{ c:_{x:4,y:0},
						 w:_{id:wall5}
					       },
					      _{ c:_{x:3,y:0},
						 w:_{id:wall4}
					       },
					      _{ c:_{x:2,y:0},
						 w:_{id:wall3}
					       },
					      _{ c:_{x:1,y:0},
						 w:_{id:wall2}
					       },
					      _{ c:_{x:0,y:0},
						 w:_{id:wall1}
					       }
					    ]
				},
	      certain_fluents:_{ alive:[_{id:hunter}],
				 dir:[_{d:south,h:_{id:hunter}}],
				 fat_gold:[],
				 fat_hunter:_{ c:_{x:2,y:1},
					       h:_{id:hunter}
					     },
				 game_state:running,
				 has_arrow:[ _{ a:_{id:arrow1},
						h:_{id:hunter}
					      }
					   ],
				 has_gold:true,
				 score:0,
				 visited:[ _{ from:_{x:1,y:1},
					      to:_{x:2,y:1}
					    },
					   _{ from:_{x:1,y:2},
					      to:_{x:1,y:1}
					    },
					   _{ from:_{x:1,y:1},
					      to:_{x:1,y:2}
					    }
					 ]
			       },
	      step:0,
	      uncertain_eternals:_{ eat_pit:[ _{ c:_{x:3,y:1},
						 p:_{id:true}
					       },
					      _{ c:_{x:2,y:4},
						 p:_{id:true}
					       },
					      _{ c:_{x:3,y:3},
						 p:_{id:true}
					       },
					      _{ c:_{x:1,y:1},
						 p:_{id:false}
					       },
					      _{ c:_{x:2,y:1},
						 p:_{id:false}
					       },
					      _{ c:_{x:1,y:2},
						 p:_{id:false}
					       },
					      _{ c:_{x:2,y:2},
						 p:_{id:false}
					       },
					      _{ c:_{x:1,y:3},
						 p:_{id:false}
					       },
					      _{ c:_{x:3,y:2},
						 p:_{id:false}
					       },
					      _{ c:_{x:2,y:3},
						 p:_{id:false}
					       }
					    ],
				    eat_wumpus:[ _{ c:_{x:1,y:3},
						    w:_{id:true}
						  },
						 _{ c:_{x:2,y:4},
						    w:_{id:true}
						  },
						 _{ c:_{x:3,y:3},
						    w:_{id:true}
						  },
						 _{ c:_{x:1,y:1},
						    w:_{id:false}
						  },
						 _{ c:_{x:2,y:1},
						    w:_{id:false}
						  },
						 _{ c:_{x:1,y:2},
						    w:_{id:false}
						  },
						 _{ c:_{x:3,y:1},
						    w:_{id:false}
						  },
						 _{ c:_{x:2,y:2},
						    w:_{id:false}
						  },
						 _{ c:_{x:3,y:2},
						    w:_{id:false}
						  },
						 _{ c:_{x:2,y:3},
						    w:_{id:false}
						  }
					       ]
				  },
	      uncertain_fluents:_{fatal:[]}
	    },
   percepts:[breeze]
 }
La valeur de Case est : _2224{x:1,y:1}
La valeur de Action est : right
completed(19, 0.07032186199999998, 3365, 200, ok).
/*Sat Mar  9 15:21:05 2024*/ request(20, 1709994065.979, [peer(ip(127,0,0,1)),method(put),request_uri('/action'),path('/action'),http_version(1-1),host(localhost),port(8081),connection('keep-alive'),content_length(2647),sec_ch_ua('"Chromium";v="122", "Not(A:Brand";v="24", "Brave";v="122"'),sec_ch_ua_platform('"Linux"'),sec_ch_ua_mobile('?0'),user_agent('Mozilla/5.0 (X11; Linux x86_64) AppleWebKit/537.36 (KHTML, like Gecko) Chrome/122.0.0.0 Safari/537.36'),content_type('application/json'),sec_gpc('1'),origin('http://localhost:9000'),sec_fetch_site('same-site'),sec_fetch_mode(cors),sec_fetch_dest(empty),referer('http://localhost:9000/')]).
_{ beliefs:_{ certain_eternals:_{ cells:[ _{x:0,y:0},
					  _{x:1,y:0},
					  _{x:2,y:0},
					  _{x:3,y:0},
					  _{x:4,y:0},
					  _{x:5,y:0},
					  _{x:0,y:1},
					  _{x:1,y:1},
					  _{x:2,y:1},
					  _{x:3,y:1},
					  _{x:4,y:1},
					  _{x:5,y:1},
					  _{x:0,y:2},
					  _{x:1,y:2},
					  _{x:2,y:2},
					  _{x:3,y:2},
					  _{x:4,y:2},
					  _{x:5,y:2},
					  _{x:0,y:3},
					  _{x:1,y:3},
					  _{x:2,y:3},
					  _{x:3,y:3},
					  _{x:4,y:3},
					  _{x:5,y:3},
					  _{x:0,y:4},
					  _{x:1,y:4},
					  _{x:2,y:4},
					  _{x:3,y:4},
					  _{x:4,y:4},
					  _{x:5,y:4},
					  _{x:0,y:5},
					  _{x:1,y:5},
					  _{x:2,y:5},
					  _{x:3,y:5},
					  _{x:4,y:5},
					  _{x:5,y:5}
					],
				  eat_exit:_{c:_{x:1,y:1},e:_{id:exit}},
				  eat_walls:[ _{ c:_{x:5,y:5},
						 w:_{id:wall20}
					       },
					      _{ c:_{x:4,y:5},
						 w:_{id:wall19}
					       },
					      _{ c:_{x:3,y:5},
						 w:_{id:wall18}
					       },
					      _{ c:_{x:2,y:5},
						 w:_{id:wall17}
					       },
					      _{ c:_{x:1,y:5},
						 w:_{id:wall16}
					       },
					      _{ c:_{x:0,y:5},
						 w:_{id:wall15}
					       },
					      _{ c:_{x:5,y:4},
						 w:_{id:wall14}
					       },
					      _{ c:_{x:0,y:4},
						 w:_{id:wall13}
					       },
					      _{ c:_{x:5,y:3},
						 w:_{id:wall12}
					       },
					      _{ c:_{x:0,y:3},
						 w:_{id:wall11}
					       },
					      _{ c:_{x:5,y:2},
						 w:_{id:wall10}
					       },
					      _{ c:_{x:0,y:2},
						 w:_{id:wall9}
					       },
					      _{ c:_{x:5,y:1},
						 w:_{id:wall8}
					       },
					      _{ c:_{x:0,y:1},
						 w:_{id:wall7}
					       },
					      _{ c:_{x:5,y:0},
						 w:_{id:wall6}
					       },
					      _{ c:_{x:4,y:0},
						 w:_{id:wall5}
					       },
					      _{ c:_{x:3,y:0},
						 w:_{id:wall4}
					       },
					      _{ c:_{x:2,y:0},
						 w:_{id:wall3}
					       },
					      _{ c:_{x:1,y:0},
						 w:_{id:wall2}
					       },
					      _{ c:_{x:0,y:0},
						 w:_{id:wall1}
					       }
					    ]
				},
	      certain_fluents:_{ alive:[_{id:hunter}],
				 dir:[_{d:west,h:_{id:hunter}}],
				 fat_gold:[],
				 fat_hunter:_{ c:_{x:2,y:1},
					       h:_{id:hunter}
					     },
				 game_state:running,
				 has_arrow:[ _{ a:_{id:arrow1},
						h:_{id:hunter}
					      }
					   ],
				 has_gold:true,
				 score:0,
				 visited:[ _{ from:_{x:1,y:1},
					      to:_{x:2,y:1}
					    },
					   _{ from:_{x:1,y:2},
					      to:_{x:1,y:1}
					    },
					   _{ from:_{x:1,y:1},
					      to:_{x:1,y:2}
					    }
					 ]
			       },
	      step:0,
	      uncertain_eternals:_{ eat_pit:[ _{ c:_{x:3,y:1},
						 p:_{id:true}
					       },
					      _{ c:_{x:2,y:4},
						 p:_{id:true}
					       },
					      _{ c:_{x:3,y:3},
						 p:_{id:true}
					       },
					      _{ c:_{x:1,y:1},
						 p:_{id:false}
					       },
					      _{ c:_{x:2,y:1},
						 p:_{id:false}
					       },
					      _{ c:_{x:1,y:2},
						 p:_{id:false}
					       },
					      _{ c:_{x:2,y:2},
						 p:_{id:false}
					       },
					      _{ c:_{x:1,y:3},
						 p:_{id:false}
					       },
					      _{ c:_{x:3,y:2},
						 p:_{id:false}
					       },
					      _{ c:_{x:2,y:3},
						 p:_{id:false}
					       }
					    ],
				    eat_wumpus:[ _{ c:_{x:1,y:3},
						    w:_{id:true}
						  },
						 _{ c:_{x:2,y:4},
						    w:_{id:true}
						  },
						 _{ c:_{x:3,y:3},
						    w:_{id:true}
						  },
						 _{ c:_{x:1,y:1},
						    w:_{id:false}
						  },
						 _{ c:_{x:2,y:1},
						    w:_{id:false}
						  },
						 _{ c:_{x:1,y:2},
						    w:_{id:false}
						  },
						 _{ c:_{x:3,y:1},
						    w:_{id:false}
						  },
						 _{ c:_{x:2,y:2},
						    w:_{id:false}
						  },
						 _{ c:_{x:3,y:2},
						    w:_{id:false}
						  },
						 _{ c:_{x:2,y:3},
						    w:_{id:false}
						  }
					       ]
				  },
	      uncertain_fluents:_{fatal:[]}
	    },
   percepts:[breeze]
 }
La valeur de Case est : _2216{x:1,y:1}
La valeur de Action est : forward
completed(20, 0.078420293, 3316, 200, ok).
/*Sat Mar  9 15:21:07 2024*/ request(21, 1709994067.375, [peer(ip(127,0,0,1)),method(put),request_uri('/action'),path('/action'),http_version(1-1),host(localhost),port(8081),connection('keep-alive'),content_length(2597),sec_ch_ua('"Chromium";v="122", "Not(A:Brand";v="24", "Brave";v="122"'),sec_ch_ua_platform('"Linux"'),sec_ch_ua_mobile('?0'),user_agent('Mozilla/5.0 (X11; Linux x86_64) AppleWebKit/537.36 (KHTML, like Gecko) Chrome/122.0.0.0 Safari/537.36'),content_type('application/json'),sec_gpc('1'),origin('http://localhost:9000'),sec_fetch_site('same-site'),sec_fetch_mode(cors),sec_fetch_dest(empty),referer('http://localhost:9000/')]).
_{ beliefs:_{ certain_eternals:_{ cells:[ _{x:0,y:0},
					  _{x:1,y:0},
					  _{x:2,y:0},
					  _{x:3,y:0},
					  _{x:4,y:0},
					  _{x:5,y:0},
					  _{x:0,y:1},
					  _{x:1,y:1},
					  _{x:2,y:1},
					  _{x:3,y:1},
					  _{x:4,y:1},
					  _{x:5,y:1},
					  _{x:0,y:2},
					  _{x:1,y:2},
					  _{x:2,y:2},
					  _{x:3,y:2},
					  _{x:4,y:2},
					  _{x:5,y:2},
					  _{x:0,y:3},
					  _{x:1,y:3},
					  _{x:2,y:3},
					  _{x:3,y:3},
					  _{x:4,y:3},
					  _{x:5,y:3},
					  _{x:0,y:4},
					  _{x:1,y:4},
					  _{x:2,y:4},
					  _{x:3,y:4},
					  _{x:4,y:4},
					  _{x:5,y:4},
					  _{x:0,y:5},
					  _{x:1,y:5},
					  _{x:2,y:5},
					  _{x:3,y:5},
					  _{x:4,y:5},
					  _{x:5,y:5}
					],
				  eat_exit:_{c:_{x:1,y:1},e:_{id:exit}},
				  eat_walls:[ _{ c:_{x:5,y:5},
						 w:_{id:wall20}
					       },
					      _{ c:_{x:4,y:5},
						 w:_{id:wall19}
					       },
					      _{ c:_{x:3,y:5},
						 w:_{id:wall18}
					       },
					      _{ c:_{x:2,y:5},
						 w:_{id:wall17}
					       },
					      _{ c:_{x:1,y:5},
						 w:_{id:wall16}
					       },
					      _{ c:_{x:0,y:5},
						 w:_{id:wall15}
					       },
					      _{ c:_{x:5,y:4},
						 w:_{id:wall14}
					       },
					      _{ c:_{x:0,y:4},
						 w:_{id:wall13}
					       },
					      _{ c:_{x:5,y:3},
						 w:_{id:wall12}
					       },
					      _{ c:_{x:0,y:3},
						 w:_{id:wall11}
					       },
					      _{ c:_{x:5,y:2},
						 w:_{id:wall10}
					       },
					      _{ c:_{x:0,y:2},
						 w:_{id:wall9}
					       },
					      _{ c:_{x:5,y:1},
						 w:_{id:wall8}
					       },
					      _{ c:_{x:0,y:1},
						 w:_{id:wall7}
					       },
					      _{ c:_{x:5,y:0},
						 w:_{id:wall6}
					       },
					      _{ c:_{x:4,y:0},
						 w:_{id:wall5}
					       },
					      _{ c:_{x:3,y:0},
						 w:_{id:wall4}
					       },
					      _{ c:_{x:2,y:0},
						 w:_{id:wall3}
					       },
					      _{ c:_{x:1,y:0},
						 w:_{id:wall2}
					       },
					      _{ c:_{x:0,y:0},
						 w:_{id:wall1}
					       }
					    ]
				},
	      certain_fluents:_{ alive:[_{id:hunter}],
				 dir:[_{d:west,h:_{id:hunter}}],
				 fat_gold:[],
				 fat_hunter:_{ c:_{x:1,y:1},
					       h:_{id:hunter}
					     },
				 game_state:running,
				 has_arrow:[ _{ a:_{id:arrow1},
						h:_{id:hunter}
					      }
					   ],
				 has_gold:true,
				 score:0,
				 visited:[ _{ from:_{x:1,y:2},
					      to:_{x:1,y:1}
					    },
					   _{ from:_{x:1,y:1},
					      to:_{x:1,y:2}
					    }
					 ]
			       },
	      step:0,
	      uncertain_eternals:_{ eat_pit:[ _{ c:_{x:3,y:1},
						 p:_{id:true}
					       },
					      _{ c:_{x:2,y:4},
						 p:_{id:true}
					       },
					      _{ c:_{x:3,y:3},
						 p:_{id:true}
					       },
					      _{ c:_{x:1,y:1},
						 p:_{id:false}
					       },
					      _{ c:_{x:2,y:1},
						 p:_{id:false}
					       },
					      _{ c:_{x:1,y:2},
						 p:_{id:false}
					       },
					      _{ c:_{x:2,y:2},
						 p:_{id:false}
					       },
					      _{ c:_{x:1,y:3},
						 p:_{id:false}
					       },
					      _{ c:_{x:3,y:2},
						 p:_{id:false}
					       },
					      _{ c:_{x:2,y:3},
						 p:_{id:false}
					       }
					    ],
				    eat_wumpus:[ _{ c:_{x:1,y:3},
						    w:_{id:true}
						  },
						 _{ c:_{x:2,y:4},
						    w:_{id:true}
						  },
						 _{ c:_{x:3,y:3},
						    w:_{id:true}
						  },
						 _{ c:_{x:1,y:1},
						    w:_{id:false}
						  },
						 _{ c:_{x:2,y:1},
						    w:_{id:false}
						  },
						 _{ c:_{x:1,y:2},
						    w:_{id:false}
						  },
						 _{ c:_{x:3,y:1},
						    w:_{id:false}
						  },
						 _{ c:_{x:2,y:2},
						    w:_{id:false}
						  },
						 _{ c:_{x:3,y:2},
						    w:_{id:false}
						  },
						 _{ c:_{x:2,y:3},
						    w:_{id:false}
						  }
					       ]
				  },
	      uncertain_fluents:_{fatal:[]}
	    },
   percepts:[]
 }
La valeur de Case est : _2218{x:1,y:2}
La valeur de Action est : climb
completed(21, 0.07943793799999999, 3305, 200, ok).
server(stopped, 1709994204).
server(started, 1709994206).
/*Sat Mar  9 15:23:28 2024*/ request(1, 1709994208.208, [peer(ip(127,0,0,1)),method(options),request_uri('/action'),path('/action'),http_version(1-1),host(localhost),port(8081),connection('keep-alive'),access_control_request_method('PUT'),access_control_request_headers('content-type'),origin('http://localhost:9000'),user_agent('Mozilla/5.0 (X11; Linux x86_64) AppleWebKit/537.36 (KHTML, like Gecko) Chrome/122.0.0.0 Safari/537.36'),sec_fetch_mode(cors),sec_fetch_site('same-site'),sec_fetch_dest(empty),referer('http://localhost:9000/')]).
completed(1, 0.035689927999999996, 0, 200, ok).
/*Sat Mar  9 15:23:28 2024*/ request(2, 1709994208.216, [peer(ip(127,0,0,1)),method(put),request_uri('/action'),path('/action'),http_version(1-1),host(localhost),port(8081),connection('keep-alive'),content_length(1781),sec_ch_ua('"Chromium";v="122", "Not(A:Brand";v="24", "Brave";v="122"'),sec_ch_ua_platform('"Linux"'),sec_ch_ua_mobile('?0'),user_agent('Mozilla/5.0 (X11; Linux x86_64) AppleWebKit/537.36 (KHTML, like Gecko) Chrome/122.0.0.0 Safari/537.36'),content_type('application/json'),sec_gpc('1'),origin('http://localhost:9000'),sec_fetch_site('same-site'),sec_fetch_mode(cors),sec_fetch_dest(empty),referer('http://localhost:9000/')]).
_{ beliefs:_{ certain_eternals:_{ cells:[ _{x:0,y:0},
					  _{x:1,y:0},
					  _{x:2,y:0},
					  _{x:3,y:0},
					  _{x:4,y:0},
					  _{x:5,y:0},
					  _{x:0,y:1},
					  _{x:1,y:1},
					  _{x:2,y:1},
					  _{x:3,y:1},
					  _{x:4,y:1},
					  _{x:5,y:1},
					  _{x:0,y:2},
					  _{x:1,y:2},
					  _{x:2,y:2},
					  _{x:3,y:2},
					  _{x:4,y:2},
					  _{x:5,y:2},
					  _{x:0,y:3},
					  _{x:1,y:3},
					  _{x:2,y:3},
					  _{x:3,y:3},
					  _{x:4,y:3},
					  _{x:5,y:3},
					  _{x:0,y:4},
					  _{x:1,y:4},
					  _{x:2,y:4},
					  _{x:3,y:4},
					  _{x:4,y:4},
					  _{x:5,y:4},
					  _{x:0,y:5},
					  _{x:1,y:5},
					  _{x:2,y:5},
					  _{x:3,y:5},
					  _{x:4,y:5},
					  _{x:5,y:5}
					],
				  eat_exit:_{c:_{x:1,y:1},e:_{id:exit}},
				  eat_walls:[ _{ c:_{x:5,y:5},
						 w:_{id:wall20}
					       },
					      _{ c:_{x:4,y:5},
						 w:_{id:wall19}
					       },
					      _{ c:_{x:3,y:5},
						 w:_{id:wall18}
					       },
					      _{ c:_{x:2,y:5},
						 w:_{id:wall17}
					       },
					      _{ c:_{x:1,y:5},
						 w:_{id:wall16}
					       },
					      _{ c:_{x:0,y:5},
						 w:_{id:wall15}
					       },
					      _{ c:_{x:5,y:4},
						 w:_{id:wall14}
					       },
					      _{ c:_{x:0,y:4},
						 w:_{id:wall13}
					       },
					      _{ c:_{x:5,y:3},
						 w:_{id:wall12}
					       },
					      _{ c:_{x:0,y:3},
						 w:_{id:wall11}
					       },
					      _{ c:_{x:5,y:2},
						 w:_{id:wall10}
					       },
					      _{ c:_{x:0,y:2},
						 w:_{id:wall9}
					       },
					      _{ c:_{x:5,y:1},
						 w:_{id:wall8}
					       },
					      _{ c:_{x:0,y:1},
						 w:_{id:wall7}
					       },
					      _{ c:_{x:5,y:0},
						 w:_{id:wall6}
					       },
					      _{ c:_{x:4,y:0},
						 w:_{id:wall5}
					       },
					      _{ c:_{x:3,y:0},
						 w:_{id:wall4}
					       },
					      _{ c:_{x:2,y:0},
						 w:_{id:wall3}
					       },
					      _{ c:_{x:1,y:0},
						 w:_{id:wall2}
					       },
					      _{ c:_{x:0,y:0},
						 w:_{id:wall1}
					       }
					    ]
				},
	      certain_fluents:_{ alive:[_{id:hunter}],
				 dir:[_{d:north,h:_{id:hunter}}],
				 fat_gold:[],
				 fat_hunter:_{ c:_{x:1,y:1},
					       h:_{id:hunter}
					     },
				 game_state:running,
				 has_arrow:[ _{ a:_{id:arrow1},
						h:_{id:hunter}
					      }
					   ],
				 has_gold:[],
				 score:0,
				 visited:[]
			       },
	      step:0,
	      uncertain_eternals:_{eat_pit:[],eat_wumpus:[]},
	      uncertain_fluents:_{fatal:[]}
	    },
   percepts:[]
 }
La valeur de AdjSansWumpus est : [_25080{x:1,y:2},_25098{x:2,y:1}]
Cases Auth est : [_25080{x:1,y:2},_25098{x:2,y:1}]
La valeur de X est : 1
La valeur de Y est : 2
completed(2, 0.056335306, 2628, 200, ok).
/*Sat Mar  9 15:23:29 2024*/ request(3, 1709994209.462, [peer(ip(127,0,0,1)),method(put),request_uri('/action'),path('/action'),http_version(1-1),host(localhost),port(8081),connection('keep-alive'),content_length(2050),sec_ch_ua('"Chromium";v="122", "Not(A:Brand";v="24", "Brave";v="122"'),sec_ch_ua_platform('"Linux"'),sec_ch_ua_mobile('?0'),user_agent('Mozilla/5.0 (X11; Linux x86_64) AppleWebKit/537.36 (KHTML, like Gecko) Chrome/122.0.0.0 Safari/537.36'),content_type('application/json'),sec_gpc('1'),origin('http://localhost:9000'),sec_fetch_site('same-site'),sec_fetch_mode(cors),sec_fetch_dest(empty),referer('http://localhost:9000/')]).
_{ beliefs:_{ certain_eternals:_{ cells:[ _{x:0,y:0},
					  _{x:1,y:0},
					  _{x:2,y:0},
					  _{x:3,y:0},
					  _{x:4,y:0},
					  _{x:5,y:0},
					  _{x:0,y:1},
					  _{x:1,y:1},
					  _{x:2,y:1},
					  _{x:3,y:1},
					  _{x:4,y:1},
					  _{x:5,y:1},
					  _{x:0,y:2},
					  _{x:1,y:2},
					  _{x:2,y:2},
					  _{x:3,y:2},
					  _{x:4,y:2},
					  _{x:5,y:2},
					  _{x:0,y:3},
					  _{x:1,y:3},
					  _{x:2,y:3},
					  _{x:3,y:3},
					  _{x:4,y:3},
					  _{x:5,y:3},
					  _{x:0,y:4},
					  _{x:1,y:4},
					  _{x:2,y:4},
					  _{x:3,y:4},
					  _{x:4,y:4},
					  _{x:5,y:4},
					  _{x:0,y:5},
					  _{x:1,y:5},
					  _{x:2,y:5},
					  _{x:3,y:5},
					  _{x:4,y:5},
					  _{x:5,y:5}
					],
				  eat_exit:_{c:_{x:1,y:1},e:_{id:exit}},
				  eat_walls:[ _{ c:_{x:5,y:5},
						 w:_{id:wall20}
					       },
					      _{ c:_{x:4,y:5},
						 w:_{id:wall19}
					       },
					      _{ c:_{x:3,y:5},
						 w:_{id:wall18}
					       },
					      _{ c:_{x:2,y:5},
						 w:_{id:wall17}
					       },
					      _{ c:_{x:1,y:5},
						 w:_{id:wall16}
					       },
					      _{ c:_{x:0,y:5},
						 w:_{id:wall15}
					       },
					      _{ c:_{x:5,y:4},
						 w:_{id:wall14}
					       },
					      _{ c:_{x:0,y:4},
						 w:_{id:wall13}
					       },
					      _{ c:_{x:5,y:3},
						 w:_{id:wall12}
					       },
					      _{ c:_{x:0,y:3},
						 w:_{id:wall11}
					       },
					      _{ c:_{x:5,y:2},
						 w:_{id:wall10}
					       },
					      _{ c:_{x:0,y:2},
						 w:_{id:wall9}
					       },
					      _{ c:_{x:5,y:1},
						 w:_{id:wall8}
					       },
					      _{ c:_{x:0,y:1},
						 w:_{id:wall7}
					       },
					      _{ c:_{x:5,y:0},
						 w:_{id:wall6}
					       },
					      _{ c:_{x:4,y:0},
						 w:_{id:wall5}
					       },
					      _{ c:_{x:3,y:0},
						 w:_{id:wall4}
					       },
					      _{ c:_{x:2,y:0},
						 w:_{id:wall3}
					       },
					      _{ c:_{x:1,y:0},
						 w:_{id:wall2}
					       },
					      _{ c:_{x:0,y:0},
						 w:_{id:wall1}
					       }
					    ]
				},
	      certain_fluents:_{ alive:[_{id:hunter}],
				 dir:[_{d:north,h:_{id:hunter}}],
				 fat_gold:[],
				 fat_hunter:_{ c:_{x:1,y:2},
					       h:_{id:hunter}
					     },
				 game_state:running,
				 has_arrow:[ _{ a:_{id:arrow1},
						h:_{id:hunter}
					      }
					   ],
				 has_gold:[],
				 score:0,
				 visited:[ _{ from:_{x:1,y:1},
					      to:_{x:1,y:2}
					    }
					 ]
			       },
	      step:0,
	      uncertain_eternals:_{ eat_pit:[ _{ c:_{x:1,y:1},
						 p:_{id:false}
					       },
					      _{ c:_{x:2,y:1},
						 p:_{id:false}
					       },
					      _{ c:_{x:1,y:2},
						 p:_{id:false}
					       }
					    ],
				    eat_wumpus:[ _{ c:_{x:1,y:1},
						    w:_{id:false}
						  },
						 _{ c:_{x:2,y:1},
						    w:_{id:false}
						  },
						 _{ c:_{x:1,y:2},
						    w:_{id:false}
						  }
					       ]
				  },
	      uncertain_fluents:_{fatal:[]}
	    },
   percepts:[stench]
 }
La valeur de AdjSansWumpus est : [_7748{x:1,y:1}]
Cases Auth est : [_7534{x:1,y:1}]
La valeur de X est : 1
La valeur de Y est : 3
completed(3, 0.06612296100000001, 2811, 200, ok).
/*Sat Mar  9 15:23:30 2024*/ request(4, 1709994210.838, [peer(ip(127,0,0,1)),method(put),request_uri('/action'),path('/action'),http_version(1-1),host(localhost),port(8081),connection('keep-alive'),content_length(2195),sec_ch_ua('"Chromium";v="122", "Not(A:Brand";v="24", "Brave";v="122"'),sec_ch_ua_platform('"Linux"'),sec_ch_ua_mobile('?0'),user_agent('Mozilla/5.0 (X11; Linux x86_64) AppleWebKit/537.36 (KHTML, like Gecko) Chrome/122.0.0.0 Safari/537.36'),content_type('application/json'),sec_gpc('1'),origin('http://localhost:9000'),sec_fetch_site('same-site'),sec_fetch_mode(cors),sec_fetch_dest(empty),referer('http://localhost:9000/')]).
_{ beliefs:_{ certain_eternals:_{ cells:[ _{x:0,y:0},
					  _{x:1,y:0},
					  _{x:2,y:0},
					  _{x:3,y:0},
					  _{x:4,y:0},
					  _{x:5,y:0},
					  _{x:0,y:1},
					  _{x:1,y:1},
					  _{x:2,y:1},
					  _{x:3,y:1},
					  _{x:4,y:1},
					  _{x:5,y:1},
					  _{x:0,y:2},
					  _{x:1,y:2},
					  _{x:2,y:2},
					  _{x:3,y:2},
					  _{x:4,y:2},
					  _{x:5,y:2},
					  _{x:0,y:3},
					  _{x:1,y:3},
					  _{x:2,y:3},
					  _{x:3,y:3},
					  _{x:4,y:3},
					  _{x:5,y:3},
					  _{x:0,y:4},
					  _{x:1,y:4},
					  _{x:2,y:4},
					  _{x:3,y:4},
					  _{x:4,y:4},
					  _{x:5,y:4},
					  _{x:0,y:5},
					  _{x:1,y:5},
					  _{x:2,y:5},
					  _{x:3,y:5},
					  _{x:4,y:5},
					  _{x:5,y:5}
					],
				  eat_exit:_{c:_{x:1,y:1},e:_{id:exit}},
				  eat_walls:[ _{ c:_{x:5,y:5},
						 w:_{id:wall20}
					       },
					      _{ c:_{x:4,y:5},
						 w:_{id:wall19}
					       },
					      _{ c:_{x:3,y:5},
						 w:_{id:wall18}
					       },
					      _{ c:_{x:2,y:5},
						 w:_{id:wall17}
					       },
					      _{ c:_{x:1,y:5},
						 w:_{id:wall16}
					       },
					      _{ c:_{x:0,y:5},
						 w:_{id:wall15}
					       },
					      _{ c:_{x:5,y:4},
						 w:_{id:wall14}
					       },
					      _{ c:_{x:0,y:4},
						 w:_{id:wall13}
					       },
					      _{ c:_{x:5,y:3},
						 w:_{id:wall12}
					       },
					      _{ c:_{x:0,y:3},
						 w:_{id:wall11}
					       },
					      _{ c:_{x:5,y:2},
						 w:_{id:wall10}
					       },
					      _{ c:_{x:0,y:2},
						 w:_{id:wall9}
					       },
					      _{ c:_{x:5,y:1},
						 w:_{id:wall8}
					       },
					      _{ c:_{x:0,y:1},
						 w:_{id:wall7}
					       },
					      _{ c:_{x:5,y:0},
						 w:_{id:wall6}
					       },
					      _{ c:_{x:4,y:0},
						 w:_{id:wall5}
					       },
					      _{ c:_{x:3,y:0},
						 w:_{id:wall4}
					       },
					      _{ c:_{x:2,y:0},
						 w:_{id:wall3}
					       },
					      _{ c:_{x:1,y:0},
						 w:_{id:wall2}
					       },
					      _{ c:_{x:0,y:0},
						 w:_{id:wall1}
					       }
					    ]
				},
	      certain_fluents:_{ alive:[_{id:hunter}],
				 dir:[_{d:west,h:_{id:hunter}}],
				 fat_gold:[],
				 fat_hunter:_{ c:_{x:1,y:2},
					       h:_{id:hunter}
					     },
				 game_state:running,
				 has_arrow:[ _{ a:_{id:arrow1},
						h:_{id:hunter}
					      }
					   ],
				 has_gold:[],
				 score:0,
				 visited:[ _{ from:_{x:1,y:1},
					      to:_{x:1,y:2}
					    }
					 ]
			       },
	      step:0,
	      uncertain_eternals:_{ eat_pit:[ _{ c:_{x:1,y:1},
						 p:_{id:false}
					       },
					      _{ c:_{x:2,y:1},
						 p:_{id:false}
					       },
					      _{ c:_{x:1,y:2},
						 p:_{id:false}
					       },
					      _{ c:_{x:2,y:2},
						 p:_{id:false}
					       },
					      _{ c:_{x:1,y:3},
						 p:_{id:false}
					       }
					    ],
				    eat_wumpus:[ _{ c:_{x:1,y:3},
						    w:_{id:true}
						  },
						 _{ c:_{x:2,y:2},
						    w:_{id:true}
						  },
						 _{ c:_{x:1,y:1},
						    w:_{id:false}
						  },
						 _{ c:_{x:2,y:1},
						    w:_{id:false}
						  },
						 _{ c:_{x:1,y:2},
						    w:_{id:false}
						  }
					       ]
				  },
	      uncertain_fluents:_{fatal:[]}
	    },
   percepts:[stench]
 }
La valeur de AdjSansWumpus est : [_2298{x:1,y:1}]
Cases Auth est : [_2216{x:1,y:1}]
La valeur de X est : 0
La valeur de Y est : 2
completed(4, 0.066472075, 2812, 200, ok).
/*Sat Mar  9 15:23:32 2024*/ request(5, 1709994212.031, [peer(ip(127,0,0,1)),method(put),request_uri('/action'),path('/action'),http_version(1-1),host(localhost),port(8081),connection('keep-alive'),content_length(2196),sec_ch_ua('"Chromium";v="122", "Not(A:Brand";v="24", "Brave";v="122"'),sec_ch_ua_platform('"Linux"'),sec_ch_ua_mobile('?0'),user_agent('Mozilla/5.0 (X11; Linux x86_64) AppleWebKit/537.36 (KHTML, like Gecko) Chrome/122.0.0.0 Safari/537.36'),content_type('application/json'),sec_gpc('1'),origin('http://localhost:9000'),sec_fetch_site('same-site'),sec_fetch_mode(cors),sec_fetch_dest(empty),referer('http://localhost:9000/')]).
_{ beliefs:_{ certain_eternals:_{ cells:[ _{x:0,y:0},
					  _{x:1,y:0},
					  _{x:2,y:0},
					  _{x:3,y:0},
					  _{x:4,y:0},
					  _{x:5,y:0},
					  _{x:0,y:1},
					  _{x:1,y:1},
					  _{x:2,y:1},
					  _{x:3,y:1},
					  _{x:4,y:1},
					  _{x:5,y:1},
					  _{x:0,y:2},
					  _{x:1,y:2},
					  _{x:2,y:2},
					  _{x:3,y:2},
					  _{x:4,y:2},
					  _{x:5,y:2},
					  _{x:0,y:3},
					  _{x:1,y:3},
					  _{x:2,y:3},
					  _{x:3,y:3},
					  _{x:4,y:3},
					  _{x:5,y:3},
					  _{x:0,y:4},
					  _{x:1,y:4},
					  _{x:2,y:4},
					  _{x:3,y:4},
					  _{x:4,y:4},
					  _{x:5,y:4},
					  _{x:0,y:5},
					  _{x:1,y:5},
					  _{x:2,y:5},
					  _{x:3,y:5},
					  _{x:4,y:5},
					  _{x:5,y:5}
					],
				  eat_exit:_{c:_{x:1,y:1},e:_{id:exit}},
				  eat_walls:[ _{ c:_{x:5,y:5},
						 w:_{id:wall20}
					       },
					      _{ c:_{x:4,y:5},
						 w:_{id:wall19}
					       },
					      _{ c:_{x:3,y:5},
						 w:_{id:wall18}
					       },
					      _{ c:_{x:2,y:5},
						 w:_{id:wall17}
					       },
					      _{ c:_{x:1,y:5},
						 w:_{id:wall16}
					       },
					      _{ c:_{x:0,y:5},
						 w:_{id:wall15}
					       },
					      _{ c:_{x:5,y:4},
						 w:_{id:wall14}
					       },
					      _{ c:_{x:0,y:4},
						 w:_{id:wall13}
					       },
					      _{ c:_{x:5,y:3},
						 w:_{id:wall12}
					       },
					      _{ c:_{x:0,y:3},
						 w:_{id:wall11}
					       },
					      _{ c:_{x:5,y:2},
						 w:_{id:wall10}
					       },
					      _{ c:_{x:0,y:2},
						 w:_{id:wall9}
					       },
					      _{ c:_{x:5,y:1},
						 w:_{id:wall8}
					       },
					      _{ c:_{x:0,y:1},
						 w:_{id:wall7}
					       },
					      _{ c:_{x:5,y:0},
						 w:_{id:wall6}
					       },
					      _{ c:_{x:4,y:0},
						 w:_{id:wall5}
					       },
					      _{ c:_{x:3,y:0},
						 w:_{id:wall4}
					       },
					      _{ c:_{x:2,y:0},
						 w:_{id:wall3}
					       },
					      _{ c:_{x:1,y:0},
						 w:_{id:wall2}
					       },
					      _{ c:_{x:0,y:0},
						 w:_{id:wall1}
					       }
					    ]
				},
	      certain_fluents:_{ alive:[_{id:hunter}],
				 dir:[_{d:south,h:_{id:hunter}}],
				 fat_gold:[],
				 fat_hunter:_{ c:_{x:1,y:2},
					       h:_{id:hunter}
					     },
				 game_state:running,
				 has_arrow:[ _{ a:_{id:arrow1},
						h:_{id:hunter}
					      }
					   ],
				 has_gold:[],
				 score:0,
				 visited:[ _{ from:_{x:1,y:1},
					      to:_{x:1,y:2}
					    }
					 ]
			       },
	      step:0,
	      uncertain_eternals:_{ eat_pit:[ _{ c:_{x:1,y:1},
						 p:_{id:false}
					       },
					      _{ c:_{x:2,y:1},
						 p:_{id:false}
					       },
					      _{ c:_{x:1,y:2},
						 p:_{id:false}
					       },
					      _{ c:_{x:2,y:2},
						 p:_{id:false}
					       },
					      _{ c:_{x:1,y:3},
						 p:_{id:false}
					       }
					    ],
				    eat_wumpus:[ _{ c:_{x:1,y:3},
						    w:_{id:true}
						  },
						 _{ c:_{x:2,y:2},
						    w:_{id:true}
						  },
						 _{ c:_{x:1,y:1},
						    w:_{id:false}
						  },
						 _{ c:_{x:2,y:1},
						    w:_{id:false}
						  },
						 _{ c:_{x:1,y:2},
						    w:_{id:false}
						  }
					       ]
				  },
	      uncertain_fluents:_{fatal:[]}
	    },
   percepts:[stench]
 }
La valeur de AdjSansWumpus est : [_2300{x:1,y:1}]
Cases Auth est : [_2218{x:1,y:1}]
La valeur de X est : 1
La valeur de Y est : 1
completed(5, 0.069246446, 2870, 200, ok).
/*Sat Mar  9 15:23:32 2024*/ request(6, 1709994212.887, [peer(ip(127,0,0,1)),method(put),request_uri('/action'),path('/action'),http_version(1-1),host(localhost),port(8081),connection('keep-alive'),content_length(2230),sec_ch_ua('"Chromium";v="122", "Not(A:Brand";v="24", "Brave";v="122"'),sec_ch_ua_platform('"Linux"'),sec_ch_ua_mobile('?0'),user_agent('Mozilla/5.0 (X11; Linux x86_64) AppleWebKit/537.36 (KHTML, like Gecko) Chrome/122.0.0.0 Safari/537.36'),content_type('application/json'),sec_gpc('1'),origin('http://localhost:9000'),sec_fetch_site('same-site'),sec_fetch_mode(cors),sec_fetch_dest(empty),referer('http://localhost:9000/')]).
_{ beliefs:_{ certain_eternals:_{ cells:[ _{x:0,y:0},
					  _{x:1,y:0},
					  _{x:2,y:0},
					  _{x:3,y:0},
					  _{x:4,y:0},
					  _{x:5,y:0},
					  _{x:0,y:1},
					  _{x:1,y:1},
					  _{x:2,y:1},
					  _{x:3,y:1},
					  _{x:4,y:1},
					  _{x:5,y:1},
					  _{x:0,y:2},
					  _{x:1,y:2},
					  _{x:2,y:2},
					  _{x:3,y:2},
					  _{x:4,y:2},
					  _{x:5,y:2},
					  _{x:0,y:3},
					  _{x:1,y:3},
					  _{x:2,y:3},
					  _{x:3,y:3},
					  _{x:4,y:3},
					  _{x:5,y:3},
					  _{x:0,y:4},
					  _{x:1,y:4},
					  _{x:2,y:4},
					  _{x:3,y:4},
					  _{x:4,y:4},
					  _{x:5,y:4},
					  _{x:0,y:5},
					  _{x:1,y:5},
					  _{x:2,y:5},
					  _{x:3,y:5},
					  _{x:4,y:5},
					  _{x:5,y:5}
					],
				  eat_exit:_{c:_{x:1,y:1},e:_{id:exit}},
				  eat_walls:[ _{ c:_{x:5,y:5},
						 w:_{id:wall20}
					       },
					      _{ c:_{x:4,y:5},
						 w:_{id:wall19}
					       },
					      _{ c:_{x:3,y:5},
						 w:_{id:wall18}
					       },
					      _{ c:_{x:2,y:5},
						 w:_{id:wall17}
					       },
					      _{ c:_{x:1,y:5},
						 w:_{id:wall16}
					       },
					      _{ c:_{x:0,y:5},
						 w:_{id:wall15}
					       },
					      _{ c:_{x:5,y:4},
						 w:_{id:wall14}
					       },
					      _{ c:_{x:0,y:4},
						 w:_{id:wall13}
					       },
					      _{ c:_{x:5,y:3},
						 w:_{id:wall12}
					       },
					      _{ c:_{x:0,y:3},
						 w:_{id:wall11}
					       },
					      _{ c:_{x:5,y:2},
						 w:_{id:wall10}
					       },
					      _{ c:_{x:0,y:2},
						 w:_{id:wall9}
					       },
					      _{ c:_{x:5,y:1},
						 w:_{id:wall8}
					       },
					      _{ c:_{x:0,y:1},
						 w:_{id:wall7}
					       },
					      _{ c:_{x:5,y:0},
						 w:_{id:wall6}
					       },
					      _{ c:_{x:4,y:0},
						 w:_{id:wall5}
					       },
					      _{ c:_{x:3,y:0},
						 w:_{id:wall4}
					       },
					      _{ c:_{x:2,y:0},
						 w:_{id:wall3}
					       },
					      _{ c:_{x:1,y:0},
						 w:_{id:wall2}
					       },
					      _{ c:_{x:0,y:0},
						 w:_{id:wall1}
					       }
					    ]
				},
	      certain_fluents:_{ alive:[_{id:hunter}],
				 dir:[_{d:south,h:_{id:hunter}}],
				 fat_gold:[],
				 fat_hunter:_{ c:_{x:1,y:1},
					       h:_{id:hunter}
					     },
				 game_state:running,
				 has_arrow:[ _{ a:_{id:arrow1},
						h:_{id:hunter}
					      }
					   ],
				 has_gold:[],
				 score:0,
				 visited:[ _{ from:_{x:1,y:2},
					      to:_{x:1,y:1}
					    },
					   _{ from:_{x:1,y:1},
					      to:_{x:1,y:2}
					    }
					 ]
			       },
	      step:0,
	      uncertain_eternals:_{ eat_pit:[ _{ c:_{x:1,y:1},
						 p:_{id:false}
					       },
					      _{ c:_{x:2,y:1},
						 p:_{id:false}
					       },
					      _{ c:_{x:1,y:2},
						 p:_{id:false}
					       },
					      _{ c:_{x:2,y:2},
						 p:_{id:false}
					       },
					      _{ c:_{x:1,y:3},
						 p:_{id:false}
					       }
					    ],
				    eat_wumpus:[ _{ c:_{x:1,y:3},
						    w:_{id:true}
						  },
						 _{ c:_{x:2,y:2},
						    w:_{id:true}
						  },
						 _{ c:_{x:1,y:1},
						    w:_{id:false}
						  },
						 _{ c:_{x:2,y:1},
						    w:_{id:false}
						  },
						 _{ c:_{x:1,y:2},
						    w:_{id:false}
						  }
					       ]
				  },
	      uncertain_fluents:_{fatal:[]}
	    },
   percepts:[]
 }
La valeur de AdjSansWumpus est : [_2416{x:1,y:2},_2378{x:2,y:1}]
Cases Auth est : [_2378{x:2,y:1}]
La valeur de X est : 1
La valeur de Y est : 0
completed(6, 0.071780094, 2857, 200, ok).
/*Sat Mar  9 15:23:34 2024*/ request(7, 1709994214.050, [peer(ip(127,0,0,1)),method(options),request_uri('/action'),path('/action'),http_version(1-1),host(localhost),port(8081),connection('keep-alive'),access_control_request_method('PUT'),access_control_request_headers('content-type'),origin('http://localhost:9000'),user_agent('Mozilla/5.0 (X11; Linux x86_64) AppleWebKit/537.36 (KHTML, like Gecko) Chrome/122.0.0.0 Safari/537.36'),sec_fetch_mode(cors),sec_fetch_site('same-site'),sec_fetch_dest(empty),referer('http://localhost:9000/')]).
completed(7, 0.003327157000000004, 0, 200, ok).
/*Sat Mar  9 15:23:34 2024*/ request(8, 1709994214.055, [peer(ip(127,0,0,1)),method(put),request_uri('/action'),path('/action'),http_version(1-1),host(localhost),port(8081),connection('keep-alive'),content_length(2229),sec_ch_ua('"Chromium";v="122", "Not(A:Brand";v="24", "Brave";v="122"'),sec_ch_ua_platform('"Linux"'),sec_ch_ua_mobile('?0'),user_agent('Mozilla/5.0 (X11; Linux x86_64) AppleWebKit/537.36 (KHTML, like Gecko) Chrome/122.0.0.0 Safari/537.36'),content_type('application/json'),sec_gpc('1'),origin('http://localhost:9000'),sec_fetch_site('same-site'),sec_fetch_mode(cors),sec_fetch_dest(empty),referer('http://localhost:9000/')]).
_{ beliefs:_{ certain_eternals:_{ cells:[ _{x:0,y:0},
					  _{x:1,y:0},
					  _{x:2,y:0},
					  _{x:3,y:0},
					  _{x:4,y:0},
					  _{x:5,y:0},
					  _{x:0,y:1},
					  _{x:1,y:1},
					  _{x:2,y:1},
					  _{x:3,y:1},
					  _{x:4,y:1},
					  _{x:5,y:1},
					  _{x:0,y:2},
					  _{x:1,y:2},
					  _{x:2,y:2},
					  _{x:3,y:2},
					  _{x:4,y:2},
					  _{x:5,y:2},
					  _{x:0,y:3},
					  _{x:1,y:3},
					  _{x:2,y:3},
					  _{x:3,y:3},
					  _{x:4,y:3},
					  _{x:5,y:3},
					  _{x:0,y:4},
					  _{x:1,y:4},
					  _{x:2,y:4},
					  _{x:3,y:4},
					  _{x:4,y:4},
					  _{x:5,y:4},
					  _{x:0,y:5},
					  _{x:1,y:5},
					  _{x:2,y:5},
					  _{x:3,y:5},
					  _{x:4,y:5},
					  _{x:5,y:5}
					],
				  eat_exit:_{c:_{x:1,y:1},e:_{id:exit}},
				  eat_walls:[ _{ c:_{x:5,y:5},
						 w:_{id:wall20}
					       },
					      _{ c:_{x:4,y:5},
						 w:_{id:wall19}
					       },
					      _{ c:_{x:3,y:5},
						 w:_{id:wall18}
					       },
					      _{ c:_{x:2,y:5},
						 w:_{id:wall17}
					       },
					      _{ c:_{x:1,y:5},
						 w:_{id:wall16}
					       },
					      _{ c:_{x:0,y:5},
						 w:_{id:wall15}
					       },
					      _{ c:_{x:5,y:4},
						 w:_{id:wall14}
					       },
					      _{ c:_{x:0,y:4},
						 w:_{id:wall13}
					       },
					      _{ c:_{x:5,y:3},
						 w:_{id:wall12}
					       },
					      _{ c:_{x:0,y:3},
						 w:_{id:wall11}
					       },
					      _{ c:_{x:5,y:2},
						 w:_{id:wall10}
					       },
					      _{ c:_{x:0,y:2},
						 w:_{id:wall9}
					       },
					      _{ c:_{x:5,y:1},
						 w:_{id:wall8}
					       },
					      _{ c:_{x:0,y:1},
						 w:_{id:wall7}
					       },
					      _{ c:_{x:5,y:0},
						 w:_{id:wall6}
					       },
					      _{ c:_{x:4,y:0},
						 w:_{id:wall5}
					       },
					      _{ c:_{x:3,y:0},
						 w:_{id:wall4}
					       },
					      _{ c:_{x:2,y:0},
						 w:_{id:wall3}
					       },
					      _{ c:_{x:1,y:0},
						 w:_{id:wall2}
					       },
					      _{ c:_{x:0,y:0},
						 w:_{id:wall1}
					       }
					    ]
				},
	      certain_fluents:_{ alive:[_{id:hunter}],
				 dir:[_{d:east,h:_{id:hunter}}],
				 fat_gold:[],
				 fat_hunter:_{ c:_{x:1,y:1},
					       h:_{id:hunter}
					     },
				 game_state:running,
				 has_arrow:[ _{ a:_{id:arrow1},
						h:_{id:hunter}
					      }
					   ],
				 has_gold:[],
				 score:0,
				 visited:[ _{ from:_{x:1,y:2},
					      to:_{x:1,y:1}
					    },
					   _{ from:_{x:1,y:1},
					      to:_{x:1,y:2}
					    }
					 ]
			       },
	      step:0,
	      uncertain_eternals:_{ eat_pit:[ _{ c:_{x:1,y:1},
						 p:_{id:false}
					       },
					      _{ c:_{x:2,y:1},
						 p:_{id:false}
					       },
					      _{ c:_{x:1,y:2},
						 p:_{id:false}
					       },
					      _{ c:_{x:2,y:2},
						 p:_{id:false}
					       },
					      _{ c:_{x:1,y:3},
						 p:_{id:false}
					       }
					    ],
				    eat_wumpus:[ _{ c:_{x:1,y:3},
						    w:_{id:true}
						  },
						 _{ c:_{x:2,y:2},
						    w:_{id:true}
						  },
						 _{ c:_{x:1,y:1},
						    w:_{id:false}
						  },
						 _{ c:_{x:2,y:1},
						    w:_{id:false}
						  },
						 _{ c:_{x:1,y:2},
						    w:_{id:false}
						  }
					       ]
				  },
	      uncertain_fluents:_{fatal:[]}
	    },
   percepts:[]
 }
La valeur de AdjSansWumpus est : [_2424{x:1,y:2},_2386{x:2,y:1}]
Cases Auth est : [_2386{x:2,y:1}]
La valeur de X est : 2
La valeur de Y est : 1
completed(8, 0.063317132, 2911, 200, ok).
/*Sat Mar  9 15:23:35 2024*/ request(9, 1709994215.245, [peer(ip(127,0,0,1)),method(put),request_uri('/action'),path('/action'),http_version(1-1),host(localhost),port(8081),connection('keep-alive'),content_length(2279),sec_ch_ua('"Chromium";v="122", "Not(A:Brand";v="24", "Brave";v="122"'),sec_ch_ua_platform('"Linux"'),sec_ch_ua_mobile('?0'),user_agent('Mozilla/5.0 (X11; Linux x86_64) AppleWebKit/537.36 (KHTML, like Gecko) Chrome/122.0.0.0 Safari/537.36'),content_type('application/json'),sec_gpc('1'),origin('http://localhost:9000'),sec_fetch_site('same-site'),sec_fetch_mode(cors),sec_fetch_dest(empty),referer('http://localhost:9000/')]).
_{ beliefs:_{ certain_eternals:_{ cells:[ _{x:0,y:0},
					  _{x:1,y:0},
					  _{x:2,y:0},
					  _{x:3,y:0},
					  _{x:4,y:0},
					  _{x:5,y:0},
					  _{x:0,y:1},
					  _{x:1,y:1},
					  _{x:2,y:1},
					  _{x:3,y:1},
					  _{x:4,y:1},
					  _{x:5,y:1},
					  _{x:0,y:2},
					  _{x:1,y:2},
					  _{x:2,y:2},
					  _{x:3,y:2},
					  _{x:4,y:2},
					  _{x:5,y:2},
					  _{x:0,y:3},
					  _{x:1,y:3},
					  _{x:2,y:3},
					  _{x:3,y:3},
					  _{x:4,y:3},
					  _{x:5,y:3},
					  _{x:0,y:4},
					  _{x:1,y:4},
					  _{x:2,y:4},
					  _{x:3,y:4},
					  _{x:4,y:4},
					  _{x:5,y:4},
					  _{x:0,y:5},
					  _{x:1,y:5},
					  _{x:2,y:5},
					  _{x:3,y:5},
					  _{x:4,y:5},
					  _{x:5,y:5}
					],
				  eat_exit:_{c:_{x:1,y:1},e:_{id:exit}},
				  eat_walls:[ _{ c:_{x:5,y:5},
						 w:_{id:wall20}
					       },
					      _{ c:_{x:4,y:5},
						 w:_{id:wall19}
					       },
					      _{ c:_{x:3,y:5},
						 w:_{id:wall18}
					       },
					      _{ c:_{x:2,y:5},
						 w:_{id:wall17}
					       },
					      _{ c:_{x:1,y:5},
						 w:_{id:wall16}
					       },
					      _{ c:_{x:0,y:5},
						 w:_{id:wall15}
					       },
					      _{ c:_{x:5,y:4},
						 w:_{id:wall14}
					       },
					      _{ c:_{x:0,y:4},
						 w:_{id:wall13}
					       },
					      _{ c:_{x:5,y:3},
						 w:_{id:wall12}
					       },
					      _{ c:_{x:0,y:3},
						 w:_{id:wall11}
					       },
					      _{ c:_{x:5,y:2},
						 w:_{id:wall10}
					       },
					      _{ c:_{x:0,y:2},
						 w:_{id:wall9}
					       },
					      _{ c:_{x:5,y:1},
						 w:_{id:wall8}
					       },
					      _{ c:_{x:0,y:1},
						 w:_{id:wall7}
					       },
					      _{ c:_{x:5,y:0},
						 w:_{id:wall6}
					       },
					      _{ c:_{x:4,y:0},
						 w:_{id:wall5}
					       },
					      _{ c:_{x:3,y:0},
						 w:_{id:wall4}
					       },
					      _{ c:_{x:2,y:0},
						 w:_{id:wall3}
					       },
					      _{ c:_{x:1,y:0},
						 w:_{id:wall2}
					       },
					      _{ c:_{x:0,y:0},
						 w:_{id:wall1}
					       }
					    ]
				},
	      certain_fluents:_{ alive:[_{id:hunter}],
				 dir:[_{d:east,h:_{id:hunter}}],
				 fat_gold:[],
				 fat_hunter:_{ c:_{x:2,y:1},
					       h:_{id:hunter}
					     },
				 game_state:running,
				 has_arrow:[ _{ a:_{id:arrow1},
						h:_{id:hunter}
					      }
					   ],
				 has_gold:[],
				 score:0,
				 visited:[ _{ from:_{x:1,y:1},
					      to:_{x:2,y:1}
					    },
					   _{ from:_{x:1,y:2},
					      to:_{x:1,y:1}
					    },
					   _{ from:_{x:1,y:1},
					      to:_{x:1,y:2}
					    }
					 ]
			       },
	      step:0,
	      uncertain_eternals:_{ eat_pit:[ _{ c:_{x:1,y:1},
						 p:_{id:false}
					       },
					      _{ c:_{x:2,y:1},
						 p:_{id:false}
					       },
					      _{ c:_{x:1,y:2},
						 p:_{id:false}
					       },
					      _{ c:_{x:2,y:2},
						 p:_{id:false}
					       },
					      _{ c:_{x:1,y:3},
						 p:_{id:false}
					       }
					    ],
				    eat_wumpus:[ _{ c:_{x:1,y:3},
						    w:_{id:true}
						  },
						 _{ c:_{x:2,y:2},
						    w:_{id:true}
						  },
						 _{ c:_{x:1,y:1},
						    w:_{id:false}
						  },
						 _{ c:_{x:2,y:1},
						    w:_{id:false}
						  },
						 _{ c:_{x:1,y:2},
						    w:_{id:false}
						  }
					       ]
				  },
	      uncertain_fluents:_{fatal:[]}
	    },
   percepts:[breeze]
 }
La valeur de AdjSansWumpus est : [_2496{x:2,y:2},_2382{x:1,y:1}]
Cases Auth est : [_2496{x:2,y:2}]
La valeur de X est : 3
La valeur de Y est : 1
completed(9, 0.0726899, 3008, 200, ok).
/*Sat Mar  9 15:23:36 2024*/ request(10, 1709994216.541, [peer(ip(127,0,0,1)),method(put),request_uri('/action'),path('/action'),http_version(1-1),host(localhost),port(8081),connection('keep-alive'),content_length(2354),sec_ch_ua('"Chromium";v="122", "Not(A:Brand";v="24", "Brave";v="122"'),sec_ch_ua_platform('"Linux"'),sec_ch_ua_mobile('?0'),user_agent('Mozilla/5.0 (X11; Linux x86_64) AppleWebKit/537.36 (KHTML, like Gecko) Chrome/122.0.0.0 Safari/537.36'),content_type('application/json'),sec_gpc('1'),origin('http://localhost:9000'),sec_fetch_site('same-site'),sec_fetch_mode(cors),sec_fetch_dest(empty),referer('http://localhost:9000/')]).
_{ beliefs:_{ certain_eternals:_{ cells:[ _{x:0,y:0},
					  _{x:1,y:0},
					  _{x:2,y:0},
					  _{x:3,y:0},
					  _{x:4,y:0},
					  _{x:5,y:0},
					  _{x:0,y:1},
					  _{x:1,y:1},
					  _{x:2,y:1},
					  _{x:3,y:1},
					  _{x:4,y:1},
					  _{x:5,y:1},
					  _{x:0,y:2},
					  _{x:1,y:2},
					  _{x:2,y:2},
					  _{x:3,y:2},
					  _{x:4,y:2},
					  _{x:5,y:2},
					  _{x:0,y:3},
					  _{x:1,y:3},
					  _{x:2,y:3},
					  _{x:3,y:3},
					  _{x:4,y:3},
					  _{x:5,y:3},
					  _{x:0,y:4},
					  _{x:1,y:4},
					  _{x:2,y:4},
					  _{x:3,y:4},
					  _{x:4,y:4},
					  _{x:5,y:4},
					  _{x:0,y:5},
					  _{x:1,y:5},
					  _{x:2,y:5},
					  _{x:3,y:5},
					  _{x:4,y:5},
					  _{x:5,y:5}
					],
				  eat_exit:_{c:_{x:1,y:1},e:_{id:exit}},
				  eat_walls:[ _{ c:_{x:5,y:5},
						 w:_{id:wall20}
					       },
					      _{ c:_{x:4,y:5},
						 w:_{id:wall19}
					       },
					      _{ c:_{x:3,y:5},
						 w:_{id:wall18}
					       },
					      _{ c:_{x:2,y:5},
						 w:_{id:wall17}
					       },
					      _{ c:_{x:1,y:5},
						 w:_{id:wall16}
					       },
					      _{ c:_{x:0,y:5},
						 w:_{id:wall15}
					       },
					      _{ c:_{x:5,y:4},
						 w:_{id:wall14}
					       },
					      _{ c:_{x:0,y:4},
						 w:_{id:wall13}
					       },
					      _{ c:_{x:5,y:3},
						 w:_{id:wall12}
					       },
					      _{ c:_{x:0,y:3},
						 w:_{id:wall11}
					       },
					      _{ c:_{x:5,y:2},
						 w:_{id:wall10}
					       },
					      _{ c:_{x:0,y:2},
						 w:_{id:wall9}
					       },
					      _{ c:_{x:5,y:1},
						 w:_{id:wall8}
					       },
					      _{ c:_{x:0,y:1},
						 w:_{id:wall7}
					       },
					      _{ c:_{x:5,y:0},
						 w:_{id:wall6}
					       },
					      _{ c:_{x:4,y:0},
						 w:_{id:wall5}
					       },
					      _{ c:_{x:3,y:0},
						 w:_{id:wall4}
					       },
					      _{ c:_{x:2,y:0},
						 w:_{id:wall3}
					       },
					      _{ c:_{x:1,y:0},
						 w:_{id:wall2}
					       },
					      _{ c:_{x:0,y:0},
						 w:_{id:wall1}
					       }
					    ]
				},
	      certain_fluents:_{ alive:[_{id:hunter}],
				 dir:[_{d:north,h:_{id:hunter}}],
				 fat_gold:[],
				 fat_hunter:_{ c:_{x:2,y:1},
					       h:_{id:hunter}
					     },
				 game_state:running,
				 has_arrow:[ _{ a:_{id:arrow1},
						h:_{id:hunter}
					      }
					   ],
				 has_gold:[],
				 score:0,
				 visited:[ _{ from:_{x:1,y:1},
					      to:_{x:2,y:1}
					    },
					   _{ from:_{x:1,y:2},
					      to:_{x:1,y:1}
					    },
					   _{ from:_{x:1,y:1},
					      to:_{x:1,y:2}
					    }
					 ]
			       },
	      step:0,
	      uncertain_eternals:_{ eat_pit:[ _{ c:_{x:3,y:1},
						 p:_{id:true}
					       },
					      _{ c:_{x:1,y:1},
						 p:_{id:false}
					       },
					      _{ c:_{x:2,y:1},
						 p:_{id:false}
					       },
					      _{ c:_{x:1,y:2},
						 p:_{id:false}
					       },
					      _{ c:_{x:2,y:2},
						 p:_{id:false}
					       },
					      _{ c:_{x:1,y:3},
						 p:_{id:false}
					       }
					    ],
				    eat_wumpus:[ _{ c:_{x:1,y:3},
						    w:_{id:true}
						  },
						 _{ c:_{x:1,y:1},
						    w:_{id:false}
						  },
						 _{ c:_{x:2,y:1},
						    w:_{id:false}
						  },
						 _{ c:_{x:1,y:2},
						    w:_{id:false}
						  },
						 _{ c:_{x:3,y:1},
						    w:_{id:false}
						  },
						 _{ c:_{x:2,y:2},
						    w:_{id:false}
						  }
					       ]
				  },
	      uncertain_fluents:_{fatal:[]}
	    },
   percepts:[breeze]
 }
La valeur de AdjSansWumpus est : [_2542{x:2,y:2},_2428{x:1,y:1}]
Cases Auth est : [_2542{x:2,y:2}]
La valeur de X est : 2
La valeur de Y est : 2
completed(10, 0.059044296000000024, 3062, 200, ok).
/*Sat Mar  9 15:23:37 2024*/ request(11, 1709994217.599, [peer(ip(127,0,0,1)),method(put),request_uri('/action'),path('/action'),http_version(1-1),host(localhost),port(8081),connection('keep-alive'),content_length(2388),sec_ch_ua('"Chromium";v="122", "Not(A:Brand";v="24", "Brave";v="122"'),sec_ch_ua_platform('"Linux"'),sec_ch_ua_mobile('?0'),user_agent('Mozilla/5.0 (X11; Linux x86_64) AppleWebKit/537.36 (KHTML, like Gecko) Chrome/122.0.0.0 Safari/537.36'),content_type('application/json'),sec_gpc('1'),origin('http://localhost:9000'),sec_fetch_site('same-site'),sec_fetch_mode(cors),sec_fetch_dest(empty),referer('http://localhost:9000/')]).
_{ beliefs:_{ certain_eternals:_{ cells:[ _{x:0,y:0},
					  _{x:1,y:0},
					  _{x:2,y:0},
					  _{x:3,y:0},
					  _{x:4,y:0},
					  _{x:5,y:0},
					  _{x:0,y:1},
					  _{x:1,y:1},
					  _{x:2,y:1},
					  _{x:3,y:1},
					  _{x:4,y:1},
					  _{x:5,y:1},
					  _{x:0,y:2},
					  _{x:1,y:2},
					  _{x:2,y:2},
					  _{x:3,y:2},
					  _{x:4,y:2},
					  _{x:5,y:2},
					  _{x:0,y:3},
					  _{x:1,y:3},
					  _{x:2,y:3},
					  _{x:3,y:3},
					  _{x:4,y:3},
					  _{x:5,y:3},
					  _{x:0,y:4},
					  _{x:1,y:4},
					  _{x:2,y:4},
					  _{x:3,y:4},
					  _{x:4,y:4},
					  _{x:5,y:4},
					  _{x:0,y:5},
					  _{x:1,y:5},
					  _{x:2,y:5},
					  _{x:3,y:5},
					  _{x:4,y:5},
					  _{x:5,y:5}
					],
				  eat_exit:_{c:_{x:1,y:1},e:_{id:exit}},
				  eat_walls:[ _{ c:_{x:5,y:5},
						 w:_{id:wall20}
					       },
					      _{ c:_{x:4,y:5},
						 w:_{id:wall19}
					       },
					      _{ c:_{x:3,y:5},
						 w:_{id:wall18}
					       },
					      _{ c:_{x:2,y:5},
						 w:_{id:wall17}
					       },
					      _{ c:_{x:1,y:5},
						 w:_{id:wall16}
					       },
					      _{ c:_{x:0,y:5},
						 w:_{id:wall15}
					       },
					      _{ c:_{x:5,y:4},
						 w:_{id:wall14}
					       },
					      _{ c:_{x:0,y:4},
						 w:_{id:wall13}
					       },
					      _{ c:_{x:5,y:3},
						 w:_{id:wall12}
					       },
					      _{ c:_{x:0,y:3},
						 w:_{id:wall11}
					       },
					      _{ c:_{x:5,y:2},
						 w:_{id:wall10}
					       },
					      _{ c:_{x:0,y:2},
						 w:_{id:wall9}
					       },
					      _{ c:_{x:5,y:1},
						 w:_{id:wall8}
					       },
					      _{ c:_{x:0,y:1},
						 w:_{id:wall7}
					       },
					      _{ c:_{x:5,y:0},
						 w:_{id:wall6}
					       },
					      _{ c:_{x:4,y:0},
						 w:_{id:wall5}
					       },
					      _{ c:_{x:3,y:0},
						 w:_{id:wall4}
					       },
					      _{ c:_{x:2,y:0},
						 w:_{id:wall3}
					       },
					      _{ c:_{x:1,y:0},
						 w:_{id:wall2}
					       },
					      _{ c:_{x:0,y:0},
						 w:_{id:wall1}
					       }
					    ]
				},
	      certain_fluents:_{ alive:[_{id:hunter}],
				 dir:[_{d:north,h:_{id:hunter}}],
				 fat_gold:[],
				 fat_hunter:_{ c:_{x:2,y:2},
					       h:_{id:hunter}
					     },
				 game_state:running,
				 has_arrow:[ _{ a:_{id:arrow1},
						h:_{id:hunter}
					      }
					   ],
				 has_gold:[],
				 score:0,
				 visited:[ _{ from:_{x:2,y:1},
					      to:_{x:2,y:2}
					    },
					   _{ from:_{x:1,y:1},
					      to:_{x:2,y:1}
					    },
					   _{ from:_{x:1,y:2},
					      to:_{x:1,y:1}
					    },
					   _{ from:_{x:1,y:1},
					      to:_{x:1,y:2}
					    }
					 ]
			       },
	      step:0,
	      uncertain_eternals:_{ eat_pit:[ _{ c:_{x:3,y:1},
						 p:_{id:true}
					       },
					      _{ c:_{x:1,y:1},
						 p:_{id:false}
					       },
					      _{ c:_{x:2,y:1},
						 p:_{id:false}
					       },
					      _{ c:_{x:1,y:2},
						 p:_{id:false}
					       },
					      _{ c:_{x:2,y:2},
						 p:_{id:false}
					       },
					      _{ c:_{x:1,y:3},
						 p:_{id:false}
					       }
					    ],
				    eat_wumpus:[ _{ c:_{x:1,y:3},
						    w:_{id:true}
						  },
						 _{ c:_{x:1,y:1},
						    w:_{id:false}
						  },
						 _{ c:_{x:2,y:1},
						    w:_{id:false}
						  },
						 _{ c:_{x:1,y:2},
						    w:_{id:false}
						  },
						 _{ c:_{x:3,y:1},
						    w:_{id:false}
						  },
						 _{ c:_{x:2,y:2},
						    w:_{id:false}
						  }
					       ]
				  },
	      uncertain_fluents:_{fatal:[]}
	    },
   percepts:[]
 }
La valeur de AdjSansWumpus est : [_13586{x:2,y:3},_13604{x:3,y:2},_2538{x:1,y:2},_2500{x:2,y:1}]
Cases Auth est : [_13604{x:3,y:2},_13586{x:2,y:3}]
La valeur de X est : 2
La valeur de Y est : 3
completed(11, 0.07424277500000001, 3284, 200, ok).
/*Sat Mar  9 15:23:38 2024*/ request(12, 1709994218.512, [peer(ip(127,0,0,1)),method(put),request_uri('/action'),path('/action'),http_version(1-1),host(localhost),port(8081),connection('keep-alive'),content_length(2605),sec_ch_ua('"Chromium";v="122", "Not(A:Brand";v="24", "Brave";v="122"'),sec_ch_ua_platform('"Linux"'),sec_ch_ua_mobile('?0'),user_agent('Mozilla/5.0 (X11; Linux x86_64) AppleWebKit/537.36 (KHTML, like Gecko) Chrome/122.0.0.0 Safari/537.36'),content_type('application/json'),sec_gpc('1'),origin('http://localhost:9000'),sec_fetch_site('same-site'),sec_fetch_mode(cors),sec_fetch_dest(empty),referer('http://localhost:9000/')]).
_{ beliefs:_{ certain_eternals:_{ cells:[ _{x:0,y:0},
					  _{x:1,y:0},
					  _{x:2,y:0},
					  _{x:3,y:0},
					  _{x:4,y:0},
					  _{x:5,y:0},
					  _{x:0,y:1},
					  _{x:1,y:1},
					  _{x:2,y:1},
					  _{x:3,y:1},
					  _{x:4,y:1},
					  _{x:5,y:1},
					  _{x:0,y:2},
					  _{x:1,y:2},
					  _{x:2,y:2},
					  _{x:3,y:2},
					  _{x:4,y:2},
					  _{x:5,y:2},
					  _{x:0,y:3},
					  _{x:1,y:3},
					  _{x:2,y:3},
					  _{x:3,y:3},
					  _{x:4,y:3},
					  _{x:5,y:3},
					  _{x:0,y:4},
					  _{x:1,y:4},
					  _{x:2,y:4},
					  _{x:3,y:4},
					  _{x:4,y:4},
					  _{x:5,y:4},
					  _{x:0,y:5},
					  _{x:1,y:5},
					  _{x:2,y:5},
					  _{x:3,y:5},
					  _{x:4,y:5},
					  _{x:5,y:5}
					],
				  eat_exit:_{c:_{x:1,y:1},e:_{id:exit}},
				  eat_walls:[ _{ c:_{x:5,y:5},
						 w:_{id:wall20}
					       },
					      _{ c:_{x:4,y:5},
						 w:_{id:wall19}
					       },
					      _{ c:_{x:3,y:5},
						 w:_{id:wall18}
					       },
					      _{ c:_{x:2,y:5},
						 w:_{id:wall17}
					       },
					      _{ c:_{x:1,y:5},
						 w:_{id:wall16}
					       },
					      _{ c:_{x:0,y:5},
						 w:_{id:wall15}
					       },
					      _{ c:_{x:5,y:4},
						 w:_{id:wall14}
					       },
					      _{ c:_{x:0,y:4},
						 w:_{id:wall13}
					       },
					      _{ c:_{x:5,y:3},
						 w:_{id:wall12}
					       },
					      _{ c:_{x:0,y:3},
						 w:_{id:wall11}
					       },
					      _{ c:_{x:5,y:2},
						 w:_{id:wall10}
					       },
					      _{ c:_{x:0,y:2},
						 w:_{id:wall9}
					       },
					      _{ c:_{x:5,y:1},
						 w:_{id:wall8}
					       },
					      _{ c:_{x:0,y:1},
						 w:_{id:wall7}
					       },
					      _{ c:_{x:5,y:0},
						 w:_{id:wall6}
					       },
					      _{ c:_{x:4,y:0},
						 w:_{id:wall5}
					       },
					      _{ c:_{x:3,y:0},
						 w:_{id:wall4}
					       },
					      _{ c:_{x:2,y:0},
						 w:_{id:wall3}
					       },
					      _{ c:_{x:1,y:0},
						 w:_{id:wall2}
					       },
					      _{ c:_{x:0,y:0},
						 w:_{id:wall1}
					       }
					    ]
				},
	      certain_fluents:_{ alive:[_{id:hunter}],
				 dir:[_{d:north,h:_{id:hunter}}],
				 fat_gold:[],
				 fat_hunter:_{ c:_{x:2,y:3},
					       h:_{id:hunter}
					     },
				 game_state:running,
				 has_arrow:[ _{ a:_{id:arrow1},
						h:_{id:hunter}
					      }
					   ],
				 has_gold:[],
				 score:0,
				 visited:[ _{ from:_{x:2,y:2},
					      to:_{x:2,y:3}
					    },
					   _{ from:_{x:2,y:1},
					      to:_{x:2,y:2}
					    },
					   _{ from:_{x:1,y:1},
					      to:_{x:2,y:1}
					    },
					   _{ from:_{x:1,y:2},
					      to:_{x:1,y:1}
					    },
					   _{ from:_{x:1,y:1},
					      to:_{x:1,y:2}
					    }
					 ]
			       },
	      step:0,
	      uncertain_eternals:_{ eat_pit:[ _{ c:_{x:3,y:1},
						 p:_{id:true}
					       },
					      _{ c:_{x:1,y:1},
						 p:_{id:false}
					       },
					      _{ c:_{x:2,y:1},
						 p:_{id:false}
					       },
					      _{ c:_{x:1,y:2},
						 p:_{id:false}
					       },
					      _{ c:_{x:2,y:2},
						 p:_{id:false}
					       },
					      _{ c:_{x:1,y:3},
						 p:_{id:false}
					       },
					      _{ c:_{x:3,y:2},
						 p:_{id:false}
					       },
					      _{ c:_{x:2,y:3},
						 p:_{id:false}
					       }
					    ],
				    eat_wumpus:[ _{ c:_{x:1,y:3},
						    w:_{id:true}
						  },
						 _{ c:_{x:1,y:1},
						    w:_{id:false}
						  },
						 _{ c:_{x:2,y:1},
						    w:_{id:false}
						  },
						 _{ c:_{x:1,y:2},
						    w:_{id:false}
						  },
						 _{ c:_{x:3,y:1},
						    w:_{id:false}
						  },
						 _{ c:_{x:2,y:2},
						    w:_{id:false}
						  },
						 _{ c:_{x:3,y:2},
						    w:_{id:false}
						  },
						 _{ c:_{x:2,y:3},
						    w:_{id:false}
						  }
					       ]
				  },
	      uncertain_fluents:_{fatal:[]}
	    },
   percepts:[glitter,breeze,stench]
 }
completed(12, 0.06081152000000001, 3488, 200, ok).
/*Sat Mar  9 15:23:40 2024*/ request(13, 1709994220.227, [peer(ip(127,0,0,1)),method(options),request_uri('/action'),path('/action'),http_version(1-1),host(localhost),port(8081),connection('keep-alive'),access_control_request_method('PUT'),access_control_request_headers('content-type'),origin('http://localhost:9000'),user_agent('Mozilla/5.0 (X11; Linux x86_64) AppleWebKit/537.36 (KHTML, like Gecko) Chrome/122.0.0.0 Safari/537.36'),sec_fetch_mode(cors),sec_fetch_site('same-site'),sec_fetch_dest(empty),referer('http://localhost:9000/')]).
completed(13, 0.006705492000000007, 0, 200, ok).
/*Sat Mar  9 15:23:40 2024*/ request(14, 1709994220.238, [peer(ip(127,0,0,1)),method(put),request_uri('/action'),path('/action'),http_version(1-1),host(localhost),port(8081),connection('keep-alive'),content_length(2741),sec_ch_ua('"Chromium";v="122", "Not(A:Brand";v="24", "Brave";v="122"'),sec_ch_ua_platform('"Linux"'),sec_ch_ua_mobile('?0'),user_agent('Mozilla/5.0 (X11; Linux x86_64) AppleWebKit/537.36 (KHTML, like Gecko) Chrome/122.0.0.0 Safari/537.36'),content_type('application/json'),sec_gpc('1'),origin('http://localhost:9000'),sec_fetch_site('same-site'),sec_fetch_mode(cors),sec_fetch_dest(empty),referer('http://localhost:9000/')]).
_{ beliefs:_{ certain_eternals:_{ cells:[ _{x:0,y:0},
					  _{x:1,y:0},
					  _{x:2,y:0},
					  _{x:3,y:0},
					  _{x:4,y:0},
					  _{x:5,y:0},
					  _{x:0,y:1},
					  _{x:1,y:1},
					  _{x:2,y:1},
					  _{x:3,y:1},
					  _{x:4,y:1},
					  _{x:5,y:1},
					  _{x:0,y:2},
					  _{x:1,y:2},
					  _{x:2,y:2},
					  _{x:3,y:2},
					  _{x:4,y:2},
					  _{x:5,y:2},
					  _{x:0,y:3},
					  _{x:1,y:3},
					  _{x:2,y:3},
					  _{x:3,y:3},
					  _{x:4,y:3},
					  _{x:5,y:3},
					  _{x:0,y:4},
					  _{x:1,y:4},
					  _{x:2,y:4},
					  _{x:3,y:4},
					  _{x:4,y:4},
					  _{x:5,y:4},
					  _{x:0,y:5},
					  _{x:1,y:5},
					  _{x:2,y:5},
					  _{x:3,y:5},
					  _{x:4,y:5},
					  _{x:5,y:5}
					],
				  eat_exit:_{c:_{x:1,y:1},e:_{id:exit}},
				  eat_walls:[ _{ c:_{x:5,y:5},
						 w:_{id:wall20}
					       },
					      _{ c:_{x:4,y:5},
						 w:_{id:wall19}
					       },
					      _{ c:_{x:3,y:5},
						 w:_{id:wall18}
					       },
					      _{ c:_{x:2,y:5},
						 w:_{id:wall17}
					       },
					      _{ c:_{x:1,y:5},
						 w:_{id:wall16}
					       },
					      _{ c:_{x:0,y:5},
						 w:_{id:wall15}
					       },
					      _{ c:_{x:5,y:4},
						 w:_{id:wall14}
					       },
					      _{ c:_{x:0,y:4},
						 w:_{id:wall13}
					       },
					      _{ c:_{x:5,y:3},
						 w:_{id:wall12}
					       },
					      _{ c:_{x:0,y:3},
						 w:_{id:wall11}
					       },
					      _{ c:_{x:5,y:2},
						 w:_{id:wall10}
					       },
					      _{ c:_{x:0,y:2},
						 w:_{id:wall9}
					       },
					      _{ c:_{x:5,y:1},
						 w:_{id:wall8}
					       },
					      _{ c:_{x:0,y:1},
						 w:_{id:wall7}
					       },
					      _{ c:_{x:5,y:0},
						 w:_{id:wall6}
					       },
					      _{ c:_{x:4,y:0},
						 w:_{id:wall5}
					       },
					      _{ c:_{x:3,y:0},
						 w:_{id:wall4}
					       },
					      _{ c:_{x:2,y:0},
						 w:_{id:wall3}
					       },
					      _{ c:_{x:1,y:0},
						 w:_{id:wall2}
					       },
					      _{ c:_{x:0,y:0},
						 w:_{id:wall1}
					       }
					    ]
				},
	      certain_fluents:_{ alive:[_{id:hunter}],
				 dir:[_{d:north,h:_{id:hunter}}],
				 fat_gold:[],
				 fat_hunter:_{ c:_{x:2,y:3},
					       h:_{id:hunter}
					     },
				 game_state:running,
				 has_arrow:[ _{ a:_{id:arrow1},
						h:_{id:hunter}
					      }
					   ],
				 has_gold:true,
				 score:0,
				 visited:[ _{ from:_{x:2,y:2},
					      to:_{x:2,y:3}
					    },
					   _{ from:_{x:2,y:1},
					      to:_{x:2,y:2}
					    },
					   _{ from:_{x:1,y:1},
					      to:_{x:2,y:1}
					    },
					   _{ from:_{x:1,y:2},
					      to:_{x:1,y:1}
					    },
					   _{ from:_{x:1,y:1},
					      to:_{x:1,y:2}
					    }
					 ]
			       },
	      step:0,
	      uncertain_eternals:_{ eat_pit:[ _{ c:_{x:3,y:1},
						 p:_{id:true}
					       },
					      _{ c:_{x:2,y:4},
						 p:_{id:true}
					       },
					      _{ c:_{x:3,y:3},
						 p:_{id:true}
					       },
					      _{ c:_{x:1,y:1},
						 p:_{id:false}
					       },
					      _{ c:_{x:2,y:1},
						 p:_{id:false}
					       },
					      _{ c:_{x:1,y:2},
						 p:_{id:false}
					       },
					      _{ c:_{x:2,y:2},
						 p:_{id:false}
					       },
					      _{ c:_{x:1,y:3},
						 p:_{id:false}
					       },
					      _{ c:_{x:3,y:2},
						 p:_{id:false}
					       },
					      _{ c:_{x:2,y:3},
						 p:_{id:false}
					       }
					    ],
				    eat_wumpus:[ _{ c:_{x:1,y:3},
						    w:_{id:true}
						  },
						 _{ c:_{x:2,y:4},
						    w:_{id:true}
						  },
						 _{ c:_{x:3,y:3},
						    w:_{id:true}
						  },
						 _{ c:_{x:1,y:1},
						    w:_{id:false}
						  },
						 _{ c:_{x:2,y:1},
						    w:_{id:false}
						  },
						 _{ c:_{x:1,y:2},
						    w:_{id:false}
						  },
						 _{ c:_{x:3,y:1},
						    w:_{id:false}
						  },
						 _{ c:_{x:2,y:2},
						    w:_{id:false}
						  },
						 _{ c:_{x:3,y:2},
						    w:_{id:false}
						  },
						 _{ c:_{x:2,y:3},
						    w:_{id:false}
						  }
					       ]
				  },
	      uncertain_fluents:_{fatal:[]}
	    },
   percepts:[breeze,stench]
 }
completed(14, 0.080738579, 3477, 200, ok).
/*Sat Mar  9 15:23:41 2024*/ request(15, 1709994221.575, [peer(ip(127,0,0,1)),method(put),request_uri('/action'),path('/action'),http_version(1-1),host(localhost),port(8081),connection('keep-alive'),content_length(2740),sec_ch_ua('"Chromium";v="122", "Not(A:Brand";v="24", "Brave";v="122"'),sec_ch_ua_platform('"Linux"'),sec_ch_ua_mobile('?0'),user_agent('Mozilla/5.0 (X11; Linux x86_64) AppleWebKit/537.36 (KHTML, like Gecko) Chrome/122.0.0.0 Safari/537.36'),content_type('application/json'),sec_gpc('1'),origin('http://localhost:9000'),sec_fetch_site('same-site'),sec_fetch_mode(cors),sec_fetch_dest(empty),referer('http://localhost:9000/')]).
_{ beliefs:_{ certain_eternals:_{ cells:[ _{x:0,y:0},
					  _{x:1,y:0},
					  _{x:2,y:0},
					  _{x:3,y:0},
					  _{x:4,y:0},
					  _{x:5,y:0},
					  _{x:0,y:1},
					  _{x:1,y:1},
					  _{x:2,y:1},
					  _{x:3,y:1},
					  _{x:4,y:1},
					  _{x:5,y:1},
					  _{x:0,y:2},
					  _{x:1,y:2},
					  _{x:2,y:2},
					  _{x:3,y:2},
					  _{x:4,y:2},
					  _{x:5,y:2},
					  _{x:0,y:3},
					  _{x:1,y:3},
					  _{x:2,y:3},
					  _{x:3,y:3},
					  _{x:4,y:3},
					  _{x:5,y:3},
					  _{x:0,y:4},
					  _{x:1,y:4},
					  _{x:2,y:4},
					  _{x:3,y:4},
					  _{x:4,y:4},
					  _{x:5,y:4},
					  _{x:0,y:5},
					  _{x:1,y:5},
					  _{x:2,y:5},
					  _{x:3,y:5},
					  _{x:4,y:5},
					  _{x:5,y:5}
					],
				  eat_exit:_{c:_{x:1,y:1},e:_{id:exit}},
				  eat_walls:[ _{ c:_{x:5,y:5},
						 w:_{id:wall20}
					       },
					      _{ c:_{x:4,y:5},
						 w:_{id:wall19}
					       },
					      _{ c:_{x:3,y:5},
						 w:_{id:wall18}
					       },
					      _{ c:_{x:2,y:5},
						 w:_{id:wall17}
					       },
					      _{ c:_{x:1,y:5},
						 w:_{id:wall16}
					       },
					      _{ c:_{x:0,y:5},
						 w:_{id:wall15}
					       },
					      _{ c:_{x:5,y:4},
						 w:_{id:wall14}
					       },
					      _{ c:_{x:0,y:4},
						 w:_{id:wall13}
					       },
					      _{ c:_{x:5,y:3},
						 w:_{id:wall12}
					       },
					      _{ c:_{x:0,y:3},
						 w:_{id:wall11}
					       },
					      _{ c:_{x:5,y:2},
						 w:_{id:wall10}
					       },
					      _{ c:_{x:0,y:2},
						 w:_{id:wall9}
					       },
					      _{ c:_{x:5,y:1},
						 w:_{id:wall8}
					       },
					      _{ c:_{x:0,y:1},
						 w:_{id:wall7}
					       },
					      _{ c:_{x:5,y:0},
						 w:_{id:wall6}
					       },
					      _{ c:_{x:4,y:0},
						 w:_{id:wall5}
					       },
					      _{ c:_{x:3,y:0},
						 w:_{id:wall4}
					       },
					      _{ c:_{x:2,y:0},
						 w:_{id:wall3}
					       },
					      _{ c:_{x:1,y:0},
						 w:_{id:wall2}
					       },
					      _{ c:_{x:0,y:0},
						 w:_{id:wall1}
					       }
					    ]
				},
	      certain_fluents:_{ alive:[_{id:hunter}],
				 dir:[_{d:east,h:_{id:hunter}}],
				 fat_gold:[],
				 fat_hunter:_{ c:_{x:2,y:3},
					       h:_{id:hunter}
					     },
				 game_state:running,
				 has_arrow:[ _{ a:_{id:arrow1},
						h:_{id:hunter}
					      }
					   ],
				 has_gold:true,
				 score:0,
				 visited:[ _{ from:_{x:2,y:2},
					      to:_{x:2,y:3}
					    },
					   _{ from:_{x:2,y:1},
					      to:_{x:2,y:2}
					    },
					   _{ from:_{x:1,y:1},
					      to:_{x:2,y:1}
					    },
					   _{ from:_{x:1,y:2},
					      to:_{x:1,y:1}
					    },
					   _{ from:_{x:1,y:1},
					      to:_{x:1,y:2}
					    }
					 ]
			       },
	      step:0,
	      uncertain_eternals:_{ eat_pit:[ _{ c:_{x:3,y:1},
						 p:_{id:true}
					       },
					      _{ c:_{x:2,y:4},
						 p:_{id:true}
					       },
					      _{ c:_{x:3,y:3},
						 p:_{id:true}
					       },
					      _{ c:_{x:1,y:1},
						 p:_{id:false}
					       },
					      _{ c:_{x:2,y:1},
						 p:_{id:false}
					       },
					      _{ c:_{x:1,y:2},
						 p:_{id:false}
					       },
					      _{ c:_{x:2,y:2},
						 p:_{id:false}
					       },
					      _{ c:_{x:1,y:3},
						 p:_{id:false}
					       },
					      _{ c:_{x:3,y:2},
						 p:_{id:false}
					       },
					      _{ c:_{x:2,y:3},
						 p:_{id:false}
					       }
					    ],
				    eat_wumpus:[ _{ c:_{x:1,y:3},
						    w:_{id:true}
						  },
						 _{ c:_{x:2,y:4},
						    w:_{id:true}
						  },
						 _{ c:_{x:3,y:3},
						    w:_{id:true}
						  },
						 _{ c:_{x:1,y:1},
						    w:_{id:false}
						  },
						 _{ c:_{x:2,y:1},
						    w:_{id:false}
						  },
						 _{ c:_{x:1,y:2},
						    w:_{id:false}
						  },
						 _{ c:_{x:3,y:1},
						    w:_{id:false}
						  },
						 _{ c:_{x:2,y:2},
						    w:_{id:false}
						  },
						 _{ c:_{x:3,y:2},
						    w:_{id:false}
						  },
						 _{ c:_{x:2,y:3},
						    w:_{id:false}
						  }
					       ]
				  },
	      uncertain_fluents:_{fatal:[]}
	    },
   percepts:[breeze,stench]
 }
completed(15, 0.07124096600000002, 3478, 200, ok).
/*Sat Mar  9 15:23:42 2024*/ request(16, 1709994222.757, [peer(ip(127,0,0,1)),method(put),request_uri('/action'),path('/action'),http_version(1-1),host(localhost),port(8081),connection('keep-alive'),content_length(2741),sec_ch_ua('"Chromium";v="122", "Not(A:Brand";v="24", "Brave";v="122"'),sec_ch_ua_platform('"Linux"'),sec_ch_ua_mobile('?0'),user_agent('Mozilla/5.0 (X11; Linux x86_64) AppleWebKit/537.36 (KHTML, like Gecko) Chrome/122.0.0.0 Safari/537.36'),content_type('application/json'),sec_gpc('1'),origin('http://localhost:9000'),sec_fetch_site('same-site'),sec_fetch_mode(cors),sec_fetch_dest(empty),referer('http://localhost:9000/')]).
_{ beliefs:_{ certain_eternals:_{ cells:[ _{x:0,y:0},
					  _{x:1,y:0},
					  _{x:2,y:0},
					  _{x:3,y:0},
					  _{x:4,y:0},
					  _{x:5,y:0},
					  _{x:0,y:1},
					  _{x:1,y:1},
					  _{x:2,y:1},
					  _{x:3,y:1},
					  _{x:4,y:1},
					  _{x:5,y:1},
					  _{x:0,y:2},
					  _{x:1,y:2},
					  _{x:2,y:2},
					  _{x:3,y:2},
					  _{x:4,y:2},
					  _{x:5,y:2},
					  _{x:0,y:3},
					  _{x:1,y:3},
					  _{x:2,y:3},
					  _{x:3,y:3},
					  _{x:4,y:3},
					  _{x:5,y:3},
					  _{x:0,y:4},
					  _{x:1,y:4},
					  _{x:2,y:4},
					  _{x:3,y:4},
					  _{x:4,y:4},
					  _{x:5,y:4},
					  _{x:0,y:5},
					  _{x:1,y:5},
					  _{x:2,y:5},
					  _{x:3,y:5},
					  _{x:4,y:5},
					  _{x:5,y:5}
					],
				  eat_exit:_{c:_{x:1,y:1},e:_{id:exit}},
				  eat_walls:[ _{ c:_{x:5,y:5},
						 w:_{id:wall20}
					       },
					      _{ c:_{x:4,y:5},
						 w:_{id:wall19}
					       },
					      _{ c:_{x:3,y:5},
						 w:_{id:wall18}
					       },
					      _{ c:_{x:2,y:5},
						 w:_{id:wall17}
					       },
					      _{ c:_{x:1,y:5},
						 w:_{id:wall16}
					       },
					      _{ c:_{x:0,y:5},
						 w:_{id:wall15}
					       },
					      _{ c:_{x:5,y:4},
						 w:_{id:wall14}
					       },
					      _{ c:_{x:0,y:4},
						 w:_{id:wall13}
					       },
					      _{ c:_{x:5,y:3},
						 w:_{id:wall12}
					       },
					      _{ c:_{x:0,y:3},
						 w:_{id:wall11}
					       },
					      _{ c:_{x:5,y:2},
						 w:_{id:wall10}
					       },
					      _{ c:_{x:0,y:2},
						 w:_{id:wall9}
					       },
					      _{ c:_{x:5,y:1},
						 w:_{id:wall8}
					       },
					      _{ c:_{x:0,y:1},
						 w:_{id:wall7}
					       },
					      _{ c:_{x:5,y:0},
						 w:_{id:wall6}
					       },
					      _{ c:_{x:4,y:0},
						 w:_{id:wall5}
					       },
					      _{ c:_{x:3,y:0},
						 w:_{id:wall4}
					       },
					      _{ c:_{x:2,y:0},
						 w:_{id:wall3}
					       },
					      _{ c:_{x:1,y:0},
						 w:_{id:wall2}
					       },
					      _{ c:_{x:0,y:0},
						 w:_{id:wall1}
					       }
					    ]
				},
	      certain_fluents:_{ alive:[_{id:hunter}],
				 dir:[_{d:south,h:_{id:hunter}}],
				 fat_gold:[],
				 fat_hunter:_{ c:_{x:2,y:3},
					       h:_{id:hunter}
					     },
				 game_state:running,
				 has_arrow:[ _{ a:_{id:arrow1},
						h:_{id:hunter}
					      }
					   ],
				 has_gold:true,
				 score:0,
				 visited:[ _{ from:_{x:2,y:2},
					      to:_{x:2,y:3}
					    },
					   _{ from:_{x:2,y:1},
					      to:_{x:2,y:2}
					    },
					   _{ from:_{x:1,y:1},
					      to:_{x:2,y:1}
					    },
					   _{ from:_{x:1,y:2},
					      to:_{x:1,y:1}
					    },
					   _{ from:_{x:1,y:1},
					      to:_{x:1,y:2}
					    }
					 ]
			       },
	      step:0,
	      uncertain_eternals:_{ eat_pit:[ _{ c:_{x:3,y:1},
						 p:_{id:true}
					       },
					      _{ c:_{x:2,y:4},
						 p:_{id:true}
					       },
					      _{ c:_{x:3,y:3},
						 p:_{id:true}
					       },
					      _{ c:_{x:1,y:1},
						 p:_{id:false}
					       },
					      _{ c:_{x:2,y:1},
						 p:_{id:false}
					       },
					      _{ c:_{x:1,y:2},
						 p:_{id:false}
					       },
					      _{ c:_{x:2,y:2},
						 p:_{id:false}
					       },
					      _{ c:_{x:1,y:3},
						 p:_{id:false}
					       },
					      _{ c:_{x:3,y:2},
						 p:_{id:false}
					       },
					      _{ c:_{x:2,y:3},
						 p:_{id:false}
					       }
					    ],
				    eat_wumpus:[ _{ c:_{x:1,y:3},
						    w:_{id:true}
						  },
						 _{ c:_{x:2,y:4},
						    w:_{id:true}
						  },
						 _{ c:_{x:3,y:3},
						    w:_{id:true}
						  },
						 _{ c:_{x:1,y:1},
						    w:_{id:false}
						  },
						 _{ c:_{x:2,y:1},
						    w:_{id:false}
						  },
						 _{ c:_{x:1,y:2},
						    w:_{id:false}
						  },
						 _{ c:_{x:3,y:1},
						    w:_{id:false}
						  },
						 _{ c:_{x:2,y:2},
						    w:_{id:false}
						  },
						 _{ c:_{x:3,y:2},
						    w:_{id:false}
						  },
						 _{ c:_{x:2,y:3},
						    w:_{id:false}
						  }
					       ]
				  },
	      uncertain_fluents:_{fatal:[]}
	    },
   percepts:[breeze,stench]
 }
completed(16, 0.06632291100000001, 3429, 200, ok).
/*Sat Mar  9 15:23:43 2024*/ request(17, 1709994223.978, [peer(ip(127,0,0,1)),method(put),request_uri('/action'),path('/action'),http_version(1-1),host(localhost),port(8081),connection('keep-alive'),content_length(2682),sec_ch_ua('"Chromium";v="122", "Not(A:Brand";v="24", "Brave";v="122"'),sec_ch_ua_platform('"Linux"'),sec_ch_ua_mobile('?0'),user_agent('Mozilla/5.0 (X11; Linux x86_64) AppleWebKit/537.36 (KHTML, like Gecko) Chrome/122.0.0.0 Safari/537.36'),content_type('application/json'),sec_gpc('1'),origin('http://localhost:9000'),sec_fetch_site('same-site'),sec_fetch_mode(cors),sec_fetch_dest(empty),referer('http://localhost:9000/')]).
_{ beliefs:_{ certain_eternals:_{ cells:[ _{x:0,y:0},
					  _{x:1,y:0},
					  _{x:2,y:0},
					  _{x:3,y:0},
					  _{x:4,y:0},
					  _{x:5,y:0},
					  _{x:0,y:1},
					  _{x:1,y:1},
					  _{x:2,y:1},
					  _{x:3,y:1},
					  _{x:4,y:1},
					  _{x:5,y:1},
					  _{x:0,y:2},
					  _{x:1,y:2},
					  _{x:2,y:2},
					  _{x:3,y:2},
					  _{x:4,y:2},
					  _{x:5,y:2},
					  _{x:0,y:3},
					  _{x:1,y:3},
					  _{x:2,y:3},
					  _{x:3,y:3},
					  _{x:4,y:3},
					  _{x:5,y:3},
					  _{x:0,y:4},
					  _{x:1,y:4},
					  _{x:2,y:4},
					  _{x:3,y:4},
					  _{x:4,y:4},
					  _{x:5,y:4},
					  _{x:0,y:5},
					  _{x:1,y:5},
					  _{x:2,y:5},
					  _{x:3,y:5},
					  _{x:4,y:5},
					  _{x:5,y:5}
					],
				  eat_exit:_{c:_{x:1,y:1},e:_{id:exit}},
				  eat_walls:[ _{ c:_{x:5,y:5},
						 w:_{id:wall20}
					       },
					      _{ c:_{x:4,y:5},
						 w:_{id:wall19}
					       },
					      _{ c:_{x:3,y:5},
						 w:_{id:wall18}
					       },
					      _{ c:_{x:2,y:5},
						 w:_{id:wall17}
					       },
					      _{ c:_{x:1,y:5},
						 w:_{id:wall16}
					       },
					      _{ c:_{x:0,y:5},
						 w:_{id:wall15}
					       },
					      _{ c:_{x:5,y:4},
						 w:_{id:wall14}
					       },
					      _{ c:_{x:0,y:4},
						 w:_{id:wall13}
					       },
					      _{ c:_{x:5,y:3},
						 w:_{id:wall12}
					       },
					      _{ c:_{x:0,y:3},
						 w:_{id:wall11}
					       },
					      _{ c:_{x:5,y:2},
						 w:_{id:wall10}
					       },
					      _{ c:_{x:0,y:2},
						 w:_{id:wall9}
					       },
					      _{ c:_{x:5,y:1},
						 w:_{id:wall8}
					       },
					      _{ c:_{x:0,y:1},
						 w:_{id:wall7}
					       },
					      _{ c:_{x:5,y:0},
						 w:_{id:wall6}
					       },
					      _{ c:_{x:4,y:0},
						 w:_{id:wall5}
					       },
					      _{ c:_{x:3,y:0},
						 w:_{id:wall4}
					       },
					      _{ c:_{x:2,y:0},
						 w:_{id:wall3}
					       },
					      _{ c:_{x:1,y:0},
						 w:_{id:wall2}
					       },
					      _{ c:_{x:0,y:0},
						 w:_{id:wall1}
					       }
					    ]
				},
	      certain_fluents:_{ alive:[_{id:hunter}],
				 dir:[_{d:south,h:_{id:hunter}}],
				 fat_gold:[],
				 fat_hunter:_{ c:_{x:2,y:2},
					       h:_{id:hunter}
					     },
				 game_state:running,
				 has_arrow:[ _{ a:_{id:arrow1},
						h:_{id:hunter}
					      }
					   ],
				 has_gold:true,
				 score:0,
				 visited:[ _{ from:_{x:2,y:1},
					      to:_{x:2,y:2}
					    },
					   _{ from:_{x:1,y:1},
					      to:_{x:2,y:1}
					    },
					   _{ from:_{x:1,y:2},
					      to:_{x:1,y:1}
					    },
					   _{ from:_{x:1,y:1},
					      to:_{x:1,y:2}
					    }
					 ]
			       },
	      step:0,
	      uncertain_eternals:_{ eat_pit:[ _{ c:_{x:3,y:1},
						 p:_{id:true}
					       },
					      _{ c:_{x:2,y:4},
						 p:_{id:true}
					       },
					      _{ c:_{x:3,y:3},
						 p:_{id:true}
					       },
					      _{ c:_{x:1,y:1},
						 p:_{id:false}
					       },
					      _{ c:_{x:2,y:1},
						 p:_{id:false}
					       },
					      _{ c:_{x:1,y:2},
						 p:_{id:false}
					       },
					      _{ c:_{x:2,y:2},
						 p:_{id:false}
					       },
					      _{ c:_{x:1,y:3},
						 p:_{id:false}
					       },
					      _{ c:_{x:3,y:2},
						 p:_{id:false}
					       },
					      _{ c:_{x:2,y:3},
						 p:_{id:false}
					       }
					    ],
				    eat_wumpus:[ _{ c:_{x:1,y:3},
						    w:_{id:true}
						  },
						 _{ c:_{x:2,y:4},
						    w:_{id:true}
						  },
						 _{ c:_{x:3,y:3},
						    w:_{id:true}
						  },
						 _{ c:_{x:1,y:1},
						    w:_{id:false}
						  },
						 _{ c:_{x:2,y:1},
						    w:_{id:false}
						  },
						 _{ c:_{x:1,y:2},
						    w:_{id:false}
						  },
						 _{ c:_{x:3,y:1},
						    w:_{id:false}
						  },
						 _{ c:_{x:2,y:2},
						    w:_{id:false}
						  },
						 _{ c:_{x:3,y:2},
						    w:_{id:false}
						  },
						 _{ c:_{x:2,y:3},
						    w:_{id:false}
						  }
					       ]
				  },
	      uncertain_fluents:_{fatal:[]}
	    },
   percepts:[]
 }
completed(17, 0.07625077499999999, 3359, 200, ok).
/*Sat Mar  9 15:23:45 2024*/ request(18, 1709994225.121, [peer(ip(127,0,0,1)),method(put),request_uri('/action'),path('/action'),http_version(1-1),host(localhost),port(8081),connection('keep-alive'),content_length(2648),sec_ch_ua('"Chromium";v="122", "Not(A:Brand";v="24", "Brave";v="122"'),sec_ch_ua_platform('"Linux"'),sec_ch_ua_mobile('?0'),user_agent('Mozilla/5.0 (X11; Linux x86_64) AppleWebKit/537.36 (KHTML, like Gecko) Chrome/122.0.0.0 Safari/537.36'),content_type('application/json'),sec_gpc('1'),origin('http://localhost:9000'),sec_fetch_site('same-site'),sec_fetch_mode(cors),sec_fetch_dest(empty),referer('http://localhost:9000/')]).
_{ beliefs:_{ certain_eternals:_{ cells:[ _{x:0,y:0},
					  _{x:1,y:0},
					  _{x:2,y:0},
					  _{x:3,y:0},
					  _{x:4,y:0},
					  _{x:5,y:0},
					  _{x:0,y:1},
					  _{x:1,y:1},
					  _{x:2,y:1},
					  _{x:3,y:1},
					  _{x:4,y:1},
					  _{x:5,y:1},
					  _{x:0,y:2},
					  _{x:1,y:2},
					  _{x:2,y:2},
					  _{x:3,y:2},
					  _{x:4,y:2},
					  _{x:5,y:2},
					  _{x:0,y:3},
					  _{x:1,y:3},
					  _{x:2,y:3},
					  _{x:3,y:3},
					  _{x:4,y:3},
					  _{x:5,y:3},
					  _{x:0,y:4},
					  _{x:1,y:4},
					  _{x:2,y:4},
					  _{x:3,y:4},
					  _{x:4,y:4},
					  _{x:5,y:4},
					  _{x:0,y:5},
					  _{x:1,y:5},
					  _{x:2,y:5},
					  _{x:3,y:5},
					  _{x:4,y:5},
					  _{x:5,y:5}
					],
				  eat_exit:_{c:_{x:1,y:1},e:_{id:exit}},
				  eat_walls:[ _{ c:_{x:5,y:5},
						 w:_{id:wall20}
					       },
					      _{ c:_{x:4,y:5},
						 w:_{id:wall19}
					       },
					      _{ c:_{x:3,y:5},
						 w:_{id:wall18}
					       },
					      _{ c:_{x:2,y:5},
						 w:_{id:wall17}
					       },
					      _{ c:_{x:1,y:5},
						 w:_{id:wall16}
					       },
					      _{ c:_{x:0,y:5},
						 w:_{id:wall15}
					       },
					      _{ c:_{x:5,y:4},
						 w:_{id:wall14}
					       },
					      _{ c:_{x:0,y:4},
						 w:_{id:wall13}
					       },
					      _{ c:_{x:5,y:3},
						 w:_{id:wall12}
					       },
					      _{ c:_{x:0,y:3},
						 w:_{id:wall11}
					       },
					      _{ c:_{x:5,y:2},
						 w:_{id:wall10}
					       },
					      _{ c:_{x:0,y:2},
						 w:_{id:wall9}
					       },
					      _{ c:_{x:5,y:1},
						 w:_{id:wall8}
					       },
					      _{ c:_{x:0,y:1},
						 w:_{id:wall7}
					       },
					      _{ c:_{x:5,y:0},
						 w:_{id:wall6}
					       },
					      _{ c:_{x:4,y:0},
						 w:_{id:wall5}
					       },
					      _{ c:_{x:3,y:0},
						 w:_{id:wall4}
					       },
					      _{ c:_{x:2,y:0},
						 w:_{id:wall3}
					       },
					      _{ c:_{x:1,y:0},
						 w:_{id:wall2}
					       },
					      _{ c:_{x:0,y:0},
						 w:_{id:wall1}
					       }
					    ]
				},
	      certain_fluents:_{ alive:[_{id:hunter}],
				 dir:[_{d:south,h:_{id:hunter}}],
				 fat_gold:[],
				 fat_hunter:_{ c:_{x:2,y:1},
					       h:_{id:hunter}
					     },
				 game_state:running,
				 has_arrow:[ _{ a:_{id:arrow1},
						h:_{id:hunter}
					      }
					   ],
				 has_gold:true,
				 score:0,
				 visited:[ _{ from:_{x:1,y:1},
					      to:_{x:2,y:1}
					    },
					   _{ from:_{x:1,y:2},
					      to:_{x:1,y:1}
					    },
					   _{ from:_{x:1,y:1},
					      to:_{x:1,y:2}
					    }
					 ]
			       },
	      step:0,
	      uncertain_eternals:_{ eat_pit:[ _{ c:_{x:3,y:1},
						 p:_{id:true}
					       },
					      _{ c:_{x:2,y:4},
						 p:_{id:true}
					       },
					      _{ c:_{x:3,y:3},
						 p:_{id:true}
					       },
					      _{ c:_{x:1,y:1},
						 p:_{id:false}
					       },
					      _{ c:_{x:2,y:1},
						 p:_{id:false}
					       },
					      _{ c:_{x:1,y:2},
						 p:_{id:false}
					       },
					      _{ c:_{x:2,y:2},
						 p:_{id:false}
					       },
					      _{ c:_{x:1,y:3},
						 p:_{id:false}
					       },
					      _{ c:_{x:3,y:2},
						 p:_{id:false}
					       },
					      _{ c:_{x:2,y:3},
						 p:_{id:false}
					       }
					    ],
				    eat_wumpus:[ _{ c:_{x:1,y:3},
						    w:_{id:true}
						  },
						 _{ c:_{x:2,y:4},
						    w:_{id:true}
						  },
						 _{ c:_{x:3,y:3},
						    w:_{id:true}
						  },
						 _{ c:_{x:1,y:1},
						    w:_{id:false}
						  },
						 _{ c:_{x:2,y:1},
						    w:_{id:false}
						  },
						 _{ c:_{x:1,y:2},
						    w:_{id:false}
						  },
						 _{ c:_{x:3,y:1},
						    w:_{id:false}
						  },
						 _{ c:_{x:2,y:2},
						    w:_{id:false}
						  },
						 _{ c:_{x:3,y:2},
						    w:_{id:false}
						  },
						 _{ c:_{x:2,y:3},
						    w:_{id:false}
						  }
					       ]
				  },
	      uncertain_fluents:_{fatal:[]}
	    },
   percepts:[breeze]
 }
completed(18, 0.055539405999999986, 3365, 200, ok).
/*Sat Mar  9 15:23:46 2024*/ request(19, 1709994226.756, [peer(ip(127,0,0,1)),method(options),request_uri('/action'),path('/action'),http_version(1-1),host(localhost),port(8081),connection('keep-alive'),access_control_request_method('PUT'),access_control_request_headers('content-type'),origin('http://localhost:9000'),user_agent('Mozilla/5.0 (X11; Linux x86_64) AppleWebKit/537.36 (KHTML, like Gecko) Chrome/122.0.0.0 Safari/537.36'),sec_fetch_mode(cors),sec_fetch_site('same-site'),sec_fetch_dest(empty),referer('http://localhost:9000/')]).
completed(19, 0.004687260999999998, 0, 200, ok).
/*Sat Mar  9 15:23:46 2024*/ request(20, 1709994226.765, [peer(ip(127,0,0,1)),method(put),request_uri('/action'),path('/action'),http_version(1-1),host(localhost),port(8081),connection('keep-alive'),content_length(2647),sec_ch_ua('"Chromium";v="122", "Not(A:Brand";v="24", "Brave";v="122"'),sec_ch_ua_platform('"Linux"'),sec_ch_ua_mobile('?0'),user_agent('Mozilla/5.0 (X11; Linux x86_64) AppleWebKit/537.36 (KHTML, like Gecko) Chrome/122.0.0.0 Safari/537.36'),content_type('application/json'),sec_gpc('1'),origin('http://localhost:9000'),sec_fetch_site('same-site'),sec_fetch_mode(cors),sec_fetch_dest(empty),referer('http://localhost:9000/')]).
_{ beliefs:_{ certain_eternals:_{ cells:[ _{x:0,y:0},
					  _{x:1,y:0},
					  _{x:2,y:0},
					  _{x:3,y:0},
					  _{x:4,y:0},
					  _{x:5,y:0},
					  _{x:0,y:1},
					  _{x:1,y:1},
					  _{x:2,y:1},
					  _{x:3,y:1},
					  _{x:4,y:1},
					  _{x:5,y:1},
					  _{x:0,y:2},
					  _{x:1,y:2},
					  _{x:2,y:2},
					  _{x:3,y:2},
					  _{x:4,y:2},
					  _{x:5,y:2},
					  _{x:0,y:3},
					  _{x:1,y:3},
					  _{x:2,y:3},
					  _{x:3,y:3},
					  _{x:4,y:3},
					  _{x:5,y:3},
					  _{x:0,y:4},
					  _{x:1,y:4},
					  _{x:2,y:4},
					  _{x:3,y:4},
					  _{x:4,y:4},
					  _{x:5,y:4},
					  _{x:0,y:5},
					  _{x:1,y:5},
					  _{x:2,y:5},
					  _{x:3,y:5},
					  _{x:4,y:5},
					  _{x:5,y:5}
					],
				  eat_exit:_{c:_{x:1,y:1},e:_{id:exit}},
				  eat_walls:[ _{ c:_{x:5,y:5},
						 w:_{id:wall20}
					       },
					      _{ c:_{x:4,y:5},
						 w:_{id:wall19}
					       },
					      _{ c:_{x:3,y:5},
						 w:_{id:wall18}
					       },
					      _{ c:_{x:2,y:5},
						 w:_{id:wall17}
					       },
					      _{ c:_{x:1,y:5},
						 w:_{id:wall16}
					       },
					      _{ c:_{x:0,y:5},
						 w:_{id:wall15}
					       },
					      _{ c:_{x:5,y:4},
						 w:_{id:wall14}
					       },
					      _{ c:_{x:0,y:4},
						 w:_{id:wall13}
					       },
					      _{ c:_{x:5,y:3},
						 w:_{id:wall12}
					       },
					      _{ c:_{x:0,y:3},
						 w:_{id:wall11}
					       },
					      _{ c:_{x:5,y:2},
						 w:_{id:wall10}
					       },
					      _{ c:_{x:0,y:2},
						 w:_{id:wall9}
					       },
					      _{ c:_{x:5,y:1},
						 w:_{id:wall8}
					       },
					      _{ c:_{x:0,y:1},
						 w:_{id:wall7}
					       },
					      _{ c:_{x:5,y:0},
						 w:_{id:wall6}
					       },
					      _{ c:_{x:4,y:0},
						 w:_{id:wall5}
					       },
					      _{ c:_{x:3,y:0},
						 w:_{id:wall4}
					       },
					      _{ c:_{x:2,y:0},
						 w:_{id:wall3}
					       },
					      _{ c:_{x:1,y:0},
						 w:_{id:wall2}
					       },
					      _{ c:_{x:0,y:0},
						 w:_{id:wall1}
					       }
					    ]
				},
	      certain_fluents:_{ alive:[_{id:hunter}],
				 dir:[_{d:west,h:_{id:hunter}}],
				 fat_gold:[],
				 fat_hunter:_{ c:_{x:2,y:1},
					       h:_{id:hunter}
					     },
				 game_state:running,
				 has_arrow:[ _{ a:_{id:arrow1},
						h:_{id:hunter}
					      }
					   ],
				 has_gold:true,
				 score:0,
				 visited:[ _{ from:_{x:1,y:1},
					      to:_{x:2,y:1}
					    },
					   _{ from:_{x:1,y:2},
					      to:_{x:1,y:1}
					    },
					   _{ from:_{x:1,y:1},
					      to:_{x:1,y:2}
					    }
					 ]
			       },
	      step:0,
	      uncertain_eternals:_{ eat_pit:[ _{ c:_{x:3,y:1},
						 p:_{id:true}
					       },
					      _{ c:_{x:2,y:4},
						 p:_{id:true}
					       },
					      _{ c:_{x:3,y:3},
						 p:_{id:true}
					       },
					      _{ c:_{x:1,y:1},
						 p:_{id:false}
					       },
					      _{ c:_{x:2,y:1},
						 p:_{id:false}
					       },
					      _{ c:_{x:1,y:2},
						 p:_{id:false}
					       },
					      _{ c:_{x:2,y:2},
						 p:_{id:false}
					       },
					      _{ c:_{x:1,y:3},
						 p:_{id:false}
					       },
					      _{ c:_{x:3,y:2},
						 p:_{id:false}
					       },
					      _{ c:_{x:2,y:3},
						 p:_{id:false}
					       }
					    ],
				    eat_wumpus:[ _{ c:_{x:1,y:3},
						    w:_{id:true}
						  },
						 _{ c:_{x:2,y:4},
						    w:_{id:true}
						  },
						 _{ c:_{x:3,y:3},
						    w:_{id:true}
						  },
						 _{ c:_{x:1,y:1},
						    w:_{id:false}
						  },
						 _{ c:_{x:2,y:1},
						    w:_{id:false}
						  },
						 _{ c:_{x:1,y:2},
						    w:_{id:false}
						  },
						 _{ c:_{x:3,y:1},
						    w:_{id:false}
						  },
						 _{ c:_{x:2,y:2},
						    w:_{id:false}
						  },
						 _{ c:_{x:3,y:2},
						    w:_{id:false}
						  },
						 _{ c:_{x:2,y:3},
						    w:_{id:false}
						  }
					       ]
				  },
	      uncertain_fluents:_{fatal:[]}
	    },
   percepts:[breeze]
 }
completed(20, 0.07542717000000002, 3316, 200, ok).
/*Sat Mar  9 15:23:48 2024*/ request(21, 1709994228.810, [peer(ip(127,0,0,1)),method(put),request_uri('/action'),path('/action'),http_version(1-1),host(localhost),port(8081),connection('keep-alive'),content_length(2597),sec_ch_ua('"Chromium";v="122", "Not(A:Brand";v="24", "Brave";v="122"'),sec_ch_ua_platform('"Linux"'),sec_ch_ua_mobile('?0'),user_agent('Mozilla/5.0 (X11; Linux x86_64) AppleWebKit/537.36 (KHTML, like Gecko) Chrome/122.0.0.0 Safari/537.36'),content_type('application/json'),sec_gpc('1'),origin('http://localhost:9000'),sec_fetch_site('same-site'),sec_fetch_mode(cors),sec_fetch_dest(empty),referer('http://localhost:9000/')]).
_{ beliefs:_{ certain_eternals:_{ cells:[ _{x:0,y:0},
					  _{x:1,y:0},
					  _{x:2,y:0},
					  _{x:3,y:0},
					  _{x:4,y:0},
					  _{x:5,y:0},
					  _{x:0,y:1},
					  _{x:1,y:1},
					  _{x:2,y:1},
					  _{x:3,y:1},
					  _{x:4,y:1},
					  _{x:5,y:1},
					  _{x:0,y:2},
					  _{x:1,y:2},
					  _{x:2,y:2},
					  _{x:3,y:2},
					  _{x:4,y:2},
					  _{x:5,y:2},
					  _{x:0,y:3},
					  _{x:1,y:3},
					  _{x:2,y:3},
					  _{x:3,y:3},
					  _{x:4,y:3},
					  _{x:5,y:3},
					  _{x:0,y:4},
					  _{x:1,y:4},
					  _{x:2,y:4},
					  _{x:3,y:4},
					  _{x:4,y:4},
					  _{x:5,y:4},
					  _{x:0,y:5},
					  _{x:1,y:5},
					  _{x:2,y:5},
					  _{x:3,y:5},
					  _{x:4,y:5},
					  _{x:5,y:5}
					],
				  eat_exit:_{c:_{x:1,y:1},e:_{id:exit}},
				  eat_walls:[ _{ c:_{x:5,y:5},
						 w:_{id:wall20}
					       },
					      _{ c:_{x:4,y:5},
						 w:_{id:wall19}
					       },
					      _{ c:_{x:3,y:5},
						 w:_{id:wall18}
					       },
					      _{ c:_{x:2,y:5},
						 w:_{id:wall17}
					       },
					      _{ c:_{x:1,y:5},
						 w:_{id:wall16}
					       },
					      _{ c:_{x:0,y:5},
						 w:_{id:wall15}
					       },
					      _{ c:_{x:5,y:4},
						 w:_{id:wall14}
					       },
					      _{ c:_{x:0,y:4},
						 w:_{id:wall13}
					       },
					      _{ c:_{x:5,y:3},
						 w:_{id:wall12}
					       },
					      _{ c:_{x:0,y:3},
						 w:_{id:wall11}
					       },
					      _{ c:_{x:5,y:2},
						 w:_{id:wall10}
					       },
					      _{ c:_{x:0,y:2},
						 w:_{id:wall9}
					       },
					      _{ c:_{x:5,y:1},
						 w:_{id:wall8}
					       },
					      _{ c:_{x:0,y:1},
						 w:_{id:wall7}
					       },
					      _{ c:_{x:5,y:0},
						 w:_{id:wall6}
					       },
					      _{ c:_{x:4,y:0},
						 w:_{id:wall5}
					       },
					      _{ c:_{x:3,y:0},
						 w:_{id:wall4}
					       },
					      _{ c:_{x:2,y:0},
						 w:_{id:wall3}
					       },
					      _{ c:_{x:1,y:0},
						 w:_{id:wall2}
					       },
					      _{ c:_{x:0,y:0},
						 w:_{id:wall1}
					       }
					    ]
				},
	      certain_fluents:_{ alive:[_{id:hunter}],
				 dir:[_{d:west,h:_{id:hunter}}],
				 fat_gold:[],
				 fat_hunter:_{ c:_{x:1,y:1},
					       h:_{id:hunter}
					     },
				 game_state:running,
				 has_arrow:[ _{ a:_{id:arrow1},
						h:_{id:hunter}
					      }
					   ],
				 has_gold:true,
				 score:0,
				 visited:[ _{ from:_{x:1,y:2},
					      to:_{x:1,y:1}
					    },
					   _{ from:_{x:1,y:1},
					      to:_{x:1,y:2}
					    }
					 ]
			       },
	      step:0,
	      uncertain_eternals:_{ eat_pit:[ _{ c:_{x:3,y:1},
						 p:_{id:true}
					       },
					      _{ c:_{x:2,y:4},
						 p:_{id:true}
					       },
					      _{ c:_{x:3,y:3},
						 p:_{id:true}
					       },
					      _{ c:_{x:1,y:1},
						 p:_{id:false}
					       },
					      _{ c:_{x:2,y:1},
						 p:_{id:false}
					       },
					      _{ c:_{x:1,y:2},
						 p:_{id:false}
					       },
					      _{ c:_{x:2,y:2},
						 p:_{id:false}
					       },
					      _{ c:_{x:1,y:3},
						 p:_{id:false}
					       },
					      _{ c:_{x:3,y:2},
						 p:_{id:false}
					       },
					      _{ c:_{x:2,y:3},
						 p:_{id:false}
					       }
					    ],
				    eat_wumpus:[ _{ c:_{x:1,y:3},
						    w:_{id:true}
						  },
						 _{ c:_{x:2,y:4},
						    w:_{id:true}
						  },
						 _{ c:_{x:3,y:3},
						    w:_{id:true}
						  },
						 _{ c:_{x:1,y:1},
						    w:_{id:false}
						  },
						 _{ c:_{x:2,y:1},
						    w:_{id:false}
						  },
						 _{ c:_{x:1,y:2},
						    w:_{id:false}
						  },
						 _{ c:_{x:3,y:1},
						    w:_{id:false}
						  },
						 _{ c:_{x:2,y:2},
						    w:_{id:false}
						  },
						 _{ c:_{x:3,y:2},
						    w:_{id:false}
						  },
						 _{ c:_{x:2,y:3},
						    w:_{id:false}
						  }
					       ]
				  },
	      uncertain_fluents:_{fatal:[]}
	    },
   percepts:[]
 }
completed(21, 0.07307863, 3305, 200, ok).
/*Sat Mar  9 15:23:59 2024*/ request(22, 1709994239.414, [peer(ip(127,0,0,1)),method(options),request_uri('/action'),path('/action'),http_version(1-1),host(localhost),port(8081),connection('keep-alive'),access_control_request_method('PUT'),access_control_request_headers('content-type'),origin('http://localhost:9000'),user_agent('Mozilla/5.0 (X11; Linux x86_64) AppleWebKit/537.36 (KHTML, like Gecko) Chrome/122.0.0.0 Safari/537.36'),sec_fetch_mode(cors),sec_fetch_site('same-site'),sec_fetch_dest(empty),referer('http://localhost:9000/')]).
completed(22, 0.0031118269999999837, 0, 200, ok).
/*Sat Mar  9 15:23:59 2024*/ request(23, 1709994239.420, [peer(ip(127,0,0,1)),method(put),request_uri('/action'),path('/action'),http_version(1-1),host(localhost),port(8081),connection('keep-alive'),content_length(1789),sec_ch_ua('"Chromium";v="122", "Not(A:Brand";v="24", "Brave";v="122"'),sec_ch_ua_platform('"Linux"'),sec_ch_ua_mobile('?0'),user_agent('Mozilla/5.0 (X11; Linux x86_64) AppleWebKit/537.36 (KHTML, like Gecko) Chrome/122.0.0.0 Safari/537.36'),content_type('application/json'),sec_gpc('1'),origin('http://localhost:9000'),sec_fetch_site('same-site'),sec_fetch_mode(cors),sec_fetch_dest(empty),referer('http://localhost:9000/')]).
_{ beliefs:_{ certain_eternals:_{ cells:[ _{x:0,y:0},
					  _{x:1,y:0},
					  _{x:2,y:0},
					  _{x:3,y:0},
					  _{x:4,y:0},
					  _{x:5,y:0},
					  _{x:0,y:1},
					  _{x:1,y:1},
					  _{x:2,y:1},
					  _{x:3,y:1},
					  _{x:4,y:1},
					  _{x:5,y:1},
					  _{x:0,y:2},
					  _{x:1,y:2},
					  _{x:2,y:2},
					  _{x:3,y:2},
					  _{x:4,y:2},
					  _{x:5,y:2},
					  _{x:0,y:3},
					  _{x:1,y:3},
					  _{x:2,y:3},
					  _{x:3,y:3},
					  _{x:4,y:3},
					  _{x:5,y:3},
					  _{x:0,y:4},
					  _{x:1,y:4},
					  _{x:2,y:4},
					  _{x:3,y:4},
					  _{x:4,y:4},
					  _{x:5,y:4},
					  _{x:0,y:5},
					  _{x:1,y:5},
					  _{x:2,y:5},
					  _{x:3,y:5},
					  _{x:4,y:5},
					  _{x:5,y:5}
					],
				  eat_exit:_{c:_{x:1,y:1},e:_{id:exit}},
				  eat_walls:[ _{ c:_{x:5,y:5},
						 w:_{id:wall20}
					       },
					      _{ c:_{x:4,y:5},
						 w:_{id:wall19}
					       },
					      _{ c:_{x:3,y:5},
						 w:_{id:wall18}
					       },
					      _{ c:_{x:2,y:5},
						 w:_{id:wall17}
					       },
					      _{ c:_{x:1,y:5},
						 w:_{id:wall16}
					       },
					      _{ c:_{x:0,y:5},
						 w:_{id:wall15}
					       },
					      _{ c:_{x:5,y:4},
						 w:_{id:wall14}
					       },
					      _{ c:_{x:0,y:4},
						 w:_{id:wall13}
					       },
					      _{ c:_{x:5,y:3},
						 w:_{id:wall12}
					       },
					      _{ c:_{x:0,y:3},
						 w:_{id:wall11}
					       },
					      _{ c:_{x:5,y:2},
						 w:_{id:wall10}
					       },
					      _{ c:_{x:0,y:2},
						 w:_{id:wall9}
					       },
					      _{ c:_{x:5,y:1},
						 w:_{id:wall8}
					       },
					      _{ c:_{x:0,y:1},
						 w:_{id:wall7}
					       },
					      _{ c:_{x:5,y:0},
						 w:_{id:wall6}
					       },
					      _{ c:_{x:4,y:0},
						 w:_{id:wall5}
					       },
					      _{ c:_{x:3,y:0},
						 w:_{id:wall4}
					       },
					      _{ c:_{x:2,y:0},
						 w:_{id:wall3}
					       },
					      _{ c:_{x:1,y:0},
						 w:_{id:wall2}
					       },
					      _{ c:_{x:0,y:0},
						 w:_{id:wall1}
					       }
					    ]
				},
	      certain_fluents:_{ alive:[_{id:hunter}],
				 dir:[_{d:north,h:_{id:hunter}}],
				 fat_gold:[],
				 fat_hunter:_{ c:_{x:1,y:1},
					       h:_{id:hunter}
					     },
				 game_state:running,
				 has_arrow:[ _{ a:_{id:arrow1},
						h:_{id:hunter}
					      }
					   ],
				 has_gold:[],
				 score:0,
				 visited:[]
			       },
	      step:0,
	      uncertain_eternals:_{eat_pit:[],eat_wumpus:[]},
	      uncertain_fluents:_{fatal:[]}
	    },
   percepts:[breeze]
 }
La valeur de AdjSansWumpus est : []
Cases Auth est : []
La valeur de X est : 1
La valeur de Y est : 2
completed(23, 0.06464648899999997, 2538, 200, ok).
/*Sat Mar  9 15:24:02 2024*/ request(24, 1709994242.143, [peer(ip(127,0,0,1)),method(put),request_uri('/action'),path('/action'),http_version(1-1),host(localhost),port(8081),connection('keep-alive'),content_length(1969),sec_ch_ua('"Chromium";v="122", "Not(A:Brand";v="24", "Brave";v="122"'),sec_ch_ua_platform('"Linux"'),sec_ch_ua_mobile('?0'),user_agent('Mozilla/5.0 (X11; Linux x86_64) AppleWebKit/537.36 (KHTML, like Gecko) Chrome/122.0.0.0 Safari/537.36'),content_type('application/json'),sec_gpc('1'),origin('http://localhost:9000'),sec_fetch_site('same-site'),sec_fetch_mode(cors),sec_fetch_dest(empty),referer('http://localhost:9000/')]).
_{ beliefs:_{ certain_eternals:_{ cells:[ _{x:0,y:0},
					  _{x:1,y:0},
					  _{x:2,y:0},
					  _{x:3,y:0},
					  _{x:4,y:0},
					  _{x:5,y:0},
					  _{x:0,y:1},
					  _{x:1,y:1},
					  _{x:2,y:1},
					  _{x:3,y:1},
					  _{x:4,y:1},
					  _{x:5,y:1},
					  _{x:0,y:2},
					  _{x:1,y:2},
					  _{x:2,y:2},
					  _{x:3,y:2},
					  _{x:4,y:2},
					  _{x:5,y:2},
					  _{x:0,y:3},
					  _{x:1,y:3},
					  _{x:2,y:3},
					  _{x:3,y:3},
					  _{x:4,y:3},
					  _{x:5,y:3},
					  _{x:0,y:4},
					  _{x:1,y:4},
					  _{x:2,y:4},
					  _{x:3,y:4},
					  _{x:4,y:4},
					  _{x:5,y:4},
					  _{x:0,y:5},
					  _{x:1,y:5},
					  _{x:2,y:5},
					  _{x:3,y:5},
					  _{x:4,y:5},
					  _{x:5,y:5}
					],
				  eat_exit:_{c:_{x:1,y:1},e:_{id:exit}},
				  eat_walls:[ _{ c:_{x:5,y:5},
						 w:_{id:wall20}
					       },
					      _{ c:_{x:4,y:5},
						 w:_{id:wall19}
					       },
					      _{ c:_{x:3,y:5},
						 w:_{id:wall18}
					       },
					      _{ c:_{x:2,y:5},
						 w:_{id:wall17}
					       },
					      _{ c:_{x:1,y:5},
						 w:_{id:wall16}
					       },
					      _{ c:_{x:0,y:5},
						 w:_{id:wall15}
					       },
					      _{ c:_{x:5,y:4},
						 w:_{id:wall14}
					       },
					      _{ c:_{x:0,y:4},
						 w:_{id:wall13}
					       },
					      _{ c:_{x:5,y:3},
						 w:_{id:wall12}
					       },
					      _{ c:_{x:0,y:3},
						 w:_{id:wall11}
					       },
					      _{ c:_{x:5,y:2},
						 w:_{id:wall10}
					       },
					      _{ c:_{x:0,y:2},
						 w:_{id:wall9}
					       },
					      _{ c:_{x:5,y:1},
						 w:_{id:wall8}
					       },
					      _{ c:_{x:0,y:1},
						 w:_{id:wall7}
					       },
					      _{ c:_{x:5,y:0},
						 w:_{id:wall6}
					       },
					      _{ c:_{x:4,y:0},
						 w:_{id:wall5}
					       },
					      _{ c:_{x:3,y:0},
						 w:_{id:wall4}
					       },
					      _{ c:_{x:2,y:0},
						 w:_{id:wall3}
					       },
					      _{ c:_{x:1,y:0},
						 w:_{id:wall2}
					       },
					      _{ c:_{x:0,y:0},
						 w:_{id:wall1}
					       }
					    ]
				},
	      certain_fluents:_{ alive:[_{id:hunter}],
				 dir:[_{d:west,h:_{id:hunter}}],
				 fat_gold:[],
				 fat_hunter:_{ c:_{x:1,y:1},
					       h:_{id:hunter}
					     },
				 game_state:running,
				 has_arrow:[ _{ a:_{id:arrow1},
						h:_{id:hunter}
					      }
					   ],
				 has_gold:[],
				 score:0,
				 visited:[]
			       },
	      step:0,
	      uncertain_eternals:_{ eat_pit:[ _{ c:_{x:1,y:2},
						 p:_{id:true}
					       },
					      _{ c:_{x:2,y:1},
						 p:_{id:true}
					       }
					    ],
				    eat_wumpus:[ _{ c:_{x:1,y:1},
						    w:_{id:false}
						  },
						 _{ c:_{x:2,y:1},
						    w:_{id:false}
						  },
						 _{ c:_{x:1,y:2},
						    w:_{id:false}
						  }
					       ]
				  },
	      uncertain_fluents:_{fatal:[]}
	    },
   percepts:[breeze]
 }
La valeur de AdjSansWumpus est : []
Cases Auth est : []
La valeur de X est : 0
La valeur de Y est : 1
completed(24, 0.06124948699999999, 2539, 200, ok).
/*Sat Mar  9 15:24:03 2024*/ request(25, 1709994243.050, [peer(ip(127,0,0,1)),method(put),request_uri('/action'),path('/action'),http_version(1-1),host(localhost),port(8081),connection('keep-alive'),content_length(1970),sec_ch_ua('"Chromium";v="122", "Not(A:Brand";v="24", "Brave";v="122"'),sec_ch_ua_platform('"Linux"'),sec_ch_ua_mobile('?0'),user_agent('Mozilla/5.0 (X11; Linux x86_64) AppleWebKit/537.36 (KHTML, like Gecko) Chrome/122.0.0.0 Safari/537.36'),content_type('application/json'),sec_gpc('1'),origin('http://localhost:9000'),sec_fetch_site('same-site'),sec_fetch_mode(cors),sec_fetch_dest(empty),referer('http://localhost:9000/')]).
_{ beliefs:_{ certain_eternals:_{ cells:[ _{x:0,y:0},
					  _{x:1,y:0},
					  _{x:2,y:0},
					  _{x:3,y:0},
					  _{x:4,y:0},
					  _{x:5,y:0},
					  _{x:0,y:1},
					  _{x:1,y:1},
					  _{x:2,y:1},
					  _{x:3,y:1},
					  _{x:4,y:1},
					  _{x:5,y:1},
					  _{x:0,y:2},
					  _{x:1,y:2},
					  _{x:2,y:2},
					  _{x:3,y:2},
					  _{x:4,y:2},
					  _{x:5,y:2},
					  _{x:0,y:3},
					  _{x:1,y:3},
					  _{x:2,y:3},
					  _{x:3,y:3},
					  _{x:4,y:3},
					  _{x:5,y:3},
					  _{x:0,y:4},
					  _{x:1,y:4},
					  _{x:2,y:4},
					  _{x:3,y:4},
					  _{x:4,y:4},
					  _{x:5,y:4},
					  _{x:0,y:5},
					  _{x:1,y:5},
					  _{x:2,y:5},
					  _{x:3,y:5},
					  _{x:4,y:5},
					  _{x:5,y:5}
					],
				  eat_exit:_{c:_{x:1,y:1},e:_{id:exit}},
				  eat_walls:[ _{ c:_{x:5,y:5},
						 w:_{id:wall20}
					       },
					      _{ c:_{x:4,y:5},
						 w:_{id:wall19}
					       },
					      _{ c:_{x:3,y:5},
						 w:_{id:wall18}
					       },
					      _{ c:_{x:2,y:5},
						 w:_{id:wall17}
					       },
					      _{ c:_{x:1,y:5},
						 w:_{id:wall16}
					       },
					      _{ c:_{x:0,y:5},
						 w:_{id:wall15}
					       },
					      _{ c:_{x:5,y:4},
						 w:_{id:wall14}
					       },
					      _{ c:_{x:0,y:4},
						 w:_{id:wall13}
					       },
					      _{ c:_{x:5,y:3},
						 w:_{id:wall12}
					       },
					      _{ c:_{x:0,y:3},
						 w:_{id:wall11}
					       },
					      _{ c:_{x:5,y:2},
						 w:_{id:wall10}
					       },
					      _{ c:_{x:0,y:2},
						 w:_{id:wall9}
					       },
					      _{ c:_{x:5,y:1},
						 w:_{id:wall8}
					       },
					      _{ c:_{x:0,y:1},
						 w:_{id:wall7}
					       },
					      _{ c:_{x:5,y:0},
						 w:_{id:wall6}
					       },
					      _{ c:_{x:4,y:0},
						 w:_{id:wall5}
					       },
					      _{ c:_{x:3,y:0},
						 w:_{id:wall4}
					       },
					      _{ c:_{x:2,y:0},
						 w:_{id:wall3}
					       },
					      _{ c:_{x:1,y:0},
						 w:_{id:wall2}
					       },
					      _{ c:_{x:0,y:0},
						 w:_{id:wall1}
					       }
					    ]
				},
	      certain_fluents:_{ alive:[_{id:hunter}],
				 dir:[_{d:south,h:_{id:hunter}}],
				 fat_gold:[],
				 fat_hunter:_{ c:_{x:1,y:1},
					       h:_{id:hunter}
					     },
				 game_state:running,
				 has_arrow:[ _{ a:_{id:arrow1},
						h:_{id:hunter}
					      }
					   ],
				 has_gold:[],
				 score:0,
				 visited:[]
			       },
	      step:0,
	      uncertain_eternals:_{ eat_pit:[ _{ c:_{x:1,y:2},
						 p:_{id:true}
					       },
					      _{ c:_{x:2,y:1},
						 p:_{id:true}
					       }
					    ],
				    eat_wumpus:[ _{ c:_{x:1,y:1},
						    w:_{id:false}
						  },
						 _{ c:_{x:2,y:1},
						    w:_{id:false}
						  },
						 _{ c:_{x:1,y:2},
						    w:_{id:false}
						  }
					       ]
				  },
	      uncertain_fluents:_{fatal:[]}
	    },
   percepts:[breeze]
 }
La valeur de AdjSansWumpus est : []
Cases Auth est : []
La valeur de X est : 1
La valeur de Y est : 0
completed(25, 0.07205004200000004, 2538, 200, ok).
/*Sat Mar  9 15:24:03 2024*/ request(26, 1709994243.853, [peer(ip(127,0,0,1)),method(put),request_uri('/action'),path('/action'),http_version(1-1),host(localhost),port(8081),connection('keep-alive'),content_length(1969),sec_ch_ua('"Chromium";v="122", "Not(A:Brand";v="24", "Brave";v="122"'),sec_ch_ua_platform('"Linux"'),sec_ch_ua_mobile('?0'),user_agent('Mozilla/5.0 (X11; Linux x86_64) AppleWebKit/537.36 (KHTML, like Gecko) Chrome/122.0.0.0 Safari/537.36'),content_type('application/json'),sec_gpc('1'),origin('http://localhost:9000'),sec_fetch_site('same-site'),sec_fetch_mode(cors),sec_fetch_dest(empty),referer('http://localhost:9000/')]).
_{ beliefs:_{ certain_eternals:_{ cells:[ _{x:0,y:0},
					  _{x:1,y:0},
					  _{x:2,y:0},
					  _{x:3,y:0},
					  _{x:4,y:0},
					  _{x:5,y:0},
					  _{x:0,y:1},
					  _{x:1,y:1},
					  _{x:2,y:1},
					  _{x:3,y:1},
					  _{x:4,y:1},
					  _{x:5,y:1},
					  _{x:0,y:2},
					  _{x:1,y:2},
					  _{x:2,y:2},
					  _{x:3,y:2},
					  _{x:4,y:2},
					  _{x:5,y:2},
					  _{x:0,y:3},
					  _{x:1,y:3},
					  _{x:2,y:3},
					  _{x:3,y:3},
					  _{x:4,y:3},
					  _{x:5,y:3},
					  _{x:0,y:4},
					  _{x:1,y:4},
					  _{x:2,y:4},
					  _{x:3,y:4},
					  _{x:4,y:4},
					  _{x:5,y:4},
					  _{x:0,y:5},
					  _{x:1,y:5},
					  _{x:2,y:5},
					  _{x:3,y:5},
					  _{x:4,y:5},
					  _{x:5,y:5}
					],
				  eat_exit:_{c:_{x:1,y:1},e:_{id:exit}},
				  eat_walls:[ _{ c:_{x:5,y:5},
						 w:_{id:wall20}
					       },
					      _{ c:_{x:4,y:5},
						 w:_{id:wall19}
					       },
					      _{ c:_{x:3,y:5},
						 w:_{id:wall18}
					       },
					      _{ c:_{x:2,y:5},
						 w:_{id:wall17}
					       },
					      _{ c:_{x:1,y:5},
						 w:_{id:wall16}
					       },
					      _{ c:_{x:0,y:5},
						 w:_{id:wall15}
					       },
					      _{ c:_{x:5,y:4},
						 w:_{id:wall14}
					       },
					      _{ c:_{x:0,y:4},
						 w:_{id:wall13}
					       },
					      _{ c:_{x:5,y:3},
						 w:_{id:wall12}
					       },
					      _{ c:_{x:0,y:3},
						 w:_{id:wall11}
					       },
					      _{ c:_{x:5,y:2},
						 w:_{id:wall10}
					       },
					      _{ c:_{x:0,y:2},
						 w:_{id:wall9}
					       },
					      _{ c:_{x:5,y:1},
						 w:_{id:wall8}
					       },
					      _{ c:_{x:0,y:1},
						 w:_{id:wall7}
					       },
					      _{ c:_{x:5,y:0},
						 w:_{id:wall6}
					       },
					      _{ c:_{x:4,y:0},
						 w:_{id:wall5}
					       },
					      _{ c:_{x:3,y:0},
						 w:_{id:wall4}
					       },
					      _{ c:_{x:2,y:0},
						 w:_{id:wall3}
					       },
					      _{ c:_{x:1,y:0},
						 w:_{id:wall2}
					       },
					      _{ c:_{x:0,y:0},
						 w:_{id:wall1}
					       }
					    ]
				},
	      certain_fluents:_{ alive:[_{id:hunter}],
				 dir:[_{d:east,h:_{id:hunter}}],
				 fat_gold:[],
				 fat_hunter:_{ c:_{x:1,y:1},
					       h:_{id:hunter}
					     },
				 game_state:running,
				 has_arrow:[ _{ a:_{id:arrow1},
						h:_{id:hunter}
					      }
					   ],
				 has_gold:[],
				 score:0,
				 visited:[]
			       },
	      step:0,
	      uncertain_eternals:_{ eat_pit:[ _{ c:_{x:1,y:2},
						 p:_{id:true}
					       },
					      _{ c:_{x:2,y:1},
						 p:_{id:true}
					       }
					    ],
				    eat_wumpus:[ _{ c:_{x:1,y:1},
						    w:_{id:false}
						  },
						 _{ c:_{x:2,y:1},
						    w:_{id:false}
						  },
						 _{ c:_{x:1,y:2},
						    w:_{id:false}
						  }
					       ]
				  },
	      uncertain_fluents:_{fatal:[]}
	    },
   percepts:[breeze]
 }
La valeur de AdjSansWumpus est : []
Cases Auth est : []
La valeur de X est : 2
La valeur de Y est : 1
completed(26, 0.06885490699999997, 2539, 200, ok).
/*Sat Mar  9 15:24:04 2024*/ request(27, 1709994244.670, [peer(ip(127,0,0,1)),method(options),request_uri('/action'),path('/action'),http_version(1-1),host(localhost),port(8081),connection('keep-alive'),access_control_request_method('PUT'),access_control_request_headers('content-type'),origin('http://localhost:9000'),user_agent('Mozilla/5.0 (X11; Linux x86_64) AppleWebKit/537.36 (KHTML, like Gecko) Chrome/122.0.0.0 Safari/537.36'),sec_fetch_mode(cors),sec_fetch_site('same-site'),sec_fetch_dest(empty),referer('http://localhost:9000/')]).
completed(27, 0.0031992529999999575, 0, 200, ok).
/*Sat Mar  9 15:24:04 2024*/ request(28, 1709994244.676, [peer(ip(127,0,0,1)),method(put),request_uri('/action'),path('/action'),http_version(1-1),host(localhost),port(8081),connection('keep-alive'),content_length(1970),sec_ch_ua('"Chromium";v="122", "Not(A:Brand";v="24", "Brave";v="122"'),sec_ch_ua_platform('"Linux"'),sec_ch_ua_mobile('?0'),user_agent('Mozilla/5.0 (X11; Linux x86_64) AppleWebKit/537.36 (KHTML, like Gecko) Chrome/122.0.0.0 Safari/537.36'),content_type('application/json'),sec_gpc('1'),origin('http://localhost:9000'),sec_fetch_site('same-site'),sec_fetch_mode(cors),sec_fetch_dest(empty),referer('http://localhost:9000/')]).
_{ beliefs:_{ certain_eternals:_{ cells:[ _{x:0,y:0},
					  _{x:1,y:0},
					  _{x:2,y:0},
					  _{x:3,y:0},
					  _{x:4,y:0},
					  _{x:5,y:0},
					  _{x:0,y:1},
					  _{x:1,y:1},
					  _{x:2,y:1},
					  _{x:3,y:1},
					  _{x:4,y:1},
					  _{x:5,y:1},
					  _{x:0,y:2},
					  _{x:1,y:2},
					  _{x:2,y:2},
					  _{x:3,y:2},
					  _{x:4,y:2},
					  _{x:5,y:2},
					  _{x:0,y:3},
					  _{x:1,y:3},
					  _{x:2,y:3},
					  _{x:3,y:3},
					  _{x:4,y:3},
					  _{x:5,y:3},
					  _{x:0,y:4},
					  _{x:1,y:4},
					  _{x:2,y:4},
					  _{x:3,y:4},
					  _{x:4,y:4},
					  _{x:5,y:4},
					  _{x:0,y:5},
					  _{x:1,y:5},
					  _{x:2,y:5},
					  _{x:3,y:5},
					  _{x:4,y:5},
					  _{x:5,y:5}
					],
				  eat_exit:_{c:_{x:1,y:1},e:_{id:exit}},
				  eat_walls:[ _{ c:_{x:5,y:5},
						 w:_{id:wall20}
					       },
					      _{ c:_{x:4,y:5},
						 w:_{id:wall19}
					       },
					      _{ c:_{x:3,y:5},
						 w:_{id:wall18}
					       },
					      _{ c:_{x:2,y:5},
						 w:_{id:wall17}
					       },
					      _{ c:_{x:1,y:5},
						 w:_{id:wall16}
					       },
					      _{ c:_{x:0,y:5},
						 w:_{id:wall15}
					       },
					      _{ c:_{x:5,y:4},
						 w:_{id:wall14}
					       },
					      _{ c:_{x:0,y:4},
						 w:_{id:wall13}
					       },
					      _{ c:_{x:5,y:3},
						 w:_{id:wall12}
					       },
					      _{ c:_{x:0,y:3},
						 w:_{id:wall11}
					       },
					      _{ c:_{x:5,y:2},
						 w:_{id:wall10}
					       },
					      _{ c:_{x:0,y:2},
						 w:_{id:wall9}
					       },
					      _{ c:_{x:5,y:1},
						 w:_{id:wall8}
					       },
					      _{ c:_{x:0,y:1},
						 w:_{id:wall7}
					       },
					      _{ c:_{x:5,y:0},
						 w:_{id:wall6}
					       },
					      _{ c:_{x:4,y:0},
						 w:_{id:wall5}
					       },
					      _{ c:_{x:3,y:0},
						 w:_{id:wall4}
					       },
					      _{ c:_{x:2,y:0},
						 w:_{id:wall3}
					       },
					      _{ c:_{x:1,y:0},
						 w:_{id:wall2}
					       },
					      _{ c:_{x:0,y:0},
						 w:_{id:wall1}
					       }
					    ]
				},
	      certain_fluents:_{ alive:[_{id:hunter}],
				 dir:[_{d:north,h:_{id:hunter}}],
				 fat_gold:[],
				 fat_hunter:_{ c:_{x:1,y:1},
					       h:_{id:hunter}
					     },
				 game_state:running,
				 has_arrow:[ _{ a:_{id:arrow1},
						h:_{id:hunter}
					      }
					   ],
				 has_gold:[],
				 score:0,
				 visited:[]
			       },
	      step:0,
	      uncertain_eternals:_{ eat_pit:[ _{ c:_{x:1,y:2},
						 p:_{id:true}
					       },
					      _{ c:_{x:2,y:1},
						 p:_{id:true}
					       }
					    ],
				    eat_wumpus:[ _{ c:_{x:1,y:1},
						    w:_{id:false}
						  },
						 _{ c:_{x:2,y:1},
						    w:_{id:false}
						  },
						 _{ c:_{x:1,y:2},
						    w:_{id:false}
						  }
					       ]
				  },
	      uncertain_fluents:_{fatal:[]}
	    },
   percepts:[breeze]
 }
La valeur de AdjSansWumpus est : []
Cases Auth est : []
La valeur de X est : 1
La valeur de Y est : 2
completed(28, 0.06809185900000003, 2538, 200, ok).
/*Sat Mar  9 15:24:08 2024*/ request(29, 1709994248.481, [peer(ip(127,0,0,1)),method(put),request_uri('/action'),path('/action'),http_version(1-1),host(localhost),port(8081),connection('keep-alive'),content_length(1799),sec_ch_ua('"Chromium";v="122", "Not(A:Brand";v="24", "Brave";v="122"'),sec_ch_ua_platform('"Linux"'),sec_ch_ua_mobile('?0'),user_agent('Mozilla/5.0 (X11; Linux x86_64) AppleWebKit/537.36 (KHTML, like Gecko) Chrome/122.0.0.0 Safari/537.36'),content_type('application/json'),sec_gpc('1'),origin('http://localhost:9000'),sec_fetch_site('same-site'),sec_fetch_mode(cors),sec_fetch_dest(empty),referer('http://localhost:9000/')]).
_{ beliefs:_{ certain_eternals:_{ cells:[ _{x:0,y:0},
					  _{x:1,y:0},
					  _{x:2,y:0},
					  _{x:3,y:0},
					  _{x:4,y:0},
					  _{x:5,y:0},
					  _{x:0,y:1},
					  _{x:1,y:1},
					  _{x:2,y:1},
					  _{x:3,y:1},
					  _{x:4,y:1},
					  _{x:5,y:1},
					  _{x:0,y:2},
					  _{x:1,y:2},
					  _{x:2,y:2},
					  _{x:3,y:2},
					  _{x:4,y:2},
					  _{x:5,y:2},
					  _{x:0,y:3},
					  _{x:1,y:3},
					  _{x:2,y:3},
					  _{x:3,y:3},
					  _{x:4,y:3},
					  _{x:5,y:3},
					  _{x:0,y:4},
					  _{x:1,y:4},
					  _{x:2,y:4},
					  _{x:3,y:4},
					  _{x:4,y:4},
					  _{x:5,y:4},
					  _{x:0,y:5},
					  _{x:1,y:5},
					  _{x:2,y:5},
					  _{x:3,y:5},
					  _{x:4,y:5},
					  _{x:5,y:5}
					],
				  eat_exit:_{c:_{x:1,y:1},e:_{id:exit}},
				  eat_walls:[ _{ c:_{x:5,y:5},
						 w:_{id:wall40}
					       },
					      _{ c:_{x:4,y:5},
						 w:_{id:wall39}
					       },
					      _{ c:_{x:3,y:5},
						 w:_{id:wall38}
					       },
					      _{ c:_{x:2,y:5},
						 w:_{id:wall37}
					       },
					      _{ c:_{x:1,y:5},
						 w:_{id:wall36}
					       },
					      _{ c:_{x:0,y:5},
						 w:_{id:wall35}
					       },
					      _{ c:_{x:5,y:4},
						 w:_{id:wall34}
					       },
					      _{ c:_{x:0,y:4},
						 w:_{id:wall33}
					       },
					      _{ c:_{x:5,y:3},
						 w:_{id:wall32}
					       },
					      _{ c:_{x:0,y:3},
						 w:_{id:wall31}
					       },
					      _{ c:_{x:5,y:2},
						 w:_{id:wall30}
					       },
					      _{ c:_{x:0,y:2},
						 w:_{id:wall29}
					       },
					      _{ c:_{x:5,y:1},
						 w:_{id:wall28}
					       },
					      _{ c:_{x:0,y:1},
						 w:_{id:wall27}
					       },
					      _{ c:_{x:5,y:0},
						 w:_{id:wall26}
					       },
					      _{ c:_{x:4,y:0},
						 w:_{id:wall25}
					       },
					      _{ c:_{x:3,y:0},
						 w:_{id:wall24}
					       },
					      _{ c:_{x:2,y:0},
						 w:_{id:wall23}
					       },
					      _{ c:_{x:1,y:0},
						 w:_{id:wall22}
					       },
					      _{ c:_{x:0,y:0},
						 w:_{id:wall21}
					       }
					    ]
				},
	      certain_fluents:_{ alive:[_{id:hunter}],
				 dir:[_{d:north,h:_{id:hunter}}],
				 fat_gold:[],
				 fat_hunter:_{ c:_{x:1,y:1},
					       h:_{id:hunter}
					     },
				 game_state:running,
				 has_arrow:[ _{ a:_{id:arrow2},
						h:_{id:hunter}
					      }
					   ],
				 has_gold:[],
				 score:0,
				 visited:[]
			       },
	      step:0,
	      uncertain_eternals:_{eat_pit:[],eat_wumpus:[]},
	      uncertain_fluents:_{fatal:[]}
	    },
   percepts:[glitter]
 }
completed(29, 0.06442452699999995, 2597, 200, ok).
/*Sat Mar  9 15:24:09 2024*/ request(30, 1709994249.964, [peer(ip(127,0,0,1)),method(options),request_uri('/action'),path('/action'),http_version(1-1),host(localhost),port(8081),connection('keep-alive'),access_control_request_method('PUT'),access_control_request_headers('content-type'),origin('http://localhost:9000'),user_agent('Mozilla/5.0 (X11; Linux x86_64) AppleWebKit/537.36 (KHTML, like Gecko) Chrome/122.0.0.0 Safari/537.36'),sec_fetch_mode(cors),sec_fetch_site('same-site'),sec_fetch_dest(empty),referer('http://localhost:9000/')]).
completed(30, 0.00148005100000001, 0, 200, ok).
/*Sat Mar  9 15:24:09 2024*/ request(31, 1709994249.967, [peer(ip(127,0,0,1)),method(put),request_uri('/action'),path('/action'),http_version(1-1),host(localhost),port(8081),connection('keep-alive'),content_length(2012),sec_ch_ua('"Chromium";v="122", "Not(A:Brand";v="24", "Brave";v="122"'),sec_ch_ua_platform('"Linux"'),sec_ch_ua_mobile('?0'),user_agent('Mozilla/5.0 (X11; Linux x86_64) AppleWebKit/537.36 (KHTML, like Gecko) Chrome/122.0.0.0 Safari/537.36'),content_type('application/json'),sec_gpc('1'),origin('http://localhost:9000'),sec_fetch_site('same-site'),sec_fetch_mode(cors),sec_fetch_dest(empty),referer('http://localhost:9000/')]).
_{ beliefs:_{ certain_eternals:_{ cells:[ _{x:0,y:0},
					  _{x:1,y:0},
					  _{x:2,y:0},
					  _{x:3,y:0},
					  _{x:4,y:0},
					  _{x:5,y:0},
					  _{x:0,y:1},
					  _{x:1,y:1},
					  _{x:2,y:1},
					  _{x:3,y:1},
					  _{x:4,y:1},
					  _{x:5,y:1},
					  _{x:0,y:2},
					  _{x:1,y:2},
					  _{x:2,y:2},
					  _{x:3,y:2},
					  _{x:4,y:2},
					  _{x:5,y:2},
					  _{x:0,y:3},
					  _{x:1,y:3},
					  _{x:2,y:3},
					  _{x:3,y:3},
					  _{x:4,y:3},
					  _{x:5,y:3},
					  _{x:0,y:4},
					  _{x:1,y:4},
					  _{x:2,y:4},
					  _{x:3,y:4},
					  _{x:4,y:4},
					  _{x:5,y:4},
					  _{x:0,y:5},
					  _{x:1,y:5},
					  _{x:2,y:5},
					  _{x:3,y:5},
					  _{x:4,y:5},
					  _{x:5,y:5}
					],
				  eat_exit:_{c:_{x:1,y:1},e:_{id:exit}},
				  eat_walls:[ _{ c:_{x:5,y:5},
						 w:_{id:wall40}
					       },
					      _{ c:_{x:4,y:5},
						 w:_{id:wall39}
					       },
					      _{ c:_{x:3,y:5},
						 w:_{id:wall38}
					       },
					      _{ c:_{x:2,y:5},
						 w:_{id:wall37}
					       },
					      _{ c:_{x:1,y:5},
						 w:_{id:wall36}
					       },
					      _{ c:_{x:0,y:5},
						 w:_{id:wall35}
					       },
					      _{ c:_{x:5,y:4},
						 w:_{id:wall34}
					       },
					      _{ c:_{x:0,y:4},
						 w:_{id:wall33}
					       },
					      _{ c:_{x:5,y:3},
						 w:_{id:wall32}
					       },
					      _{ c:_{x:0,y:3},
						 w:_{id:wall31}
					       },
					      _{ c:_{x:5,y:2},
						 w:_{id:wall30}
					       },
					      _{ c:_{x:0,y:2},
						 w:_{id:wall29}
					       },
					      _{ c:_{x:5,y:1},
						 w:_{id:wall28}
					       },
					      _{ c:_{x:0,y:1},
						 w:_{id:wall27}
					       },
					      _{ c:_{x:5,y:0},
						 w:_{id:wall26}
					       },
					      _{ c:_{x:4,y:0},
						 w:_{id:wall25}
					       },
					      _{ c:_{x:3,y:0},
						 w:_{id:wall24}
					       },
					      _{ c:_{x:2,y:0},
						 w:_{id:wall23}
					       },
					      _{ c:_{x:1,y:0},
						 w:_{id:wall22}
					       },
					      _{ c:_{x:0,y:0},
						 w:_{id:wall21}
					       }
					    ]
				},
	      certain_fluents:_{ alive:[_{id:hunter}],
				 dir:[_{d:north,h:_{id:hunter}}],
				 fat_gold:[],
				 fat_hunter:_{ c:_{x:1,y:1},
					       h:_{id:hunter}
					     },
				 game_state:running,
				 has_arrow:[ _{ a:_{id:arrow2},
						h:_{id:hunter}
					      }
					   ],
				 has_gold:true,
				 score:0,
				 visited:[]
			       },
	      step:0,
	      uncertain_eternals:_{ eat_pit:[ _{ c:_{x:1,y:1},
						 p:_{id:false}
					       },
					      _{ c:_{x:2,y:1},
						 p:_{id:false}
					       },
					      _{ c:_{x:1,y:2},
						 p:_{id:false}
					       }
					    ],
				    eat_wumpus:[ _{ c:_{x:1,y:1},
						    w:_{id:false}
						  },
						 _{ c:_{x:2,y:1},
						    w:_{id:false}
						  },
						 _{ c:_{x:1,y:2},
						    w:_{id:false}
						  }
					       ]
				  },
	      uncertain_fluents:_{fatal:[]}
	    },
   percepts:[]
 }
server(error, 1709994250).
server(started, 1709994253).
/*Sat Mar  9 15:24:13 2024*/ request(32, 1709994253.216, [peer(ip(127,0,0,1)),method(put),request_uri('/action'),path('/action'),http_version(1-1),host(localhost),port(8081),connection('keep-alive'),content_length(2012),sec_ch_ua('"Chromium";v="122", "Not(A:Brand";v="24", "Brave";v="122"'),sec_ch_ua_platform('"Linux"'),sec_ch_ua_mobile('?0'),user_agent('Mozilla/5.0 (X11; Linux x86_64) AppleWebKit/537.36 (KHTML, like Gecko) Chrome/122.0.0.0 Safari/537.36'),content_type('application/json'),sec_gpc('1'),origin('http://localhost:9000'),sec_fetch_site('same-site'),sec_fetch_mode(cors),sec_fetch_dest(empty),referer('http://localhost:9000/')]).
_{ beliefs:_{ certain_eternals:_{ cells:[ _{x:0,y:0},
					  _{x:1,y:0},
					  _{x:2,y:0},
					  _{x:3,y:0},
					  _{x:4,y:0},
					  _{x:5,y:0},
					  _{x:0,y:1},
					  _{x:1,y:1},
					  _{x:2,y:1},
					  _{x:3,y:1},
					  _{x:4,y:1},
					  _{x:5,y:1},
					  _{x:0,y:2},
					  _{x:1,y:2},
					  _{x:2,y:2},
					  _{x:3,y:2},
					  _{x:4,y:2},
					  _{x:5,y:2},
					  _{x:0,y:3},
					  _{x:1,y:3},
					  _{x:2,y:3},
					  _{x:3,y:3},
					  _{x:4,y:3},
					  _{x:5,y:3},
					  _{x:0,y:4},
					  _{x:1,y:4},
					  _{x:2,y:4},
					  _{x:3,y:4},
					  _{x:4,y:4},
					  _{x:5,y:4},
					  _{x:0,y:5},
					  _{x:1,y:5},
					  _{x:2,y:5},
					  _{x:3,y:5},
					  _{x:4,y:5},
					  _{x:5,y:5}
					],
				  eat_exit:_{c:_{x:1,y:1},e:_{id:exit}},
				  eat_walls:[ _{ c:_{x:5,y:5},
						 w:_{id:wall40}
					       },
					      _{ c:_{x:4,y:5},
						 w:_{id:wall39}
					       },
					      _{ c:_{x:3,y:5},
						 w:_{id:wall38}
					       },
					      _{ c:_{x:2,y:5},
						 w:_{id:wall37}
					       },
					      _{ c:_{x:1,y:5},
						 w:_{id:wall36}
					       },
					      _{ c:_{x:0,y:5},
						 w:_{id:wall35}
					       },
					      _{ c:_{x:5,y:4},
						 w:_{id:wall34}
					       },
					      _{ c:_{x:0,y:4},
						 w:_{id:wall33}
					       },
					      _{ c:_{x:5,y:3},
						 w:_{id:wall32}
					       },
					      _{ c:_{x:0,y:3},
						 w:_{id:wall31}
					       },
					      _{ c:_{x:5,y:2},
						 w:_{id:wall30}
					       },
					      _{ c:_{x:0,y:2},
						 w:_{id:wall29}
					       },
					      _{ c:_{x:5,y:1},
						 w:_{id:wall28}
					       },
					      _{ c:_{x:0,y:1},
						 w:_{id:wall27}
					       },
					      _{ c:_{x:5,y:0},
						 w:_{id:wall26}
					       },
					      _{ c:_{x:4,y:0},
						 w:_{id:wall25}
					       },
					      _{ c:_{x:3,y:0},
						 w:_{id:wall24}
					       },
					      _{ c:_{x:2,y:0},
						 w:_{id:wall23}
					       },
					      _{ c:_{x:1,y:0},
						 w:_{id:wall22}
					       },
					      _{ c:_{x:0,y:0},
						 w:_{id:wall21}
					       }
					    ]
				},
	      certain_fluents:_{ alive:[_{id:hunter}],
				 dir:[_{d:north,h:_{id:hunter}}],
				 fat_gold:[],
				 fat_hunter:_{ c:_{x:1,y:1},
					       h:_{id:hunter}
					     },
				 game_state:running,
				 has_arrow:[ _{ a:_{id:arrow2},
						h:_{id:hunter}
					      }
					   ],
				 has_gold:true,
				 score:0,
				 visited:[]
			       },
	      step:0,
	      uncertain_eternals:_{ eat_pit:[ _{ c:_{x:1,y:1},
						 p:_{id:false}
					       },
					      _{ c:_{x:2,y:1},
						 p:_{id:false}
					       },
					      _{ c:_{x:1,y:2},
						 p:_{id:false}
					       }
					    ],
				    eat_wumpus:[ _{ c:_{x:1,y:1},
						    w:_{id:false}
						  },
						 _{ c:_{x:2,y:1},
						    w:_{id:false}
						  },
						 _{ c:_{x:1,y:2},
						    w:_{id:false}
						  }
					       ]
				  },
	      uncertain_fluents:_{fatal:[]}
	    },
   percepts:[]
 }
server(error, 1709994253).
server(started, 1709994416).
/*Sat Mar  9 15:26:59 2024*/ request(1, 1709994419.722, [peer(ip(127,0,0,1)),method(options),request_uri('/action'),path('/action'),http_version(1-1),host(localhost),port(8081),connection('keep-alive'),access_control_request_method('PUT'),access_control_request_headers('content-type'),origin('http://localhost:9000'),user_agent('Mozilla/5.0 (X11; Linux x86_64) AppleWebKit/537.36 (KHTML, like Gecko) Chrome/122.0.0.0 Safari/537.36'),sec_fetch_mode(cors),sec_fetch_site('same-site'),sec_fetch_dest(empty),referer('http://localhost:9000/')]).
completed(1, 0.012232296, 0, 200, ok).
/*Sat Mar  9 15:26:59 2024*/ request(2, 1709994419.727, [peer(ip(127,0,0,1)),method(put),request_uri('/action'),path('/action'),http_version(1-1),host(localhost),port(8081),connection('keep-alive'),content_length(2012),sec_ch_ua('"Chromium";v="122", "Not(A:Brand";v="24", "Brave";v="122"'),sec_ch_ua_platform('"Linux"'),sec_ch_ua_mobile('?0'),user_agent('Mozilla/5.0 (X11; Linux x86_64) AppleWebKit/537.36 (KHTML, like Gecko) Chrome/122.0.0.0 Safari/537.36'),content_type('application/json'),sec_gpc('1'),origin('http://localhost:9000'),sec_fetch_site('same-site'),sec_fetch_mode(cors),sec_fetch_dest(empty),referer('http://localhost:9000/')]).
_{ beliefs:_{ certain_eternals:_{ cells:[ _{x:0,y:0},
					  _{x:1,y:0},
					  _{x:2,y:0},
					  _{x:3,y:0},
					  _{x:4,y:0},
					  _{x:5,y:0},
					  _{x:0,y:1},
					  _{x:1,y:1},
					  _{x:2,y:1},
					  _{x:3,y:1},
					  _{x:4,y:1},
					  _{x:5,y:1},
					  _{x:0,y:2},
					  _{x:1,y:2},
					  _{x:2,y:2},
					  _{x:3,y:2},
					  _{x:4,y:2},
					  _{x:5,y:2},
					  _{x:0,y:3},
					  _{x:1,y:3},
					  _{x:2,y:3},
					  _{x:3,y:3},
					  _{x:4,y:3},
					  _{x:5,y:3},
					  _{x:0,y:4},
					  _{x:1,y:4},
					  _{x:2,y:4},
					  _{x:3,y:4},
					  _{x:4,y:4},
					  _{x:5,y:4},
					  _{x:0,y:5},
					  _{x:1,y:5},
					  _{x:2,y:5},
					  _{x:3,y:5},
					  _{x:4,y:5},
					  _{x:5,y:5}
					],
				  eat_exit:_{c:_{x:1,y:1},e:_{id:exit}},
				  eat_walls:[ _{ c:_{x:5,y:5},
						 w:_{id:wall40}
					       },
					      _{ c:_{x:4,y:5},
						 w:_{id:wall39}
					       },
					      _{ c:_{x:3,y:5},
						 w:_{id:wall38}
					       },
					      _{ c:_{x:2,y:5},
						 w:_{id:wall37}
					       },
					      _{ c:_{x:1,y:5},
						 w:_{id:wall36}
					       },
					      _{ c:_{x:0,y:5},
						 w:_{id:wall35}
					       },
					      _{ c:_{x:5,y:4},
						 w:_{id:wall34}
					       },
					      _{ c:_{x:0,y:4},
						 w:_{id:wall33}
					       },
					      _{ c:_{x:5,y:3},
						 w:_{id:wall32}
					       },
					      _{ c:_{x:0,y:3},
						 w:_{id:wall31}
					       },
					      _{ c:_{x:5,y:2},
						 w:_{id:wall30}
					       },
					      _{ c:_{x:0,y:2},
						 w:_{id:wall29}
					       },
					      _{ c:_{x:5,y:1},
						 w:_{id:wall28}
					       },
					      _{ c:_{x:0,y:1},
						 w:_{id:wall27}
					       },
					      _{ c:_{x:5,y:0},
						 w:_{id:wall26}
					       },
					      _{ c:_{x:4,y:0},
						 w:_{id:wall25}
					       },
					      _{ c:_{x:3,y:0},
						 w:_{id:wall24}
					       },
					      _{ c:_{x:2,y:0},
						 w:_{id:wall23}
					       },
					      _{ c:_{x:1,y:0},
						 w:_{id:wall22}
					       },
					      _{ c:_{x:0,y:0},
						 w:_{id:wall21}
					       }
					    ]
				},
	      certain_fluents:_{ alive:[_{id:hunter}],
				 dir:[_{d:north,h:_{id:hunter}}],
				 fat_gold:[],
				 fat_hunter:_{ c:_{x:1,y:1},
					       h:_{id:hunter}
					     },
				 game_state:running,
				 has_arrow:[ _{ a:_{id:arrow2},
						h:_{id:hunter}
					      }
					   ],
				 has_gold:true,
				 score:0,
				 visited:[]
			       },
	      step:0,
	      uncertain_eternals:_{ eat_pit:[ _{ c:_{x:1,y:1},
						 p:_{id:false}
					       },
					      _{ c:_{x:2,y:1},
						 p:_{id:false}
					       },
					      _{ c:_{x:1,y:2},
						 p:_{id:false}
					       }
					    ],
				    eat_wumpus:[ _{ c:_{x:1,y:1},
						    w:_{id:false}
						  },
						 _{ c:_{x:2,y:1},
						    w:_{id:false}
						  },
						 _{ c:_{x:1,y:2},
						    w:_{id:false}
						  }
					       ]
				  },
	      uncertain_fluents:_{fatal:[]}
	    },
   percepts:[]
 }
completed(2, 0.050401589000000004, 2588, 200, ok).
/*Sat Mar  9 15:27:10 2024*/ request(3, 1709994430.532, [peer(ip(127,0,0,1)),method(options),request_uri('/action'),path('/action'),http_version(1-1),host(localhost),port(8081),connection('keep-alive'),access_control_request_method('PUT'),access_control_request_headers('content-type'),origin('http://localhost:9000'),user_agent('Mozilla/5.0 (X11; Linux x86_64) AppleWebKit/537.36 (KHTML, like Gecko) Chrome/122.0.0.0 Safari/537.36'),sec_fetch_mode(cors),sec_fetch_site('same-site'),sec_fetch_dest(empty),referer('http://localhost:9000/')]).
completed(3, 0.007841968999999997, 0, 200, ok).
/*Sat Mar  9 15:27:10 2024*/ request(4, 1709994430.542, [peer(ip(127,0,0,1)),method(put),request_uri('/action'),path('/action'),http_version(1-1),host(localhost),port(8081),connection('keep-alive'),content_length(1791),sec_ch_ua('"Chromium";v="122", "Not(A:Brand";v="24", "Brave";v="122"'),sec_ch_ua_platform('"Linux"'),sec_ch_ua_mobile('?0'),user_agent('Mozilla/5.0 (X11; Linux x86_64) AppleWebKit/537.36 (KHTML, like Gecko) Chrome/122.0.0.0 Safari/537.36'),content_type('application/json'),sec_gpc('1'),origin('http://localhost:9000'),sec_fetch_site('same-site'),sec_fetch_mode(cors),sec_fetch_dest(empty),referer('http://localhost:9000/')]).
_{ beliefs:_{ certain_eternals:_{ cells:[ _{x:0,y:0},
					  _{x:1,y:0},
					  _{x:2,y:0},
					  _{x:3,y:0},
					  _{x:4,y:0},
					  _{x:5,y:0},
					  _{x:0,y:1},
					  _{x:1,y:1},
					  _{x:2,y:1},
					  _{x:3,y:1},
					  _{x:4,y:1},
					  _{x:5,y:1},
					  _{x:0,y:2},
					  _{x:1,y:2},
					  _{x:2,y:2},
					  _{x:3,y:2},
					  _{x:4,y:2},
					  _{x:5,y:2},
					  _{x:0,y:3},
					  _{x:1,y:3},
					  _{x:2,y:3},
					  _{x:3,y:3},
					  _{x:4,y:3},
					  _{x:5,y:3},
					  _{x:0,y:4},
					  _{x:1,y:4},
					  _{x:2,y:4},
					  _{x:3,y:4},
					  _{x:4,y:4},
					  _{x:5,y:4},
					  _{x:0,y:5},
					  _{x:1,y:5},
					  _{x:2,y:5},
					  _{x:3,y:5},
					  _{x:4,y:5},
					  _{x:5,y:5}
					],
				  eat_exit:_{c:_{x:1,y:1},e:_{id:exit}},
				  eat_walls:[ _{ c:_{x:5,y:5},
						 w:_{id:wall100}
					       },
					      _{ c:_{x:4,y:5},
						 w:_{id:wall99}
					       },
					      _{ c:_{x:3,y:5},
						 w:_{id:wall98}
					       },
					      _{ c:_{x:2,y:5},
						 w:_{id:wall97}
					       },
					      _{ c:_{x:1,y:5},
						 w:_{id:wall96}
					       },
					      _{ c:_{x:0,y:5},
						 w:_{id:wall95}
					       },
					      _{ c:_{x:5,y:4},
						 w:_{id:wall94}
					       },
					      _{ c:_{x:0,y:4},
						 w:_{id:wall93}
					       },
					      _{ c:_{x:5,y:3},
						 w:_{id:wall92}
					       },
					      _{ c:_{x:0,y:3},
						 w:_{id:wall91}
					       },
					      _{ c:_{x:5,y:2},
						 w:_{id:wall90}
					       },
					      _{ c:_{x:0,y:2},
						 w:_{id:wall89}
					       },
					      _{ c:_{x:5,y:1},
						 w:_{id:wall88}
					       },
					      _{ c:_{x:0,y:1},
						 w:_{id:wall87}
					       },
					      _{ c:_{x:5,y:0},
						 w:_{id:wall86}
					       },
					      _{ c:_{x:4,y:0},
						 w:_{id:wall85}
					       },
					      _{ c:_{x:3,y:0},
						 w:_{id:wall84}
					       },
					      _{ c:_{x:2,y:0},
						 w:_{id:wall83}
					       },
					      _{ c:_{x:1,y:0},
						 w:_{id:wall82}
					       },
					      _{ c:_{x:0,y:0},
						 w:_{id:wall81}
					       }
					    ]
				},
	      certain_fluents:_{ alive:[_{id:hunter}],
				 dir:[_{d:north,h:_{id:hunter}}],
				 fat_gold:[],
				 fat_hunter:_{ c:_{x:1,y:1},
					       h:_{id:hunter}
					     },
				 game_state:running,
				 has_arrow:[ _{ a:_{id:arrow5},
						h:_{id:hunter}
					      }
					   ],
				 has_gold:[],
				 score:0,
				 visited:[]
			       },
	      step:0,
	      uncertain_eternals:_{eat_pit:[],eat_wumpus:[]},
	      uncertain_fluents:_{fatal:[]}
	    },
   percepts:[]
 }
La valeur de AdjSansWumpus est : [_15270{x:1,y:2},_15288{x:2,y:1}]
Cases Auth est : [_15270{x:1,y:2},_15288{x:2,y:1}]
La valeur de X est : 1
La valeur de Y est : 2
completed(4, 0.06739911400000001, 2638, 200, ok).
/*Sat Mar  9 15:27:12 2024*/ request(5, 1709994432.600, [peer(ip(127,0,0,1)),method(put),request_uri('/action'),path('/action'),http_version(1-1),host(localhost),port(8081),connection('keep-alive'),content_length(2069),sec_ch_ua('"Chromium";v="122", "Not(A:Brand";v="24", "Brave";v="122"'),sec_ch_ua_platform('"Linux"'),sec_ch_ua_mobile('?0'),user_agent('Mozilla/5.0 (X11; Linux x86_64) AppleWebKit/537.36 (KHTML, like Gecko) Chrome/122.0.0.0 Safari/537.36'),content_type('application/json'),sec_gpc('1'),origin('http://localhost:9000'),sec_fetch_site('same-site'),sec_fetch_mode(cors),sec_fetch_dest(empty),referer('http://localhost:9000/')]).
_{ beliefs:_{ certain_eternals:_{ cells:[ _{x:0,y:0},
					  _{x:1,y:0},
					  _{x:2,y:0},
					  _{x:3,y:0},
					  _{x:4,y:0},
					  _{x:5,y:0},
					  _{x:0,y:1},
					  _{x:1,y:1},
					  _{x:2,y:1},
					  _{x:3,y:1},
					  _{x:4,y:1},
					  _{x:5,y:1},
					  _{x:0,y:2},
					  _{x:1,y:2},
					  _{x:2,y:2},
					  _{x:3,y:2},
					  _{x:4,y:2},
					  _{x:5,y:2},
					  _{x:0,y:3},
					  _{x:1,y:3},
					  _{x:2,y:3},
					  _{x:3,y:3},
					  _{x:4,y:3},
					  _{x:5,y:3},
					  _{x:0,y:4},
					  _{x:1,y:4},
					  _{x:2,y:4},
					  _{x:3,y:4},
					  _{x:4,y:4},
					  _{x:5,y:4},
					  _{x:0,y:5},
					  _{x:1,y:5},
					  _{x:2,y:5},
					  _{x:3,y:5},
					  _{x:4,y:5},
					  _{x:5,y:5}
					],
				  eat_exit:_{c:_{x:1,y:1},e:_{id:exit}},
				  eat_walls:[ _{ c:_{x:5,y:5},
						 w:_{id:wall100}
					       },
					      _{ c:_{x:4,y:5},
						 w:_{id:wall99}
					       },
					      _{ c:_{x:3,y:5},
						 w:_{id:wall98}
					       },
					      _{ c:_{x:2,y:5},
						 w:_{id:wall97}
					       },
					      _{ c:_{x:1,y:5},
						 w:_{id:wall96}
					       },
					      _{ c:_{x:0,y:5},
						 w:_{id:wall95}
					       },
					      _{ c:_{x:5,y:4},
						 w:_{id:wall94}
					       },
					      _{ c:_{x:0,y:4},
						 w:_{id:wall93}
					       },
					      _{ c:_{x:5,y:3},
						 w:_{id:wall92}
					       },
					      _{ c:_{x:0,y:3},
						 w:_{id:wall91}
					       },
					      _{ c:_{x:5,y:2},
						 w:_{id:wall90}
					       },
					      _{ c:_{x:0,y:2},
						 w:_{id:wall89}
					       },
					      _{ c:_{x:5,y:1},
						 w:_{id:wall88}
					       },
					      _{ c:_{x:0,y:1},
						 w:_{id:wall87}
					       },
					      _{ c:_{x:5,y:0},
						 w:_{id:wall86}
					       },
					      _{ c:_{x:4,y:0},
						 w:_{id:wall85}
					       },
					      _{ c:_{x:3,y:0},
						 w:_{id:wall84}
					       },
					      _{ c:_{x:2,y:0},
						 w:_{id:wall83}
					       },
					      _{ c:_{x:1,y:0},
						 w:_{id:wall82}
					       },
					      _{ c:_{x:0,y:0},
						 w:_{id:wall81}
					       }
					    ]
				},
	      certain_fluents:_{ alive:[_{id:hunter}],
				 dir:[_{d:north,h:_{id:hunter}}],
				 fat_gold:[],
				 fat_hunter:_{ c:_{x:1,y:2},
					       h:_{id:hunter}
					     },
				 game_state:running,
				 has_arrow:[ _{ a:_{id:arrow5},
						h:_{id:hunter}
					      }
					   ],
				 has_gold:[],
				 score:0,
				 visited:[ _{ from:_{x:1,y:1},
					      to:_{x:1,y:2}
					    }
					 ]
			       },
	      step:0,
	      uncertain_eternals:_{ eat_pit:[ _{ c:_{x:1,y:1},
						 p:_{id:false}
					       },
					      _{ c:_{x:2,y:1},
						 p:_{id:false}
					       },
					      _{ c:_{x:1,y:2},
						 p:_{id:false}
					       }
					    ],
				    eat_wumpus:[ _{ c:_{x:1,y:1},
						    w:_{id:false}
						  },
						 _{ c:_{x:2,y:1},
						    w:_{id:false}
						  },
						 _{ c:_{x:1,y:2},
						    w:_{id:false}
						  }
					       ]
				  },
	      uncertain_fluents:_{fatal:[]}
	    },
   percepts:[breeze,stench]
 }
La valeur de AdjSansWumpus est : [_2300{x:1,y:1}]
Cases Auth est : [_2218{x:1,y:1}]
La valeur de X est : 1
La valeur de Y est : 3
completed(5, 0.061318573999999994, 2829, 200, ok).
/*Sat Mar  9 15:27:15 2024*/ request(6, 1709994435.537, [peer(ip(127,0,0,1)),method(put),request_uri('/action'),path('/action'),http_version(1-1),host(localhost),port(8081),connection('keep-alive'),content_length(2212),sec_ch_ua('"Chromium";v="122", "Not(A:Brand";v="24", "Brave";v="122"'),sec_ch_ua_platform('"Linux"'),sec_ch_ua_mobile('?0'),user_agent('Mozilla/5.0 (X11; Linux x86_64) AppleWebKit/537.36 (KHTML, like Gecko) Chrome/122.0.0.0 Safari/537.36'),content_type('application/json'),sec_gpc('1'),origin('http://localhost:9000'),sec_fetch_site('same-site'),sec_fetch_mode(cors),sec_fetch_dest(empty),referer('http://localhost:9000/')]).
_{ beliefs:_{ certain_eternals:_{ cells:[ _{x:0,y:0},
					  _{x:1,y:0},
					  _{x:2,y:0},
					  _{x:3,y:0},
					  _{x:4,y:0},
					  _{x:5,y:0},
					  _{x:0,y:1},
					  _{x:1,y:1},
					  _{x:2,y:1},
					  _{x:3,y:1},
					  _{x:4,y:1},
					  _{x:5,y:1},
					  _{x:0,y:2},
					  _{x:1,y:2},
					  _{x:2,y:2},
					  _{x:3,y:2},
					  _{x:4,y:2},
					  _{x:5,y:2},
					  _{x:0,y:3},
					  _{x:1,y:3},
					  _{x:2,y:3},
					  _{x:3,y:3},
					  _{x:4,y:3},
					  _{x:5,y:3},
					  _{x:0,y:4},
					  _{x:1,y:4},
					  _{x:2,y:4},
					  _{x:3,y:4},
					  _{x:4,y:4},
					  _{x:5,y:4},
					  _{x:0,y:5},
					  _{x:1,y:5},
					  _{x:2,y:5},
					  _{x:3,y:5},
					  _{x:4,y:5},
					  _{x:5,y:5}
					],
				  eat_exit:_{c:_{x:1,y:1},e:_{id:exit}},
				  eat_walls:[ _{ c:_{x:5,y:5},
						 w:_{id:wall100}
					       },
					      _{ c:_{x:4,y:5},
						 w:_{id:wall99}
					       },
					      _{ c:_{x:3,y:5},
						 w:_{id:wall98}
					       },
					      _{ c:_{x:2,y:5},
						 w:_{id:wall97}
					       },
					      _{ c:_{x:1,y:5},
						 w:_{id:wall96}
					       },
					      _{ c:_{x:0,y:5},
						 w:_{id:wall95}
					       },
					      _{ c:_{x:5,y:4},
						 w:_{id:wall94}
					       },
					      _{ c:_{x:0,y:4},
						 w:_{id:wall93}
					       },
					      _{ c:_{x:5,y:3},
						 w:_{id:wall92}
					       },
					      _{ c:_{x:0,y:3},
						 w:_{id:wall91}
					       },
					      _{ c:_{x:5,y:2},
						 w:_{id:wall90}
					       },
					      _{ c:_{x:0,y:2},
						 w:_{id:wall89}
					       },
					      _{ c:_{x:5,y:1},
						 w:_{id:wall88}
					       },
					      _{ c:_{x:0,y:1},
						 w:_{id:wall87}
					       },
					      _{ c:_{x:5,y:0},
						 w:_{id:wall86}
					       },
					      _{ c:_{x:4,y:0},
						 w:_{id:wall85}
					       },
					      _{ c:_{x:3,y:0},
						 w:_{id:wall84}
					       },
					      _{ c:_{x:2,y:0},
						 w:_{id:wall83}
					       },
					      _{ c:_{x:1,y:0},
						 w:_{id:wall82}
					       },
					      _{ c:_{x:0,y:0},
						 w:_{id:wall81}
					       }
					    ]
				},
	      certain_fluents:_{ alive:[_{id:hunter}],
				 dir:[_{d:west,h:_{id:hunter}}],
				 fat_gold:[],
				 fat_hunter:_{ c:_{x:1,y:2},
					       h:_{id:hunter}
					     },
				 game_state:running,
				 has_arrow:[ _{ a:_{id:arrow5},
						h:_{id:hunter}
					      }
					   ],
				 has_gold:[],
				 score:0,
				 visited:[ _{ from:_{x:1,y:1},
					      to:_{x:1,y:2}
					    }
					 ]
			       },
	      step:0,
	      uncertain_eternals:_{ eat_pit:[ _{ c:_{x:1,y:3},
						 p:_{id:true}
					       },
					      _{ c:_{x:2,y:2},
						 p:_{id:true}
					       },
					      _{ c:_{x:1,y:1},
						 p:_{id:false}
					       },
					      _{ c:_{x:2,y:1},
						 p:_{id:false}
					       },
					      _{ c:_{x:1,y:2},
						 p:_{id:false}
					       }
					    ],
				    eat_wumpus:[ _{ c:_{x:1,y:3},
						    w:_{id:true}
						  },
						 _{ c:_{x:2,y:2},
						    w:_{id:true}
						  },
						 _{ c:_{x:1,y:1},
						    w:_{id:false}
						  },
						 _{ c:_{x:2,y:1},
						    w:_{id:false}
						  },
						 _{ c:_{x:1,y:2},
						    w:_{id:false}
						  }
					       ]
				  },
	      uncertain_fluents:_{fatal:[]}
	    },
   percepts:[breeze,stench]
 }
La valeur de AdjSansWumpus est : [_2384{x:1,y:1}]
Cases Auth est : [_2226{x:1,y:1}]
La valeur de X est : 0
La valeur de Y est : 2
completed(6, 0.07487293, 2830, 200, ok).
/*Sat Mar  9 15:27:16 2024*/ request(7, 1709994436.997, [peer(ip(127,0,0,1)),method(options),request_uri('/action'),path('/action'),http_version(1-1),host(localhost),port(8081),connection('keep-alive'),access_control_request_method('PUT'),access_control_request_headers('content-type'),origin('http://localhost:9000'),user_agent('Mozilla/5.0 (X11; Linux x86_64) AppleWebKit/537.36 (KHTML, like Gecko) Chrome/122.0.0.0 Safari/537.36'),sec_fetch_mode(cors),sec_fetch_site('same-site'),sec_fetch_dest(empty),referer('http://localhost:9000/')]).
completed(7, 0.005175120000000005, 0, 200, ok).
/*Sat Mar  9 15:27:17 2024*/ request(8, 1709994437.005, [peer(ip(127,0,0,1)),method(put),request_uri('/action'),path('/action'),http_version(1-1),host(localhost),port(8081),connection('keep-alive'),content_length(2213),sec_ch_ua('"Chromium";v="122", "Not(A:Brand";v="24", "Brave";v="122"'),sec_ch_ua_platform('"Linux"'),sec_ch_ua_mobile('?0'),user_agent('Mozilla/5.0 (X11; Linux x86_64) AppleWebKit/537.36 (KHTML, like Gecko) Chrome/122.0.0.0 Safari/537.36'),content_type('application/json'),sec_gpc('1'),origin('http://localhost:9000'),sec_fetch_site('same-site'),sec_fetch_mode(cors),sec_fetch_dest(empty),referer('http://localhost:9000/')]).
_{ beliefs:_{ certain_eternals:_{ cells:[ _{x:0,y:0},
					  _{x:1,y:0},
					  _{x:2,y:0},
					  _{x:3,y:0},
					  _{x:4,y:0},
					  _{x:5,y:0},
					  _{x:0,y:1},
					  _{x:1,y:1},
					  _{x:2,y:1},
					  _{x:3,y:1},
					  _{x:4,y:1},
					  _{x:5,y:1},
					  _{x:0,y:2},
					  _{x:1,y:2},
					  _{x:2,y:2},
					  _{x:3,y:2},
					  _{x:4,y:2},
					  _{x:5,y:2},
					  _{x:0,y:3},
					  _{x:1,y:3},
					  _{x:2,y:3},
					  _{x:3,y:3},
					  _{x:4,y:3},
					  _{x:5,y:3},
					  _{x:0,y:4},
					  _{x:1,y:4},
					  _{x:2,y:4},
					  _{x:3,y:4},
					  _{x:4,y:4},
					  _{x:5,y:4},
					  _{x:0,y:5},
					  _{x:1,y:5},
					  _{x:2,y:5},
					  _{x:3,y:5},
					  _{x:4,y:5},
					  _{x:5,y:5}
					],
				  eat_exit:_{c:_{x:1,y:1},e:_{id:exit}},
				  eat_walls:[ _{ c:_{x:5,y:5},
						 w:_{id:wall100}
					       },
					      _{ c:_{x:4,y:5},
						 w:_{id:wall99}
					       },
					      _{ c:_{x:3,y:5},
						 w:_{id:wall98}
					       },
					      _{ c:_{x:2,y:5},
						 w:_{id:wall97}
					       },
					      _{ c:_{x:1,y:5},
						 w:_{id:wall96}
					       },
					      _{ c:_{x:0,y:5},
						 w:_{id:wall95}
					       },
					      _{ c:_{x:5,y:4},
						 w:_{id:wall94}
					       },
					      _{ c:_{x:0,y:4},
						 w:_{id:wall93}
					       },
					      _{ c:_{x:5,y:3},
						 w:_{id:wall92}
					       },
					      _{ c:_{x:0,y:3},
						 w:_{id:wall91}
					       },
					      _{ c:_{x:5,y:2},
						 w:_{id:wall90}
					       },
					      _{ c:_{x:0,y:2},
						 w:_{id:wall89}
					       },
					      _{ c:_{x:5,y:1},
						 w:_{id:wall88}
					       },
					      _{ c:_{x:0,y:1},
						 w:_{id:wall87}
					       },
					      _{ c:_{x:5,y:0},
						 w:_{id:wall86}
					       },
					      _{ c:_{x:4,y:0},
						 w:_{id:wall85}
					       },
					      _{ c:_{x:3,y:0},
						 w:_{id:wall84}
					       },
					      _{ c:_{x:2,y:0},
						 w:_{id:wall83}
					       },
					      _{ c:_{x:1,y:0},
						 w:_{id:wall82}
					       },
					      _{ c:_{x:0,y:0},
						 w:_{id:wall81}
					       }
					    ]
				},
	      certain_fluents:_{ alive:[_{id:hunter}],
				 dir:[_{d:south,h:_{id:hunter}}],
				 fat_gold:[],
				 fat_hunter:_{ c:_{x:1,y:2},
					       h:_{id:hunter}
					     },
				 game_state:running,
				 has_arrow:[ _{ a:_{id:arrow5},
						h:_{id:hunter}
					      }
					   ],
				 has_gold:[],
				 score:0,
				 visited:[ _{ from:_{x:1,y:1},
					      to:_{x:1,y:2}
					    }
					 ]
			       },
	      step:0,
	      uncertain_eternals:_{ eat_pit:[ _{ c:_{x:1,y:3},
						 p:_{id:true}
					       },
					      _{ c:_{x:2,y:2},
						 p:_{id:true}
					       },
					      _{ c:_{x:1,y:1},
						 p:_{id:false}
					       },
					      _{ c:_{x:2,y:1},
						 p:_{id:false}
					       },
					      _{ c:_{x:1,y:2},
						 p:_{id:false}
					       }
					    ],
				    eat_wumpus:[ _{ c:_{x:1,y:3},
						    w:_{id:true}
						  },
						 _{ c:_{x:2,y:2},
						    w:_{id:true}
						  },
						 _{ c:_{x:1,y:1},
						    w:_{id:false}
						  },
						 _{ c:_{x:2,y:1},
						    w:_{id:false}
						  },
						 _{ c:_{x:1,y:2},
						    w:_{id:false}
						  }
					       ]
				  },
	      uncertain_fluents:_{fatal:[]}
	    },
   percepts:[breeze,stench]
 }
La valeur de AdjSansWumpus est : [_2374{x:1,y:1}]
Cases Auth est : [_2216{x:1,y:1}]
La valeur de X est : 1
La valeur de Y est : 1
completed(8, 0.065736685, 2888, 200, ok).
/*Sat Mar  9 15:27:18 2024*/ request(9, 1709994438.790, [peer(ip(127,0,0,1)),method(put),request_uri('/action'),path('/action'),http_version(1-1),host(localhost),port(8081),connection('keep-alive'),content_length(2238),sec_ch_ua('"Chromium";v="122", "Not(A:Brand";v="24", "Brave";v="122"'),sec_ch_ua_platform('"Linux"'),sec_ch_ua_mobile('?0'),user_agent('Mozilla/5.0 (X11; Linux x86_64) AppleWebKit/537.36 (KHTML, like Gecko) Chrome/122.0.0.0 Safari/537.36'),content_type('application/json'),sec_gpc('1'),origin('http://localhost:9000'),sec_fetch_site('same-site'),sec_fetch_mode(cors),sec_fetch_dest(empty),referer('http://localhost:9000/')]).
_{ beliefs:_{ certain_eternals:_{ cells:[ _{x:0,y:0},
					  _{x:1,y:0},
					  _{x:2,y:0},
					  _{x:3,y:0},
					  _{x:4,y:0},
					  _{x:5,y:0},
					  _{x:0,y:1},
					  _{x:1,y:1},
					  _{x:2,y:1},
					  _{x:3,y:1},
					  _{x:4,y:1},
					  _{x:5,y:1},
					  _{x:0,y:2},
					  _{x:1,y:2},
					  _{x:2,y:2},
					  _{x:3,y:2},
					  _{x:4,y:2},
					  _{x:5,y:2},
					  _{x:0,y:3},
					  _{x:1,y:3},
					  _{x:2,y:3},
					  _{x:3,y:3},
					  _{x:4,y:3},
					  _{x:5,y:3},
					  _{x:0,y:4},
					  _{x:1,y:4},
					  _{x:2,y:4},
					  _{x:3,y:4},
					  _{x:4,y:4},
					  _{x:5,y:4},
					  _{x:0,y:5},
					  _{x:1,y:5},
					  _{x:2,y:5},
					  _{x:3,y:5},
					  _{x:4,y:5},
					  _{x:5,y:5}
					],
				  eat_exit:_{c:_{x:1,y:1},e:_{id:exit}},
				  eat_walls:[ _{ c:_{x:5,y:5},
						 w:_{id:wall100}
					       },
					      _{ c:_{x:4,y:5},
						 w:_{id:wall99}
					       },
					      _{ c:_{x:3,y:5},
						 w:_{id:wall98}
					       },
					      _{ c:_{x:2,y:5},
						 w:_{id:wall97}
					       },
					      _{ c:_{x:1,y:5},
						 w:_{id:wall96}
					       },
					      _{ c:_{x:0,y:5},
						 w:_{id:wall95}
					       },
					      _{ c:_{x:5,y:4},
						 w:_{id:wall94}
					       },
					      _{ c:_{x:0,y:4},
						 w:_{id:wall93}
					       },
					      _{ c:_{x:5,y:3},
						 w:_{id:wall92}
					       },
					      _{ c:_{x:0,y:3},
						 w:_{id:wall91}
					       },
					      _{ c:_{x:5,y:2},
						 w:_{id:wall90}
					       },
					      _{ c:_{x:0,y:2},
						 w:_{id:wall89}
					       },
					      _{ c:_{x:5,y:1},
						 w:_{id:wall88}
					       },
					      _{ c:_{x:0,y:1},
						 w:_{id:wall87}
					       },
					      _{ c:_{x:5,y:0},
						 w:_{id:wall86}
					       },
					      _{ c:_{x:4,y:0},
						 w:_{id:wall85}
					       },
					      _{ c:_{x:3,y:0},
						 w:_{id:wall84}
					       },
					      _{ c:_{x:2,y:0},
						 w:_{id:wall83}
					       },
					      _{ c:_{x:1,y:0},
						 w:_{id:wall82}
					       },
					      _{ c:_{x:0,y:0},
						 w:_{id:wall81}
					       }
					    ]
				},
	      certain_fluents:_{ alive:[_{id:hunter}],
				 dir:[_{d:south,h:_{id:hunter}}],
				 fat_gold:[],
				 fat_hunter:_{ c:_{x:1,y:1},
					       h:_{id:hunter}
					     },
				 game_state:running,
				 has_arrow:[ _{ a:_{id:arrow5},
						h:_{id:hunter}
					      }
					   ],
				 has_gold:[],
				 score:0,
				 visited:[ _{ from:_{x:1,y:2},
					      to:_{x:1,y:1}
					    },
					   _{ from:_{x:1,y:1},
					      to:_{x:1,y:2}
					    }
					 ]
			       },
	      step:0,
	      uncertain_eternals:_{ eat_pit:[ _{ c:_{x:1,y:3},
						 p:_{id:true}
					       },
					      _{ c:_{x:2,y:2},
						 p:_{id:true}
					       },
					      _{ c:_{x:1,y:1},
						 p:_{id:false}
					       },
					      _{ c:_{x:2,y:1},
						 p:_{id:false}
					       },
					      _{ c:_{x:1,y:2},
						 p:_{id:false}
					       }
					    ],
				    eat_wumpus:[ _{ c:_{x:1,y:3},
						    w:_{id:true}
						  },
						 _{ c:_{x:2,y:2},
						    w:_{id:true}
						  },
						 _{ c:_{x:1,y:1},
						    w:_{id:false}
						  },
						 _{ c:_{x:2,y:1},
						    w:_{id:false}
						  },
						 _{ c:_{x:1,y:2},
						    w:_{id:false}
						  }
					       ]
				  },
	      uncertain_fluents:_{fatal:[]}
	    },
   percepts:[]
 }
La valeur de AdjSansWumpus est : [_2500{x:1,y:2},_2462{x:2,y:1}]
Cases Auth est : [_2462{x:2,y:1}]
La valeur de X est : 1
La valeur de Y est : 0
completed(9, 0.05993609300000001, 2865, 200, ok).
/*Sat Mar  9 15:27:20 2024*/ request(10, 1709994440.100, [peer(ip(127,0,0,1)),method(put),request_uri('/action'),path('/action'),http_version(1-1),host(localhost),port(8081),connection('keep-alive'),content_length(2237),sec_ch_ua('"Chromium";v="122", "Not(A:Brand";v="24", "Brave";v="122"'),sec_ch_ua_platform('"Linux"'),sec_ch_ua_mobile('?0'),user_agent('Mozilla/5.0 (X11; Linux x86_64) AppleWebKit/537.36 (KHTML, like Gecko) Chrome/122.0.0.0 Safari/537.36'),content_type('application/json'),sec_gpc('1'),origin('http://localhost:9000'),sec_fetch_site('same-site'),sec_fetch_mode(cors),sec_fetch_dest(empty),referer('http://localhost:9000/')]).
_{ beliefs:_{ certain_eternals:_{ cells:[ _{x:0,y:0},
					  _{x:1,y:0},
					  _{x:2,y:0},
					  _{x:3,y:0},
					  _{x:4,y:0},
					  _{x:5,y:0},
					  _{x:0,y:1},
					  _{x:1,y:1},
					  _{x:2,y:1},
					  _{x:3,y:1},
					  _{x:4,y:1},
					  _{x:5,y:1},
					  _{x:0,y:2},
					  _{x:1,y:2},
					  _{x:2,y:2},
					  _{x:3,y:2},
					  _{x:4,y:2},
					  _{x:5,y:2},
					  _{x:0,y:3},
					  _{x:1,y:3},
					  _{x:2,y:3},
					  _{x:3,y:3},
					  _{x:4,y:3},
					  _{x:5,y:3},
					  _{x:0,y:4},
					  _{x:1,y:4},
					  _{x:2,y:4},
					  _{x:3,y:4},
					  _{x:4,y:4},
					  _{x:5,y:4},
					  _{x:0,y:5},
					  _{x:1,y:5},
					  _{x:2,y:5},
					  _{x:3,y:5},
					  _{x:4,y:5},
					  _{x:5,y:5}
					],
				  eat_exit:_{c:_{x:1,y:1},e:_{id:exit}},
				  eat_walls:[ _{ c:_{x:5,y:5},
						 w:_{id:wall100}
					       },
					      _{ c:_{x:4,y:5},
						 w:_{id:wall99}
					       },
					      _{ c:_{x:3,y:5},
						 w:_{id:wall98}
					       },
					      _{ c:_{x:2,y:5},
						 w:_{id:wall97}
					       },
					      _{ c:_{x:1,y:5},
						 w:_{id:wall96}
					       },
					      _{ c:_{x:0,y:5},
						 w:_{id:wall95}
					       },
					      _{ c:_{x:5,y:4},
						 w:_{id:wall94}
					       },
					      _{ c:_{x:0,y:4},
						 w:_{id:wall93}
					       },
					      _{ c:_{x:5,y:3},
						 w:_{id:wall92}
					       },
					      _{ c:_{x:0,y:3},
						 w:_{id:wall91}
					       },
					      _{ c:_{x:5,y:2},
						 w:_{id:wall90}
					       },
					      _{ c:_{x:0,y:2},
						 w:_{id:wall89}
					       },
					      _{ c:_{x:5,y:1},
						 w:_{id:wall88}
					       },
					      _{ c:_{x:0,y:1},
						 w:_{id:wall87}
					       },
					      _{ c:_{x:5,y:0},
						 w:_{id:wall86}
					       },
					      _{ c:_{x:4,y:0},
						 w:_{id:wall85}
					       },
					      _{ c:_{x:3,y:0},
						 w:_{id:wall84}
					       },
					      _{ c:_{x:2,y:0},
						 w:_{id:wall83}
					       },
					      _{ c:_{x:1,y:0},
						 w:_{id:wall82}
					       },
					      _{ c:_{x:0,y:0},
						 w:_{id:wall81}
					       }
					    ]
				},
	      certain_fluents:_{ alive:[_{id:hunter}],
				 dir:[_{d:east,h:_{id:hunter}}],
				 fat_gold:[],
				 fat_hunter:_{ c:_{x:1,y:1},
					       h:_{id:hunter}
					     },
				 game_state:running,
				 has_arrow:[ _{ a:_{id:arrow5},
						h:_{id:hunter}
					      }
					   ],
				 has_gold:[],
				 score:0,
				 visited:[ _{ from:_{x:1,y:2},
					      to:_{x:1,y:1}
					    },
					   _{ from:_{x:1,y:1},
					      to:_{x:1,y:2}
					    }
					 ]
			       },
	      step:0,
	      uncertain_eternals:_{ eat_pit:[ _{ c:_{x:1,y:3},
						 p:_{id:true}
					       },
					      _{ c:_{x:2,y:2},
						 p:_{id:true}
					       },
					      _{ c:_{x:1,y:1},
						 p:_{id:false}
					       },
					      _{ c:_{x:2,y:1},
						 p:_{id:false}
					       },
					      _{ c:_{x:1,y:2},
						 p:_{id:false}
					       }
					    ],
				    eat_wumpus:[ _{ c:_{x:1,y:3},
						    w:_{id:true}
						  },
						 _{ c:_{x:2,y:2},
						    w:_{id:true}
						  },
						 _{ c:_{x:1,y:1},
						    w:_{id:false}
						  },
						 _{ c:_{x:2,y:1},
						    w:_{id:false}
						  },
						 _{ c:_{x:1,y:2},
						    w:_{id:false}
						  }
					       ]
				  },
	      uncertain_fluents:_{fatal:[]}
	    },
   percepts:[]
 }
La valeur de AdjSansWumpus est : [_2492{x:1,y:2},_2454{x:2,y:1}]
Cases Auth est : [_2454{x:2,y:1}]
La valeur de X est : 2
La valeur de Y est : 1
completed(10, 0.054113966, 2919, 200, ok).
/*Sat Mar  9 15:27:22 2024*/ request(11, 1709994442.140, [peer(ip(127,0,0,1)),method(options),request_uri('/action'),path('/action'),http_version(1-1),host(localhost),port(8081),connection('keep-alive'),access_control_request_method('PUT'),access_control_request_headers('content-type'),origin('http://localhost:9000'),user_agent('Mozilla/5.0 (X11; Linux x86_64) AppleWebKit/537.36 (KHTML, like Gecko) Chrome/122.0.0.0 Safari/537.36'),sec_fetch_mode(cors),sec_fetch_site('same-site'),sec_fetch_dest(empty),referer('http://localhost:9000/')]).
completed(11, 0.001975658000000005, 0, 200, ok).
/*Sat Mar  9 15:27:22 2024*/ request(12, 1709994442.144, [peer(ip(127,0,0,1)),method(put),request_uri('/action'),path('/action'),http_version(1-1),host(localhost),port(8081),connection('keep-alive'),content_length(2296),sec_ch_ua('"Chromium";v="122", "Not(A:Brand";v="24", "Brave";v="122"'),sec_ch_ua_platform('"Linux"'),sec_ch_ua_mobile('?0'),user_agent('Mozilla/5.0 (X11; Linux x86_64) AppleWebKit/537.36 (KHTML, like Gecko) Chrome/122.0.0.0 Safari/537.36'),content_type('application/json'),sec_gpc('1'),origin('http://localhost:9000'),sec_fetch_site('same-site'),sec_fetch_mode(cors),sec_fetch_dest(empty),referer('http://localhost:9000/')]).
_{ beliefs:_{ certain_eternals:_{ cells:[ _{x:0,y:0},
					  _{x:1,y:0},
					  _{x:2,y:0},
					  _{x:3,y:0},
					  _{x:4,y:0},
					  _{x:5,y:0},
					  _{x:0,y:1},
					  _{x:1,y:1},
					  _{x:2,y:1},
					  _{x:3,y:1},
					  _{x:4,y:1},
					  _{x:5,y:1},
					  _{x:0,y:2},
					  _{x:1,y:2},
					  _{x:2,y:2},
					  _{x:3,y:2},
					  _{x:4,y:2},
					  _{x:5,y:2},
					  _{x:0,y:3},
					  _{x:1,y:3},
					  _{x:2,y:3},
					  _{x:3,y:3},
					  _{x:4,y:3},
					  _{x:5,y:3},
					  _{x:0,y:4},
					  _{x:1,y:4},
					  _{x:2,y:4},
					  _{x:3,y:4},
					  _{x:4,y:4},
					  _{x:5,y:4},
					  _{x:0,y:5},
					  _{x:1,y:5},
					  _{x:2,y:5},
					  _{x:3,y:5},
					  _{x:4,y:5},
					  _{x:5,y:5}
					],
				  eat_exit:_{c:_{x:1,y:1},e:_{id:exit}},
				  eat_walls:[ _{ c:_{x:5,y:5},
						 w:_{id:wall100}
					       },
					      _{ c:_{x:4,y:5},
						 w:_{id:wall99}
					       },
					      _{ c:_{x:3,y:5},
						 w:_{id:wall98}
					       },
					      _{ c:_{x:2,y:5},
						 w:_{id:wall97}
					       },
					      _{ c:_{x:1,y:5},
						 w:_{id:wall96}
					       },
					      _{ c:_{x:0,y:5},
						 w:_{id:wall95}
					       },
					      _{ c:_{x:5,y:4},
						 w:_{id:wall94}
					       },
					      _{ c:_{x:0,y:4},
						 w:_{id:wall93}
					       },
					      _{ c:_{x:5,y:3},
						 w:_{id:wall92}
					       },
					      _{ c:_{x:0,y:3},
						 w:_{id:wall91}
					       },
					      _{ c:_{x:5,y:2},
						 w:_{id:wall90}
					       },
					      _{ c:_{x:0,y:2},
						 w:_{id:wall89}
					       },
					      _{ c:_{x:5,y:1},
						 w:_{id:wall88}
					       },
					      _{ c:_{x:0,y:1},
						 w:_{id:wall87}
					       },
					      _{ c:_{x:5,y:0},
						 w:_{id:wall86}
					       },
					      _{ c:_{x:4,y:0},
						 w:_{id:wall85}
					       },
					      _{ c:_{x:3,y:0},
						 w:_{id:wall84}
					       },
					      _{ c:_{x:2,y:0},
						 w:_{id:wall83}
					       },
					      _{ c:_{x:1,y:0},
						 w:_{id:wall82}
					       },
					      _{ c:_{x:0,y:0},
						 w:_{id:wall81}
					       }
					    ]
				},
	      certain_fluents:_{ alive:[_{id:hunter}],
				 dir:[_{d:east,h:_{id:hunter}}],
				 fat_gold:[],
				 fat_hunter:_{ c:_{x:2,y:1},
					       h:_{id:hunter}
					     },
				 game_state:running,
				 has_arrow:[ _{ a:_{id:arrow5},
						h:_{id:hunter}
					      }
					   ],
				 has_gold:[],
				 score:0,
				 visited:[ _{ from:_{x:1,y:1},
					      to:_{x:2,y:1}
					    },
					   _{ from:_{x:1,y:2},
					      to:_{x:1,y:1}
					    },
					   _{ from:_{x:1,y:1},
					      to:_{x:1,y:2}
					    }
					 ]
			       },
	      step:0,
	      uncertain_eternals:_{ eat_pit:[ _{ c:_{x:1,y:3},
						 p:_{id:true}
					       },
					      _{ c:_{x:2,y:2},
						 p:_{id:true}
					       },
					      _{ c:_{x:1,y:1},
						 p:_{id:false}
					       },
					      _{ c:_{x:2,y:1},
						 p:_{id:false}
					       },
					      _{ c:_{x:1,y:2},
						 p:_{id:false}
					       }
					    ],
				    eat_wumpus:[ _{ c:_{x:1,y:3},
						    w:_{id:true}
						  },
						 _{ c:_{x:2,y:2},
						    w:_{id:true}
						  },
						 _{ c:_{x:1,y:1},
						    w:_{id:false}
						  },
						 _{ c:_{x:2,y:1},
						    w:_{id:false}
						  },
						 _{ c:_{x:1,y:2},
						    w:_{id:false}
						  }
					       ]
				  },
	      uncertain_fluents:_{fatal:[]}
	    },
   percepts:[breeze,stench]
 }
La valeur de AdjSansWumpus est : [_2458{x:1,y:1}]
Cases Auth est : [_2216{x:1,y:1}]
La valeur de X est : 3
La valeur de Y est : 1
completed(12, 0.05661465900000001, 3024, 200, ok).
/*Sat Mar  9 15:27:23 2024*/ request(13, 1709994443.426, [peer(ip(127,0,0,1)),method(put),request_uri('/action'),path('/action'),http_version(1-1),host(localhost),port(8081),connection('keep-alive'),content_length(2369),sec_ch_ua('"Chromium";v="122", "Not(A:Brand";v="24", "Brave";v="122"'),sec_ch_ua_platform('"Linux"'),sec_ch_ua_mobile('?0'),user_agent('Mozilla/5.0 (X11; Linux x86_64) AppleWebKit/537.36 (KHTML, like Gecko) Chrome/122.0.0.0 Safari/537.36'),content_type('application/json'),sec_gpc('1'),origin('http://localhost:9000'),sec_fetch_site('same-site'),sec_fetch_mode(cors),sec_fetch_dest(empty),referer('http://localhost:9000/')]).
_{ beliefs:_{ certain_eternals:_{ cells:[ _{x:0,y:0},
					  _{x:1,y:0},
					  _{x:2,y:0},
					  _{x:3,y:0},
					  _{x:4,y:0},
					  _{x:5,y:0},
					  _{x:0,y:1},
					  _{x:1,y:1},
					  _{x:2,y:1},
					  _{x:3,y:1},
					  _{x:4,y:1},
					  _{x:5,y:1},
					  _{x:0,y:2},
					  _{x:1,y:2},
					  _{x:2,y:2},
					  _{x:3,y:2},
					  _{x:4,y:2},
					  _{x:5,y:2},
					  _{x:0,y:3},
					  _{x:1,y:3},
					  _{x:2,y:3},
					  _{x:3,y:3},
					  _{x:4,y:3},
					  _{x:5,y:3},
					  _{x:0,y:4},
					  _{x:1,y:4},
					  _{x:2,y:4},
					  _{x:3,y:4},
					  _{x:4,y:4},
					  _{x:5,y:4},
					  _{x:0,y:5},
					  _{x:1,y:5},
					  _{x:2,y:5},
					  _{x:3,y:5},
					  _{x:4,y:5},
					  _{x:5,y:5}
					],
				  eat_exit:_{c:_{x:1,y:1},e:_{id:exit}},
				  eat_walls:[ _{ c:_{x:5,y:5},
						 w:_{id:wall100}
					       },
					      _{ c:_{x:4,y:5},
						 w:_{id:wall99}
					       },
					      _{ c:_{x:3,y:5},
						 w:_{id:wall98}
					       },
					      _{ c:_{x:2,y:5},
						 w:_{id:wall97}
					       },
					      _{ c:_{x:1,y:5},
						 w:_{id:wall96}
					       },
					      _{ c:_{x:0,y:5},
						 w:_{id:wall95}
					       },
					      _{ c:_{x:5,y:4},
						 w:_{id:wall94}
					       },
					      _{ c:_{x:0,y:4},
						 w:_{id:wall93}
					       },
					      _{ c:_{x:5,y:3},
						 w:_{id:wall92}
					       },
					      _{ c:_{x:0,y:3},
						 w:_{id:wall91}
					       },
					      _{ c:_{x:5,y:2},
						 w:_{id:wall90}
					       },
					      _{ c:_{x:0,y:2},
						 w:_{id:wall89}
					       },
					      _{ c:_{x:5,y:1},
						 w:_{id:wall88}
					       },
					      _{ c:_{x:0,y:1},
						 w:_{id:wall87}
					       },
					      _{ c:_{x:5,y:0},
						 w:_{id:wall86}
					       },
					      _{ c:_{x:4,y:0},
						 w:_{id:wall85}
					       },
					      _{ c:_{x:3,y:0},
						 w:_{id:wall84}
					       },
					      _{ c:_{x:2,y:0},
						 w:_{id:wall83}
					       },
					      _{ c:_{x:1,y:0},
						 w:_{id:wall82}
					       },
					      _{ c:_{x:0,y:0},
						 w:_{id:wall81}
					       }
					    ]
				},
	      certain_fluents:_{ alive:[_{id:hunter}],
				 dir:[_{d:north,h:_{id:hunter}}],
				 fat_gold:[],
				 fat_hunter:_{ c:_{x:2,y:1},
					       h:_{id:hunter}
					     },
				 game_state:running,
				 has_arrow:[ _{ a:_{id:arrow5},
						h:_{id:hunter}
					      }
					   ],
				 has_gold:[],
				 score:0,
				 visited:[ _{ from:_{x:1,y:1},
					      to:_{x:2,y:1}
					    },
					   _{ from:_{x:1,y:2},
					      to:_{x:1,y:1}
					    },
					   _{ from:_{x:1,y:1},
					      to:_{x:1,y:2}
					    }
					 ]
			       },
	      step:0,
	      uncertain_eternals:_{ eat_pit:[ _{ c:_{x:1,y:3},
						 p:_{id:true}
					       },
					      _{ c:_{x:2,y:2},
						 p:_{id:true}
					       },
					      _{ c:_{x:3,y:1},
						 p:_{id:true}
					       },
					      _{ c:_{x:1,y:1},
						 p:_{id:false}
					       },
					      _{ c:_{x:2,y:1},
						 p:_{id:false}
					       },
					      _{ c:_{x:1,y:2},
						 p:_{id:false}
					       }
					    ],
				    eat_wumpus:[ _{ c:_{x:1,y:3},
						    w:_{id:true}
						  },
						 _{ c:_{x:2,y:2},
						    w:_{id:true}
						  },
						 _{ c:_{x:3,y:1},
						    w:_{id:true}
						  },
						 _{ c:_{x:1,y:1},
						    w:_{id:false}
						  },
						 _{ c:_{x:2,y:1},
						    w:_{id:false}
						  },
						 _{ c:_{x:1,y:2},
						    w:_{id:false}
						  }
					       ]
				  },
	      uncertain_fluents:_{fatal:[]}
	    },
   percepts:[breeze,stench]
 }
La valeur de AdjSansWumpus est : [_2504{x:1,y:1}]
Cases Auth est : [_2224{x:1,y:1}]
La valeur de X est : 2
La valeur de Y est : 2
completed(13, 0.068906463, 3023, 200, ok).
/*Sat Mar  9 15:27:24 2024*/ request(14, 1709994444.525, [peer(ip(127,0,0,1)),method(put),request_uri('/action'),path('/action'),http_version(1-1),host(localhost),port(8081),connection('keep-alive'),content_length(2368),sec_ch_ua('"Chromium";v="122", "Not(A:Brand";v="24", "Brave";v="122"'),sec_ch_ua_platform('"Linux"'),sec_ch_ua_mobile('?0'),user_agent('Mozilla/5.0 (X11; Linux x86_64) AppleWebKit/537.36 (KHTML, like Gecko) Chrome/122.0.0.0 Safari/537.36'),content_type('application/json'),sec_gpc('1'),origin('http://localhost:9000'),sec_fetch_site('same-site'),sec_fetch_mode(cors),sec_fetch_dest(empty),referer('http://localhost:9000/')]).
_{ beliefs:_{ certain_eternals:_{ cells:[ _{x:0,y:0},
					  _{x:1,y:0},
					  _{x:2,y:0},
					  _{x:3,y:0},
					  _{x:4,y:0},
					  _{x:5,y:0},
					  _{x:0,y:1},
					  _{x:1,y:1},
					  _{x:2,y:1},
					  _{x:3,y:1},
					  _{x:4,y:1},
					  _{x:5,y:1},
					  _{x:0,y:2},
					  _{x:1,y:2},
					  _{x:2,y:2},
					  _{x:3,y:2},
					  _{x:4,y:2},
					  _{x:5,y:2},
					  _{x:0,y:3},
					  _{x:1,y:3},
					  _{x:2,y:3},
					  _{x:3,y:3},
					  _{x:4,y:3},
					  _{x:5,y:3},
					  _{x:0,y:4},
					  _{x:1,y:4},
					  _{x:2,y:4},
					  _{x:3,y:4},
					  _{x:4,y:4},
					  _{x:5,y:4},
					  _{x:0,y:5},
					  _{x:1,y:5},
					  _{x:2,y:5},
					  _{x:3,y:5},
					  _{x:4,y:5},
					  _{x:5,y:5}
					],
				  eat_exit:_{c:_{x:1,y:1},e:_{id:exit}},
				  eat_walls:[ _{ c:_{x:5,y:5},
						 w:_{id:wall100}
					       },
					      _{ c:_{x:4,y:5},
						 w:_{id:wall99}
					       },
					      _{ c:_{x:3,y:5},
						 w:_{id:wall98}
					       },
					      _{ c:_{x:2,y:5},
						 w:_{id:wall97}
					       },
					      _{ c:_{x:1,y:5},
						 w:_{id:wall96}
					       },
					      _{ c:_{x:0,y:5},
						 w:_{id:wall95}
					       },
					      _{ c:_{x:5,y:4},
						 w:_{id:wall94}
					       },
					      _{ c:_{x:0,y:4},
						 w:_{id:wall93}
					       },
					      _{ c:_{x:5,y:3},
						 w:_{id:wall92}
					       },
					      _{ c:_{x:0,y:3},
						 w:_{id:wall91}
					       },
					      _{ c:_{x:5,y:2},
						 w:_{id:wall90}
					       },
					      _{ c:_{x:0,y:2},
						 w:_{id:wall89}
					       },
					      _{ c:_{x:5,y:1},
						 w:_{id:wall88}
					       },
					      _{ c:_{x:0,y:1},
						 w:_{id:wall87}
					       },
					      _{ c:_{x:5,y:0},
						 w:_{id:wall86}
					       },
					      _{ c:_{x:4,y:0},
						 w:_{id:wall85}
					       },
					      _{ c:_{x:3,y:0},
						 w:_{id:wall84}
					       },
					      _{ c:_{x:2,y:0},
						 w:_{id:wall83}
					       },
					      _{ c:_{x:1,y:0},
						 w:_{id:wall82}
					       },
					      _{ c:_{x:0,y:0},
						 w:_{id:wall81}
					       }
					    ]
				},
	      certain_fluents:_{ alive:[_{id:hunter}],
				 dir:[_{d:west,h:_{id:hunter}}],
				 fat_gold:[],
				 fat_hunter:_{ c:_{x:2,y:1},
					       h:_{id:hunter}
					     },
				 game_state:running,
				 has_arrow:[ _{ a:_{id:arrow5},
						h:_{id:hunter}
					      }
					   ],
				 has_gold:[],
				 score:0,
				 visited:[ _{ from:_{x:1,y:1},
					      to:_{x:2,y:1}
					    },
					   _{ from:_{x:1,y:2},
					      to:_{x:1,y:1}
					    },
					   _{ from:_{x:1,y:1},
					      to:_{x:1,y:2}
					    }
					 ]
			       },
	      step:0,
	      uncertain_eternals:_{ eat_pit:[ _{ c:_{x:1,y:3},
						 p:_{id:true}
					       },
					      _{ c:_{x:2,y:2},
						 p:_{id:true}
					       },
					      _{ c:_{x:3,y:1},
						 p:_{id:true}
					       },
					      _{ c:_{x:1,y:1},
						 p:_{id:false}
					       },
					      _{ c:_{x:2,y:1},
						 p:_{id:false}
					       },
					      _{ c:_{x:1,y:2},
						 p:_{id:false}
					       }
					    ],
				    eat_wumpus:[ _{ c:_{x:1,y:3},
						    w:_{id:true}
						  },
						 _{ c:_{x:2,y:2},
						    w:_{id:true}
						  },
						 _{ c:_{x:3,y:1},
						    w:_{id:true}
						  },
						 _{ c:_{x:1,y:1},
						    w:_{id:false}
						  },
						 _{ c:_{x:2,y:1},
						    w:_{id:false}
						  },
						 _{ c:_{x:1,y:2},
						    w:_{id:false}
						  }
					       ]
				  },
	      uncertain_fluents:_{fatal:[]}
	    },
   percepts:[breeze,stench]
 }
La valeur de AdjSansWumpus est : [_2496{x:1,y:1}]
Cases Auth est : [_2216{x:1,y:1}]
La valeur de X est : 1
La valeur de Y est : 1
completed(14, 0.06996493299999999, 3077, 200, ok).
/*Sat Mar  9 15:27:35 2024*/ request(15, 1709994455.784, [peer(ip(127,0,0,1)),method(options),request_uri('/action'),path('/action'),http_version(1-1),host(localhost),port(8081),connection('keep-alive'),access_control_request_method('PUT'),access_control_request_headers('content-type'),origin('http://localhost:9000'),user_agent('Mozilla/5.0 (X11; Linux x86_64) AppleWebKit/537.36 (KHTML, like Gecko) Chrome/122.0.0.0 Safari/537.36'),sec_fetch_mode(cors),sec_fetch_site('same-site'),sec_fetch_dest(empty),referer('http://localhost:9000/')]).
completed(15, 0.004651029000000001, 0, 200, ok).
/*Sat Mar  9 15:27:35 2024*/ request(16, 1709994455.794, [peer(ip(127,0,0,1)),method(put),request_uri('/action'),path('/action'),http_version(1-1),host(localhost),port(8081),connection('keep-alive'),content_length(1811),sec_ch_ua('"Chromium";v="122", "Not(A:Brand";v="24", "Brave";v="122"'),sec_ch_ua_platform('"Linux"'),sec_ch_ua_mobile('?0'),user_agent('Mozilla/5.0 (X11; Linux x86_64) AppleWebKit/537.36 (KHTML, like Gecko) Chrome/122.0.0.0 Safari/537.36'),content_type('application/json'),sec_gpc('1'),origin('http://localhost:9000'),sec_fetch_site('same-site'),sec_fetch_mode(cors),sec_fetch_dest(empty),referer('http://localhost:9000/')]).
_{ beliefs:_{ certain_eternals:_{ cells:[ _{x:0,y:0},
					  _{x:1,y:0},
					  _{x:2,y:0},
					  _{x:3,y:0},
					  _{x:4,y:0},
					  _{x:5,y:0},
					  _{x:0,y:1},
					  _{x:1,y:1},
					  _{x:2,y:1},
					  _{x:3,y:1},
					  _{x:4,y:1},
					  _{x:5,y:1},
					  _{x:0,y:2},
					  _{x:1,y:2},
					  _{x:2,y:2},
					  _{x:3,y:2},
					  _{x:4,y:2},
					  _{x:5,y:2},
					  _{x:0,y:3},
					  _{x:1,y:3},
					  _{x:2,y:3},
					  _{x:3,y:3},
					  _{x:4,y:3},
					  _{x:5,y:3},
					  _{x:0,y:4},
					  _{x:1,y:4},
					  _{x:2,y:4},
					  _{x:3,y:4},
					  _{x:4,y:4},
					  _{x:5,y:4},
					  _{x:0,y:5},
					  _{x:1,y:5},
					  _{x:2,y:5},
					  _{x:3,y:5},
					  _{x:4,y:5},
					  _{x:5,y:5}
					],
				  eat_exit:_{c:_{x:1,y:1},e:_{id:exit}},
				  eat_walls:[ _{ c:_{x:5,y:5},
						 w:_{id:wall200}
					       },
					      _{ c:_{x:4,y:5},
						 w:_{id:wall199}
					       },
					      _{ c:_{x:3,y:5},
						 w:_{id:wall198}
					       },
					      _{ c:_{x:2,y:5},
						 w:_{id:wall197}
					       },
					      _{ c:_{x:1,y:5},
						 w:_{id:wall196}
					       },
					      _{ c:_{x:0,y:5},
						 w:_{id:wall195}
					       },
					      _{ c:_{x:5,y:4},
						 w:_{id:wall194}
					       },
					      _{ c:_{x:0,y:4},
						 w:_{id:wall193}
					       },
					      _{ c:_{x:5,y:3},
						 w:_{id:wall192}
					       },
					      _{ c:_{x:0,y:3},
						 w:_{id:wall191}
					       },
					      _{ c:_{x:5,y:2},
						 w:_{id:wall190}
					       },
					      _{ c:_{x:0,y:2},
						 w:_{id:wall189}
					       },
					      _{ c:_{x:5,y:1},
						 w:_{id:wall188}
					       },
					      _{ c:_{x:0,y:1},
						 w:_{id:wall187}
					       },
					      _{ c:_{x:5,y:0},
						 w:_{id:wall186}
					       },
					      _{ c:_{x:4,y:0},
						 w:_{id:wall185}
					       },
					      _{ c:_{x:3,y:0},
						 w:_{id:wall184}
					       },
					      _{ c:_{x:2,y:0},
						 w:_{id:wall183}
					       },
					      _{ c:_{x:1,y:0},
						 w:_{id:wall182}
					       },
					      _{ c:_{x:0,y:0},
						 w:_{id:wall181}
					       }
					    ]
				},
	      certain_fluents:_{ alive:[_{id:hunter}],
				 dir:[_{d:north,h:_{id:hunter}}],
				 fat_gold:[],
				 fat_hunter:_{ c:_{x:1,y:1},
					       h:_{id:hunter}
					     },
				 game_state:running,
				 has_arrow:[ _{ a:_{id:arrow10},
						h:_{id:hunter}
					      }
					   ],
				 has_gold:[],
				 score:0,
				 visited:[]
			       },
	      step:0,
	      uncertain_eternals:_{eat_pit:[],eat_wumpus:[]},
	      uncertain_fluents:_{fatal:[]}
	    },
   percepts:[]
 }
La valeur de AdjSansWumpus est : [_14460{x:1,y:2},_14478{x:2,y:1}]
Cases Auth est : [_14460{x:1,y:2},_14478{x:2,y:1}]
La valeur de X est : 1
La valeur de Y est : 2
completed(16, 0.06553157400000001, 2658, 200, ok).
/*Sat Mar  9 15:27:36 2024*/ request(17, 1709994456.866, [peer(ip(127,0,0,1)),method(put),request_uri('/action'),path('/action'),http_version(1-1),host(localhost),port(8081),connection('keep-alive'),content_length(2072),sec_ch_ua('"Chromium";v="122", "Not(A:Brand";v="24", "Brave";v="122"'),sec_ch_ua_platform('"Linux"'),sec_ch_ua_mobile('?0'),user_agent('Mozilla/5.0 (X11; Linux x86_64) AppleWebKit/537.36 (KHTML, like Gecko) Chrome/122.0.0.0 Safari/537.36'),content_type('application/json'),sec_gpc('1'),origin('http://localhost:9000'),sec_fetch_site('same-site'),sec_fetch_mode(cors),sec_fetch_dest(empty),referer('http://localhost:9000/')]).
_{ beliefs:_{ certain_eternals:_{ cells:[ _{x:0,y:0},
					  _{x:1,y:0},
					  _{x:2,y:0},
					  _{x:3,y:0},
					  _{x:4,y:0},
					  _{x:5,y:0},
					  _{x:0,y:1},
					  _{x:1,y:1},
					  _{x:2,y:1},
					  _{x:3,y:1},
					  _{x:4,y:1},
					  _{x:5,y:1},
					  _{x:0,y:2},
					  _{x:1,y:2},
					  _{x:2,y:2},
					  _{x:3,y:2},
					  _{x:4,y:2},
					  _{x:5,y:2},
					  _{x:0,y:3},
					  _{x:1,y:3},
					  _{x:2,y:3},
					  _{x:3,y:3},
					  _{x:4,y:3},
					  _{x:5,y:3},
					  _{x:0,y:4},
					  _{x:1,y:4},
					  _{x:2,y:4},
					  _{x:3,y:4},
					  _{x:4,y:4},
					  _{x:5,y:4},
					  _{x:0,y:5},
					  _{x:1,y:5},
					  _{x:2,y:5},
					  _{x:3,y:5},
					  _{x:4,y:5},
					  _{x:5,y:5}
					],
				  eat_exit:_{c:_{x:1,y:1},e:_{id:exit}},
				  eat_walls:[ _{ c:_{x:5,y:5},
						 w:_{id:wall200}
					       },
					      _{ c:_{x:4,y:5},
						 w:_{id:wall199}
					       },
					      _{ c:_{x:3,y:5},
						 w:_{id:wall198}
					       },
					      _{ c:_{x:2,y:5},
						 w:_{id:wall197}
					       },
					      _{ c:_{x:1,y:5},
						 w:_{id:wall196}
					       },
					      _{ c:_{x:0,y:5},
						 w:_{id:wall195}
					       },
					      _{ c:_{x:5,y:4},
						 w:_{id:wall194}
					       },
					      _{ c:_{x:0,y:4},
						 w:_{id:wall193}
					       },
					      _{ c:_{x:5,y:3},
						 w:_{id:wall192}
					       },
					      _{ c:_{x:0,y:3},
						 w:_{id:wall191}
					       },
					      _{ c:_{x:5,y:2},
						 w:_{id:wall190}
					       },
					      _{ c:_{x:0,y:2},
						 w:_{id:wall189}
					       },
					      _{ c:_{x:5,y:1},
						 w:_{id:wall188}
					       },
					      _{ c:_{x:0,y:1},
						 w:_{id:wall187}
					       },
					      _{ c:_{x:5,y:0},
						 w:_{id:wall186}
					       },
					      _{ c:_{x:4,y:0},
						 w:_{id:wall185}
					       },
					      _{ c:_{x:3,y:0},
						 w:_{id:wall184}
					       },
					      _{ c:_{x:2,y:0},
						 w:_{id:wall183}
					       },
					      _{ c:_{x:1,y:0},
						 w:_{id:wall182}
					       },
					      _{ c:_{x:0,y:0},
						 w:_{id:wall181}
					       }
					    ]
				},
	      certain_fluents:_{ alive:[_{id:hunter}],
				 dir:[_{d:north,h:_{id:hunter}}],
				 fat_gold:[],
				 fat_hunter:_{ c:_{x:1,y:2},
					       h:_{id:hunter}
					     },
				 game_state:running,
				 has_arrow:[ _{ a:_{id:arrow10},
						h:_{id:hunter}
					      }
					   ],
				 has_gold:[],
				 score:0,
				 visited:[ _{ from:_{x:1,y:1},
					      to:_{x:1,y:2}
					    }
					 ]
			       },
	      step:0,
	      uncertain_eternals:_{ eat_pit:[ _{ c:_{x:1,y:1},
						 p:_{id:false}
					       },
					      _{ c:_{x:2,y:1},
						 p:_{id:false}
					       },
					      _{ c:_{x:1,y:2},
						 p:_{id:false}
					       }
					    ],
				    eat_wumpus:[ _{ c:_{x:1,y:1},
						    w:_{id:false}
						  },
						 _{ c:_{x:2,y:1},
						    w:_{id:false}
						  },
						 _{ c:_{x:1,y:2},
						    w:_{id:false}
						  }
					       ]
				  },
	      uncertain_fluents:_{fatal:[]}
	    },
   percepts:[]
 }
La valeur de AdjSansWumpus est : [_21324{x:1,y:3},_21342{x:2,y:2},_7784{x:1,y:1}]
Cases Auth est : [_21342{x:2,y:2},_21324{x:1,y:3}]
La valeur de X est : 1
La valeur de Y est : 3
completed(17, 0.072134348, 2893, 200, ok).
/*Sat Mar  9 15:27:37 2024*/ request(18, 1709994457.819, [peer(ip(127,0,0,1)),method(put),request_uri('/action'),path('/action'),http_version(1-1),host(localhost),port(8081),connection('keep-alive'),content_length(2270),sec_ch_ua('"Chromium";v="122", "Not(A:Brand";v="24", "Brave";v="122"'),sec_ch_ua_platform('"Linux"'),sec_ch_ua_mobile('?0'),user_agent('Mozilla/5.0 (X11; Linux x86_64) AppleWebKit/537.36 (KHTML, like Gecko) Chrome/122.0.0.0 Safari/537.36'),content_type('application/json'),sec_gpc('1'),origin('http://localhost:9000'),sec_fetch_site('same-site'),sec_fetch_mode(cors),sec_fetch_dest(empty),referer('http://localhost:9000/')]).
_{ beliefs:_{ certain_eternals:_{ cells:[ _{x:0,y:0},
					  _{x:1,y:0},
					  _{x:2,y:0},
					  _{x:3,y:0},
					  _{x:4,y:0},
					  _{x:5,y:0},
					  _{x:0,y:1},
					  _{x:1,y:1},
					  _{x:2,y:1},
					  _{x:3,y:1},
					  _{x:4,y:1},
					  _{x:5,y:1},
					  _{x:0,y:2},
					  _{x:1,y:2},
					  _{x:2,y:2},
					  _{x:3,y:2},
					  _{x:4,y:2},
					  _{x:5,y:2},
					  _{x:0,y:3},
					  _{x:1,y:3},
					  _{x:2,y:3},
					  _{x:3,y:3},
					  _{x:4,y:3},
					  _{x:5,y:3},
					  _{x:0,y:4},
					  _{x:1,y:4},
					  _{x:2,y:4},
					  _{x:3,y:4},
					  _{x:4,y:4},
					  _{x:5,y:4},
					  _{x:0,y:5},
					  _{x:1,y:5},
					  _{x:2,y:5},
					  _{x:3,y:5},
					  _{x:4,y:5},
					  _{x:5,y:5}
					],
				  eat_exit:_{c:_{x:1,y:1},e:_{id:exit}},
				  eat_walls:[ _{ c:_{x:5,y:5},
						 w:_{id:wall200}
					       },
					      _{ c:_{x:4,y:5},
						 w:_{id:wall199}
					       },
					      _{ c:_{x:3,y:5},
						 w:_{id:wall198}
					       },
					      _{ c:_{x:2,y:5},
						 w:_{id:wall197}
					       },
					      _{ c:_{x:1,y:5},
						 w:_{id:wall196}
					       },
					      _{ c:_{x:0,y:5},
						 w:_{id:wall195}
					       },
					      _{ c:_{x:5,y:4},
						 w:_{id:wall194}
					       },
					      _{ c:_{x:0,y:4},
						 w:_{id:wall193}
					       },
					      _{ c:_{x:5,y:3},
						 w:_{id:wall192}
					       },
					      _{ c:_{x:0,y:3},
						 w:_{id:wall191}
					       },
					      _{ c:_{x:5,y:2},
						 w:_{id:wall190}
					       },
					      _{ c:_{x:0,y:2},
						 w:_{id:wall189}
					       },
					      _{ c:_{x:5,y:1},
						 w:_{id:wall188}
					       },
					      _{ c:_{x:0,y:1},
						 w:_{id:wall187}
					       },
					      _{ c:_{x:5,y:0},
						 w:_{id:wall186}
					       },
					      _{ c:_{x:4,y:0},
						 w:_{id:wall185}
					       },
					      _{ c:_{x:3,y:0},
						 w:_{id:wall184}
					       },
					      _{ c:_{x:2,y:0},
						 w:_{id:wall183}
					       },
					      _{ c:_{x:1,y:0},
						 w:_{id:wall182}
					       },
					      _{ c:_{x:0,y:0},
						 w:_{id:wall181}
					       }
					    ]
				},
	      certain_fluents:_{ alive:[_{id:hunter}],
				 dir:[_{d:north,h:_{id:hunter}}],
				 fat_gold:[],
				 fat_hunter:_{ c:_{x:1,y:3},
					       h:_{id:hunter}
					     },
				 game_state:running,
				 has_arrow:[ _{ a:_{id:arrow10},
						h:_{id:hunter}
					      }
					   ],
				 has_gold:[],
				 score:0,
				 visited:[ _{ from:_{x:1,y:2},
					      to:_{x:1,y:3}
					    },
					   _{ from:_{x:1,y:1},
					      to:_{x:1,y:2}
					    }
					 ]
			       },
	      step:0,
	      uncertain_eternals:_{ eat_pit:[ _{ c:_{x:1,y:1},
						 p:_{id:false}
					       },
					      _{ c:_{x:2,y:1},
						 p:_{id:false}
					       },
					      _{ c:_{x:1,y:2},
						 p:_{id:false}
					       },
					      _{ c:_{x:2,y:2},
						 p:_{id:false}
					       },
					      _{ c:_{x:1,y:3},
						 p:_{id:false}
					       }
					    ],
				    eat_wumpus:[ _{ c:_{x:1,y:1},
						    w:_{id:false}
						  },
						 _{ c:_{x:2,y:1},
						    w:_{id:false}
						  },
						 _{ c:_{x:1,y:2},
						    w:_{id:false}
						  },
						 _{ c:_{x:2,y:2},
						    w:_{id:false}
						  },
						 _{ c:_{x:1,y:3},
						    w:_{id:false}
						  }
					       ]
				  },
	      uncertain_fluents:_{fatal:[]}
	    },
   percepts:[breeze]
 }
La valeur de AdjSansWumpus est : [_2416{x:1,y:2}]
Cases Auth est : [_2216{x:1,y:2}]
La valeur de X est : 1
La valeur de Y est : 4
completed(18, 0.074245737, 3076, 200, ok).
/*Sat Mar  9 15:27:40 2024*/ request(19, 1709994460.585, [peer(ip(127,0,0,1)),method(put),request_uri('/action'),path('/action'),http_version(1-1),host(localhost),port(8081),connection('keep-alive'),content_length(2415),sec_ch_ua('"Chromium";v="122", "Not(A:Brand";v="24", "Brave";v="122"'),sec_ch_ua_platform('"Linux"'),sec_ch_ua_mobile('?0'),user_agent('Mozilla/5.0 (X11; Linux x86_64) AppleWebKit/537.36 (KHTML, like Gecko) Chrome/122.0.0.0 Safari/537.36'),content_type('application/json'),sec_gpc('1'),origin('http://localhost:9000'),sec_fetch_site('same-site'),sec_fetch_mode(cors),sec_fetch_dest(empty),referer('http://localhost:9000/')]).
_{ beliefs:_{ certain_eternals:_{ cells:[ _{x:0,y:0},
					  _{x:1,y:0},
					  _{x:2,y:0},
					  _{x:3,y:0},
					  _{x:4,y:0},
					  _{x:5,y:0},
					  _{x:0,y:1},
					  _{x:1,y:1},
					  _{x:2,y:1},
					  _{x:3,y:1},
					  _{x:4,y:1},
					  _{x:5,y:1},
					  _{x:0,y:2},
					  _{x:1,y:2},
					  _{x:2,y:2},
					  _{x:3,y:2},
					  _{x:4,y:2},
					  _{x:5,y:2},
					  _{x:0,y:3},
					  _{x:1,y:3},
					  _{x:2,y:3},
					  _{x:3,y:3},
					  _{x:4,y:3},
					  _{x:5,y:3},
					  _{x:0,y:4},
					  _{x:1,y:4},
					  _{x:2,y:4},
					  _{x:3,y:4},
					  _{x:4,y:4},
					  _{x:5,y:4},
					  _{x:0,y:5},
					  _{x:1,y:5},
					  _{x:2,y:5},
					  _{x:3,y:5},
					  _{x:4,y:5},
					  _{x:5,y:5}
					],
				  eat_exit:_{c:_{x:1,y:1},e:_{id:exit}},
				  eat_walls:[ _{ c:_{x:5,y:5},
						 w:_{id:wall200}
					       },
					      _{ c:_{x:4,y:5},
						 w:_{id:wall199}
					       },
					      _{ c:_{x:3,y:5},
						 w:_{id:wall198}
					       },
					      _{ c:_{x:2,y:5},
						 w:_{id:wall197}
					       },
					      _{ c:_{x:1,y:5},
						 w:_{id:wall196}
					       },
					      _{ c:_{x:0,y:5},
						 w:_{id:wall195}
					       },
					      _{ c:_{x:5,y:4},
						 w:_{id:wall194}
					       },
					      _{ c:_{x:0,y:4},
						 w:_{id:wall193}
					       },
					      _{ c:_{x:5,y:3},
						 w:_{id:wall192}
					       },
					      _{ c:_{x:0,y:3},
						 w:_{id:wall191}
					       },
					      _{ c:_{x:5,y:2},
						 w:_{id:wall190}
					       },
					      _{ c:_{x:0,y:2},
						 w:_{id:wall189}
					       },
					      _{ c:_{x:5,y:1},
						 w:_{id:wall188}
					       },
					      _{ c:_{x:0,y:1},
						 w:_{id:wall187}
					       },
					      _{ c:_{x:5,y:0},
						 w:_{id:wall186}
					       },
					      _{ c:_{x:4,y:0},
						 w:_{id:wall185}
					       },
					      _{ c:_{x:3,y:0},
						 w:_{id:wall184}
					       },
					      _{ c:_{x:2,y:0},
						 w:_{id:wall183}
					       },
					      _{ c:_{x:1,y:0},
						 w:_{id:wall182}
					       },
					      _{ c:_{x:0,y:0},
						 w:_{id:wall181}
					       }
					    ]
				},
	      certain_fluents:_{ alive:[_{id:hunter}],
				 dir:[_{d:west,h:_{id:hunter}}],
				 fat_gold:[],
				 fat_hunter:_{ c:_{x:1,y:3},
					       h:_{id:hunter}
					     },
				 game_state:running,
				 has_arrow:[ _{ a:_{id:arrow10},
						h:_{id:hunter}
					      }
					   ],
				 has_gold:[],
				 score:0,
				 visited:[ _{ from:_{x:1,y:2},
					      to:_{x:1,y:3}
					    },
					   _{ from:_{x:1,y:1},
					      to:_{x:1,y:2}
					    }
					 ]
			       },
	      step:0,
	      uncertain_eternals:_{ eat_pit:[ _{ c:_{x:1,y:4},
						 p:_{id:true}
					       },
					      _{ c:_{x:2,y:3},
						 p:_{id:true}
					       },
					      _{ c:_{x:1,y:1},
						 p:_{id:false}
					       },
					      _{ c:_{x:2,y:1},
						 p:_{id:false}
					       },
					      _{ c:_{x:1,y:2},
						 p:_{id:false}
					       },
					      _{ c:_{x:2,y:2},
						 p:_{id:false}
					       },
					      _{ c:_{x:1,y:3},
						 p:_{id:false}
					       }
					    ],
				    eat_wumpus:[ _{ c:_{x:1,y:1},
						    w:_{id:false}
						  },
						 _{ c:_{x:2,y:1},
						    w:_{id:false}
						  },
						 _{ c:_{x:1,y:2},
						    w:_{id:false}
						  },
						 _{ c:_{x:2,y:2},
						    w:_{id:false}
						  },
						 _{ c:_{x:1,y:3},
						    w:_{id:false}
						  },
						 _{ c:_{x:2,y:3},
						    w:_{id:false}
						  },
						 _{ c:_{x:1,y:4},
						    w:_{id:false}
						  }
					       ]
				  },
	      uncertain_fluents:_{fatal:[]}
	    },
   percepts:[breeze]
 }
La valeur de AdjSansWumpus est : [_2510{x:1,y:2}]
Cases Auth est : [_2234{x:1,y:2}]
La valeur de X est : 0
La valeur de Y est : 3
completed(19, 0.071822375, 3077, 200, ok).
/*Sat Mar  9 15:27:43 2024*/ request(20, 1709994463.391, [peer(ip(127,0,0,1)),method(options),request_uri('/action'),path('/action'),http_version(1-1),host(localhost),port(8081),connection('keep-alive'),access_control_request_method('PUT'),access_control_request_headers('content-type'),origin('http://localhost:9000'),user_agent('Mozilla/5.0 (X11; Linux x86_64) AppleWebKit/537.36 (KHTML, like Gecko) Chrome/122.0.0.0 Safari/537.36'),sec_fetch_mode(cors),sec_fetch_site('same-site'),sec_fetch_dest(empty),referer('http://localhost:9000/')]).
completed(20, 0.0031619010000000225, 0, 200, ok).
/*Sat Mar  9 15:27:43 2024*/ request(21, 1709994463.398, [peer(ip(127,0,0,1)),method(put),request_uri('/action'),path('/action'),http_version(1-1),host(localhost),port(8081),connection('keep-alive'),content_length(2416),sec_ch_ua('"Chromium";v="122", "Not(A:Brand";v="24", "Brave";v="122"'),sec_ch_ua_platform('"Linux"'),sec_ch_ua_mobile('?0'),user_agent('Mozilla/5.0 (X11; Linux x86_64) AppleWebKit/537.36 (KHTML, like Gecko) Chrome/122.0.0.0 Safari/537.36'),content_type('application/json'),sec_gpc('1'),origin('http://localhost:9000'),sec_fetch_site('same-site'),sec_fetch_mode(cors),sec_fetch_dest(empty),referer('http://localhost:9000/')]).
_{ beliefs:_{ certain_eternals:_{ cells:[ _{x:0,y:0},
					  _{x:1,y:0},
					  _{x:2,y:0},
					  _{x:3,y:0},
					  _{x:4,y:0},
					  _{x:5,y:0},
					  _{x:0,y:1},
					  _{x:1,y:1},
					  _{x:2,y:1},
					  _{x:3,y:1},
					  _{x:4,y:1},
					  _{x:5,y:1},
					  _{x:0,y:2},
					  _{x:1,y:2},
					  _{x:2,y:2},
					  _{x:3,y:2},
					  _{x:4,y:2},
					  _{x:5,y:2},
					  _{x:0,y:3},
					  _{x:1,y:3},
					  _{x:2,y:3},
					  _{x:3,y:3},
					  _{x:4,y:3},
					  _{x:5,y:3},
					  _{x:0,y:4},
					  _{x:1,y:4},
					  _{x:2,y:4},
					  _{x:3,y:4},
					  _{x:4,y:4},
					  _{x:5,y:4},
					  _{x:0,y:5},
					  _{x:1,y:5},
					  _{x:2,y:5},
					  _{x:3,y:5},
					  _{x:4,y:5},
					  _{x:5,y:5}
					],
				  eat_exit:_{c:_{x:1,y:1},e:_{id:exit}},
				  eat_walls:[ _{ c:_{x:5,y:5},
						 w:_{id:wall200}
					       },
					      _{ c:_{x:4,y:5},
						 w:_{id:wall199}
					       },
					      _{ c:_{x:3,y:5},
						 w:_{id:wall198}
					       },
					      _{ c:_{x:2,y:5},
						 w:_{id:wall197}
					       },
					      _{ c:_{x:1,y:5},
						 w:_{id:wall196}
					       },
					      _{ c:_{x:0,y:5},
						 w:_{id:wall195}
					       },
					      _{ c:_{x:5,y:4},
						 w:_{id:wall194}
					       },
					      _{ c:_{x:0,y:4},
						 w:_{id:wall193}
					       },
					      _{ c:_{x:5,y:3},
						 w:_{id:wall192}
					       },
					      _{ c:_{x:0,y:3},
						 w:_{id:wall191}
					       },
					      _{ c:_{x:5,y:2},
						 w:_{id:wall190}
					       },
					      _{ c:_{x:0,y:2},
						 w:_{id:wall189}
					       },
					      _{ c:_{x:5,y:1},
						 w:_{id:wall188}
					       },
					      _{ c:_{x:0,y:1},
						 w:_{id:wall187}
					       },
					      _{ c:_{x:5,y:0},
						 w:_{id:wall186}
					       },
					      _{ c:_{x:4,y:0},
						 w:_{id:wall185}
					       },
					      _{ c:_{x:3,y:0},
						 w:_{id:wall184}
					       },
					      _{ c:_{x:2,y:0},
						 w:_{id:wall183}
					       },
					      _{ c:_{x:1,y:0},
						 w:_{id:wall182}
					       },
					      _{ c:_{x:0,y:0},
						 w:_{id:wall181}
					       }
					    ]
				},
	      certain_fluents:_{ alive:[_{id:hunter}],
				 dir:[_{d:south,h:_{id:hunter}}],
				 fat_gold:[],
				 fat_hunter:_{ c:_{x:1,y:3},
					       h:_{id:hunter}
					     },
				 game_state:running,
				 has_arrow:[ _{ a:_{id:arrow10},
						h:_{id:hunter}
					      }
					   ],
				 has_gold:[],
				 score:0,
				 visited:[ _{ from:_{x:1,y:2},
					      to:_{x:1,y:3}
					    },
					   _{ from:_{x:1,y:1},
					      to:_{x:1,y:2}
					    }
					 ]
			       },
	      step:0,
	      uncertain_eternals:_{ eat_pit:[ _{ c:_{x:1,y:4},
						 p:_{id:true}
					       },
					      _{ c:_{x:2,y:3},
						 p:_{id:true}
					       },
					      _{ c:_{x:1,y:1},
						 p:_{id:false}
					       },
					      _{ c:_{x:2,y:1},
						 p:_{id:false}
					       },
					      _{ c:_{x:1,y:2},
						 p:_{id:false}
					       },
					      _{ c:_{x:2,y:2},
						 p:_{id:false}
					       },
					      _{ c:_{x:1,y:3},
						 p:_{id:false}
					       }
					    ],
				    eat_wumpus:[ _{ c:_{x:1,y:1},
						    w:_{id:false}
						  },
						 _{ c:_{x:2,y:1},
						    w:_{id:false}
						  },
						 _{ c:_{x:1,y:2},
						    w:_{id:false}
						  },
						 _{ c:_{x:2,y:2},
						    w:_{id:false}
						  },
						 _{ c:_{x:1,y:3},
						    w:_{id:false}
						  },
						 _{ c:_{x:2,y:3},
						    w:_{id:false}
						  },
						 _{ c:_{x:1,y:4},
						    w:_{id:false}
						  }
					       ]
				  },
	      uncertain_fluents:_{fatal:[]}
	    },
   percepts:[breeze]
 }
La valeur de AdjSansWumpus est : [_2500{x:1,y:2}]
Cases Auth est : [_2224{x:1,y:2}]
La valeur de X est : 1
La valeur de Y est : 2
completed(21, 0.07005368699999998, 3131, 200, ok).
/*Sat Mar  9 15:27:44 2024*/ request(22, 1709994464.794, [peer(ip(127,0,0,1)),method(put),request_uri('/action'),path('/action'),http_version(1-1),host(localhost),port(8081),connection('keep-alive'),content_length(2450),sec_ch_ua('"Chromium";v="122", "Not(A:Brand";v="24", "Brave";v="122"'),sec_ch_ua_platform('"Linux"'),sec_ch_ua_mobile('?0'),user_agent('Mozilla/5.0 (X11; Linux x86_64) AppleWebKit/537.36 (KHTML, like Gecko) Chrome/122.0.0.0 Safari/537.36'),content_type('application/json'),sec_gpc('1'),origin('http://localhost:9000'),sec_fetch_site('same-site'),sec_fetch_mode(cors),sec_fetch_dest(empty),referer('http://localhost:9000/')]).
_{ beliefs:_{ certain_eternals:_{ cells:[ _{x:0,y:0},
					  _{x:1,y:0},
					  _{x:2,y:0},
					  _{x:3,y:0},
					  _{x:4,y:0},
					  _{x:5,y:0},
					  _{x:0,y:1},
					  _{x:1,y:1},
					  _{x:2,y:1},
					  _{x:3,y:1},
					  _{x:4,y:1},
					  _{x:5,y:1},
					  _{x:0,y:2},
					  _{x:1,y:2},
					  _{x:2,y:2},
					  _{x:3,y:2},
					  _{x:4,y:2},
					  _{x:5,y:2},
					  _{x:0,y:3},
					  _{x:1,y:3},
					  _{x:2,y:3},
					  _{x:3,y:3},
					  _{x:4,y:3},
					  _{x:5,y:3},
					  _{x:0,y:4},
					  _{x:1,y:4},
					  _{x:2,y:4},
					  _{x:3,y:4},
					  _{x:4,y:4},
					  _{x:5,y:4},
					  _{x:0,y:5},
					  _{x:1,y:5},
					  _{x:2,y:5},
					  _{x:3,y:5},
					  _{x:4,y:5},
					  _{x:5,y:5}
					],
				  eat_exit:_{c:_{x:1,y:1},e:_{id:exit}},
				  eat_walls:[ _{ c:_{x:5,y:5},
						 w:_{id:wall200}
					       },
					      _{ c:_{x:4,y:5},
						 w:_{id:wall199}
					       },
					      _{ c:_{x:3,y:5},
						 w:_{id:wall198}
					       },
					      _{ c:_{x:2,y:5},
						 w:_{id:wall197}
					       },
					      _{ c:_{x:1,y:5},
						 w:_{id:wall196}
					       },
					      _{ c:_{x:0,y:5},
						 w:_{id:wall195}
					       },
					      _{ c:_{x:5,y:4},
						 w:_{id:wall194}
					       },
					      _{ c:_{x:0,y:4},
						 w:_{id:wall193}
					       },
					      _{ c:_{x:5,y:3},
						 w:_{id:wall192}
					       },
					      _{ c:_{x:0,y:3},
						 w:_{id:wall191}
					       },
					      _{ c:_{x:5,y:2},
						 w:_{id:wall190}
					       },
					      _{ c:_{x:0,y:2},
						 w:_{id:wall189}
					       },
					      _{ c:_{x:5,y:1},
						 w:_{id:wall188}
					       },
					      _{ c:_{x:0,y:1},
						 w:_{id:wall187}
					       },
					      _{ c:_{x:5,y:0},
						 w:_{id:wall186}
					       },
					      _{ c:_{x:4,y:0},
						 w:_{id:wall185}
					       },
					      _{ c:_{x:3,y:0},
						 w:_{id:wall184}
					       },
					      _{ c:_{x:2,y:0},
						 w:_{id:wall183}
					       },
					      _{ c:_{x:1,y:0},
						 w:_{id:wall182}
					       },
					      _{ c:_{x:0,y:0},
						 w:_{id:wall181}
					       }
					    ]
				},
	      certain_fluents:_{ alive:[_{id:hunter}],
				 dir:[_{d:south,h:_{id:hunter}}],
				 fat_gold:[],
				 fat_hunter:_{ c:_{x:1,y:2},
					       h:_{id:hunter}
					     },
				 game_state:running,
				 has_arrow:[ _{ a:_{id:arrow10},
						h:_{id:hunter}
					      }
					   ],
				 has_gold:[],
				 score:0,
				 visited:[ _{ from:_{x:1,y:3},
					      to:_{x:1,y:2}
					    },
					   _{ from:_{x:1,y:2},
					      to:_{x:1,y:3}
					    },
					   _{ from:_{x:1,y:1},
					      to:_{x:1,y:2}
					    }
					 ]
			       },
	      step:0,
	      uncertain_eternals:_{ eat_pit:[ _{ c:_{x:1,y:4},
						 p:_{id:true}
					       },
					      _{ c:_{x:2,y:3},
						 p:_{id:true}
					       },
					      _{ c:_{x:1,y:1},
						 p:_{id:false}
					       },
					      _{ c:_{x:2,y:1},
						 p:_{id:false}
					       },
					      _{ c:_{x:1,y:2},
						 p:_{id:false}
					       },
					      _{ c:_{x:2,y:2},
						 p:_{id:false}
					       },
					      _{ c:_{x:1,y:3},
						 p:_{id:false}
					       }
					    ],
				    eat_wumpus:[ _{ c:_{x:1,y:1},
						    w:_{id:false}
						  },
						 _{ c:_{x:2,y:1},
						    w:_{id:false}
						  },
						 _{ c:_{x:1,y:2},
						    w:_{id:false}
						  },
						 _{ c:_{x:2,y:2},
						    w:_{id:false}
						  },
						 _{ c:_{x:1,y:3},
						    w:_{id:false}
						  },
						 _{ c:_{x:2,y:3},
						    w:_{id:false}
						  },
						 _{ c:_{x:1,y:4},
						    w:_{id:false}
						  }
					       ]
				  },
	      uncertain_fluents:_{fatal:[]}
	    },
   percepts:[]
 }
La valeur de AdjSansWumpus est : [_2610{x:1,y:3},_2572{x:2,y:2},_2458{x:1,y:1}]
Cases Auth est : [_2572{x:2,y:2}]
La valeur de X est : 1
La valeur de Y est : 1
completed(22, 0.06175134500000001, 3118, 200, ok).
/*Sat Mar  9 15:27:46 2024*/ request(23, 1709994466.591, [peer(ip(127,0,0,1)),method(put),request_uri('/action'),path('/action'),http_version(1-1),host(localhost),port(8081),connection('keep-alive'),content_length(2449),sec_ch_ua('"Chromium";v="122", "Not(A:Brand";v="24", "Brave";v="122"'),sec_ch_ua_platform('"Linux"'),sec_ch_ua_mobile('?0'),user_agent('Mozilla/5.0 (X11; Linux x86_64) AppleWebKit/537.36 (KHTML, like Gecko) Chrome/122.0.0.0 Safari/537.36'),content_type('application/json'),sec_gpc('1'),origin('http://localhost:9000'),sec_fetch_site('same-site'),sec_fetch_mode(cors),sec_fetch_dest(empty),referer('http://localhost:9000/')]).
_{ beliefs:_{ certain_eternals:_{ cells:[ _{x:0,y:0},
					  _{x:1,y:0},
					  _{x:2,y:0},
					  _{x:3,y:0},
					  _{x:4,y:0},
					  _{x:5,y:0},
					  _{x:0,y:1},
					  _{x:1,y:1},
					  _{x:2,y:1},
					  _{x:3,y:1},
					  _{x:4,y:1},
					  _{x:5,y:1},
					  _{x:0,y:2},
					  _{x:1,y:2},
					  _{x:2,y:2},
					  _{x:3,y:2},
					  _{x:4,y:2},
					  _{x:5,y:2},
					  _{x:0,y:3},
					  _{x:1,y:3},
					  _{x:2,y:3},
					  _{x:3,y:3},
					  _{x:4,y:3},
					  _{x:5,y:3},
					  _{x:0,y:4},
					  _{x:1,y:4},
					  _{x:2,y:4},
					  _{x:3,y:4},
					  _{x:4,y:4},
					  _{x:5,y:4},
					  _{x:0,y:5},
					  _{x:1,y:5},
					  _{x:2,y:5},
					  _{x:3,y:5},
					  _{x:4,y:5},
					  _{x:5,y:5}
					],
				  eat_exit:_{c:_{x:1,y:1},e:_{id:exit}},
				  eat_walls:[ _{ c:_{x:5,y:5},
						 w:_{id:wall200}
					       },
					      _{ c:_{x:4,y:5},
						 w:_{id:wall199}
					       },
					      _{ c:_{x:3,y:5},
						 w:_{id:wall198}
					       },
					      _{ c:_{x:2,y:5},
						 w:_{id:wall197}
					       },
					      _{ c:_{x:1,y:5},
						 w:_{id:wall196}
					       },
					      _{ c:_{x:0,y:5},
						 w:_{id:wall195}
					       },
					      _{ c:_{x:5,y:4},
						 w:_{id:wall194}
					       },
					      _{ c:_{x:0,y:4},
						 w:_{id:wall193}
					       },
					      _{ c:_{x:5,y:3},
						 w:_{id:wall192}
					       },
					      _{ c:_{x:0,y:3},
						 w:_{id:wall191}
					       },
					      _{ c:_{x:5,y:2},
						 w:_{id:wall190}
					       },
					      _{ c:_{x:0,y:2},
						 w:_{id:wall189}
					       },
					      _{ c:_{x:5,y:1},
						 w:_{id:wall188}
					       },
					      _{ c:_{x:0,y:1},
						 w:_{id:wall187}
					       },
					      _{ c:_{x:5,y:0},
						 w:_{id:wall186}
					       },
					      _{ c:_{x:4,y:0},
						 w:_{id:wall185}
					       },
					      _{ c:_{x:3,y:0},
						 w:_{id:wall184}
					       },
					      _{ c:_{x:2,y:0},
						 w:_{id:wall183}
					       },
					      _{ c:_{x:1,y:0},
						 w:_{id:wall182}
					       },
					      _{ c:_{x:0,y:0},
						 w:_{id:wall181}
					       }
					    ]
				},
	      certain_fluents:_{ alive:[_{id:hunter}],
				 dir:[_{d:east,h:_{id:hunter}}],
				 fat_gold:[],
				 fat_hunter:_{ c:_{x:1,y:2},
					       h:_{id:hunter}
					     },
				 game_state:running,
				 has_arrow:[ _{ a:_{id:arrow10},
						h:_{id:hunter}
					      }
					   ],
				 has_gold:[],
				 score:0,
				 visited:[ _{ from:_{x:1,y:3},
					      to:_{x:1,y:2}
					    },
					   _{ from:_{x:1,y:2},
					      to:_{x:1,y:3}
					    },
					   _{ from:_{x:1,y:1},
					      to:_{x:1,y:2}
					    }
					 ]
			       },
	      step:0,
	      uncertain_eternals:_{ eat_pit:[ _{ c:_{x:1,y:4},
						 p:_{id:true}
					       },
					      _{ c:_{x:2,y:3},
						 p:_{id:true}
					       },
					      _{ c:_{x:1,y:1},
						 p:_{id:false}
					       },
					      _{ c:_{x:2,y:1},
						 p:_{id:false}
					       },
					      _{ c:_{x:1,y:2},
						 p:_{id:false}
					       },
					      _{ c:_{x:2,y:2},
						 p:_{id:false}
					       },
					      _{ c:_{x:1,y:3},
						 p:_{id:false}
					       }
					    ],
				    eat_wumpus:[ _{ c:_{x:1,y:1},
						    w:_{id:false}
						  },
						 _{ c:_{x:2,y:1},
						    w:_{id:false}
						  },
						 _{ c:_{x:1,y:2},
						    w:_{id:false}
						  },
						 _{ c:_{x:2,y:2},
						    w:_{id:false}
						  },
						 _{ c:_{x:1,y:3},
						    w:_{id:false}
						  },
						 _{ c:_{x:2,y:3},
						    w:_{id:false}
						  },
						 _{ c:_{x:1,y:4},
						    w:_{id:false}
						  }
					       ]
				  },
	      uncertain_fluents:_{fatal:[]}
	    },
   percepts:[]
 }
La valeur de AdjSansWumpus est : [_2610{x:1,y:3},_2572{x:2,y:2},_2458{x:1,y:1}]
Cases Auth est : [_2572{x:2,y:2}]
La valeur de X est : 2
La valeur de Y est : 2
completed(23, 0.07789796100000002, 3172, 200, ok).
/*Sat Mar  9 15:27:48 2024*/ request(24, 1709994468.008, [peer(ip(127,0,0,1)),method(put),request_uri('/action'),path('/action'),http_version(1-1),host(localhost),port(8081),connection('keep-alive'),content_length(2499),sec_ch_ua('"Chromium";v="122", "Not(A:Brand";v="24", "Brave";v="122"'),sec_ch_ua_platform('"Linux"'),sec_ch_ua_mobile('?0'),user_agent('Mozilla/5.0 (X11; Linux x86_64) AppleWebKit/537.36 (KHTML, like Gecko) Chrome/122.0.0.0 Safari/537.36'),content_type('application/json'),sec_gpc('1'),origin('http://localhost:9000'),sec_fetch_site('same-site'),sec_fetch_mode(cors),sec_fetch_dest(empty),referer('http://localhost:9000/')]).
_{ beliefs:_{ certain_eternals:_{ cells:[ _{x:0,y:0},
					  _{x:1,y:0},
					  _{x:2,y:0},
					  _{x:3,y:0},
					  _{x:4,y:0},
					  _{x:5,y:0},
					  _{x:0,y:1},
					  _{x:1,y:1},
					  _{x:2,y:1},
					  _{x:3,y:1},
					  _{x:4,y:1},
					  _{x:5,y:1},
					  _{x:0,y:2},
					  _{x:1,y:2},
					  _{x:2,y:2},
					  _{x:3,y:2},
					  _{x:4,y:2},
					  _{x:5,y:2},
					  _{x:0,y:3},
					  _{x:1,y:3},
					  _{x:2,y:3},
					  _{x:3,y:3},
					  _{x:4,y:3},
					  _{x:5,y:3},
					  _{x:0,y:4},
					  _{x:1,y:4},
					  _{x:2,y:4},
					  _{x:3,y:4},
					  _{x:4,y:4},
					  _{x:5,y:4},
					  _{x:0,y:5},
					  _{x:1,y:5},
					  _{x:2,y:5},
					  _{x:3,y:5},
					  _{x:4,y:5},
					  _{x:5,y:5}
					],
				  eat_exit:_{c:_{x:1,y:1},e:_{id:exit}},
				  eat_walls:[ _{ c:_{x:5,y:5},
						 w:_{id:wall200}
					       },
					      _{ c:_{x:4,y:5},
						 w:_{id:wall199}
					       },
					      _{ c:_{x:3,y:5},
						 w:_{id:wall198}
					       },
					      _{ c:_{x:2,y:5},
						 w:_{id:wall197}
					       },
					      _{ c:_{x:1,y:5},
						 w:_{id:wall196}
					       },
					      _{ c:_{x:0,y:5},
						 w:_{id:wall195}
					       },
					      _{ c:_{x:5,y:4},
						 w:_{id:wall194}
					       },
					      _{ c:_{x:0,y:4},
						 w:_{id:wall193}
					       },
					      _{ c:_{x:5,y:3},
						 w:_{id:wall192}
					       },
					      _{ c:_{x:0,y:3},
						 w:_{id:wall191}
					       },
					      _{ c:_{x:5,y:2},
						 w:_{id:wall190}
					       },
					      _{ c:_{x:0,y:2},
						 w:_{id:wall189}
					       },
					      _{ c:_{x:5,y:1},
						 w:_{id:wall188}
					       },
					      _{ c:_{x:0,y:1},
						 w:_{id:wall187}
					       },
					      _{ c:_{x:5,y:0},
						 w:_{id:wall186}
					       },
					      _{ c:_{x:4,y:0},
						 w:_{id:wall185}
					       },
					      _{ c:_{x:3,y:0},
						 w:_{id:wall184}
					       },
					      _{ c:_{x:2,y:0},
						 w:_{id:wall183}
					       },
					      _{ c:_{x:1,y:0},
						 w:_{id:wall182}
					       },
					      _{ c:_{x:0,y:0},
						 w:_{id:wall181}
					       }
					    ]
				},
	      certain_fluents:_{ alive:[_{id:hunter}],
				 dir:[_{d:east,h:_{id:hunter}}],
				 fat_gold:[],
				 fat_hunter:_{ c:_{x:2,y:2},
					       h:_{id:hunter}
					     },
				 game_state:running,
				 has_arrow:[ _{ a:_{id:arrow10},
						h:_{id:hunter}
					      }
					   ],
				 has_gold:[],
				 score:0,
				 visited:[ _{ from:_{x:1,y:2},
					      to:_{x:2,y:2}
					    },
					   _{ from:_{x:1,y:3},
					      to:_{x:1,y:2}
					    },
					   _{ from:_{x:1,y:2},
					      to:_{x:1,y:3}
					    },
					   _{ from:_{x:1,y:1},
					      to:_{x:1,y:2}
					    }
					 ]
			       },
	      step:0,
	      uncertain_eternals:_{ eat_pit:[ _{ c:_{x:1,y:4},
						 p:_{id:true}
					       },
					      _{ c:_{x:2,y:3},
						 p:_{id:true}
					       },
					      _{ c:_{x:1,y:1},
						 p:_{id:false}
					       },
					      _{ c:_{x:2,y:1},
						 p:_{id:false}
					       },
					      _{ c:_{x:1,y:2},
						 p:_{id:false}
					       },
					      _{ c:_{x:2,y:2},
						 p:_{id:false}
					       },
					      _{ c:_{x:1,y:3},
						 p:_{id:false}
					       }
					    ],
				    eat_wumpus:[ _{ c:_{x:1,y:1},
						    w:_{id:false}
						  },
						 _{ c:_{x:2,y:1},
						    w:_{id:false}
						  },
						 _{ c:_{x:1,y:2},
						    w:_{id:false}
						  },
						 _{ c:_{x:2,y:2},
						    w:_{id:false}
						  },
						 _{ c:_{x:1,y:3},
						    w:_{id:false}
						  },
						 _{ c:_{x:2,y:3},
						    w:_{id:false}
						  },
						 _{ c:_{x:1,y:4},
						    w:_{id:false}
						  }
					       ]
				  },
	      uncertain_fluents:_{fatal:[]}
	    },
   percepts:[breeze]
 }
La valeur de AdjSansWumpus est : [_2584{x:1,y:2},_2546{x:2,y:1}]
Cases Auth est : [_2546{x:2,y:1}]
La valeur de X est : 3
La valeur de Y est : 2
completed(24, 0.076606224, 3268, 200, ok).
/*Sat Mar  9 15:27:50 2024*/ request(25, 1709994470.127, [peer(ip(127,0,0,1)),method(options),request_uri('/action'),path('/action'),http_version(1-1),host(localhost),port(8081),connection('keep-alive'),access_control_request_method('PUT'),access_control_request_headers('content-type'),origin('http://localhost:9000'),user_agent('Mozilla/5.0 (X11; Linux x86_64) AppleWebKit/537.36 (KHTML, like Gecko) Chrome/122.0.0.0 Safari/537.36'),sec_fetch_mode(cors),sec_fetch_site('same-site'),sec_fetch_dest(empty),referer('http://localhost:9000/')]).
completed(25, 0.0020670389999999927, 0, 200, ok).
/*Sat Mar  9 15:27:50 2024*/ request(26, 1709994470.131, [peer(ip(127,0,0,1)),method(put),request_uri('/action'),path('/action'),http_version(1-1),host(localhost),port(8081),connection('keep-alive'),content_length(2573),sec_ch_ua('"Chromium";v="122", "Not(A:Brand";v="24", "Brave";v="122"'),sec_ch_ua_platform('"Linux"'),sec_ch_ua_mobile('?0'),user_agent('Mozilla/5.0 (X11; Linux x86_64) AppleWebKit/537.36 (KHTML, like Gecko) Chrome/122.0.0.0 Safari/537.36'),content_type('application/json'),sec_gpc('1'),origin('http://localhost:9000'),sec_fetch_site('same-site'),sec_fetch_mode(cors),sec_fetch_dest(empty),referer('http://localhost:9000/')]).
_{ beliefs:_{ certain_eternals:_{ cells:[ _{x:0,y:0},
					  _{x:1,y:0},
					  _{x:2,y:0},
					  _{x:3,y:0},
					  _{x:4,y:0},
					  _{x:5,y:0},
					  _{x:0,y:1},
					  _{x:1,y:1},
					  _{x:2,y:1},
					  _{x:3,y:1},
					  _{x:4,y:1},
					  _{x:5,y:1},
					  _{x:0,y:2},
					  _{x:1,y:2},
					  _{x:2,y:2},
					  _{x:3,y:2},
					  _{x:4,y:2},
					  _{x:5,y:2},
					  _{x:0,y:3},
					  _{x:1,y:3},
					  _{x:2,y:3},
					  _{x:3,y:3},
					  _{x:4,y:3},
					  _{x:5,y:3},
					  _{x:0,y:4},
					  _{x:1,y:4},
					  _{x:2,y:4},
					  _{x:3,y:4},
					  _{x:4,y:4},
					  _{x:5,y:4},
					  _{x:0,y:5},
					  _{x:1,y:5},
					  _{x:2,y:5},
					  _{x:3,y:5},
					  _{x:4,y:5},
					  _{x:5,y:5}
					],
				  eat_exit:_{c:_{x:1,y:1},e:_{id:exit}},
				  eat_walls:[ _{ c:_{x:5,y:5},
						 w:_{id:wall200}
					       },
					      _{ c:_{x:4,y:5},
						 w:_{id:wall199}
					       },
					      _{ c:_{x:3,y:5},
						 w:_{id:wall198}
					       },
					      _{ c:_{x:2,y:5},
						 w:_{id:wall197}
					       },
					      _{ c:_{x:1,y:5},
						 w:_{id:wall196}
					       },
					      _{ c:_{x:0,y:5},
						 w:_{id:wall195}
					       },
					      _{ c:_{x:5,y:4},
						 w:_{id:wall194}
					       },
					      _{ c:_{x:0,y:4},
						 w:_{id:wall193}
					       },
					      _{ c:_{x:5,y:3},
						 w:_{id:wall192}
					       },
					      _{ c:_{x:0,y:3},
						 w:_{id:wall191}
					       },
					      _{ c:_{x:5,y:2},
						 w:_{id:wall190}
					       },
					      _{ c:_{x:0,y:2},
						 w:_{id:wall189}
					       },
					      _{ c:_{x:5,y:1},
						 w:_{id:wall188}
					       },
					      _{ c:_{x:0,y:1},
						 w:_{id:wall187}
					       },
					      _{ c:_{x:5,y:0},
						 w:_{id:wall186}
					       },
					      _{ c:_{x:4,y:0},
						 w:_{id:wall185}
					       },
					      _{ c:_{x:3,y:0},
						 w:_{id:wall184}
					       },
					      _{ c:_{x:2,y:0},
						 w:_{id:wall183}
					       },
					      _{ c:_{x:1,y:0},
						 w:_{id:wall182}
					       },
					      _{ c:_{x:0,y:0},
						 w:_{id:wall181}
					       }
					    ]
				},
	      certain_fluents:_{ alive:[_{id:hunter}],
				 dir:[_{d:north,h:_{id:hunter}}],
				 fat_gold:[],
				 fat_hunter:_{ c:_{x:2,y:2},
					       h:_{id:hunter}
					     },
				 game_state:running,
				 has_arrow:[ _{ a:_{id:arrow10},
						h:_{id:hunter}
					      }
					   ],
				 has_gold:[],
				 score:0,
				 visited:[ _{ from:_{x:1,y:2},
					      to:_{x:2,y:2}
					    },
					   _{ from:_{x:1,y:3},
					      to:_{x:1,y:2}
					    },
					   _{ from:_{x:1,y:2},
					      to:_{x:1,y:3}
					    },
					   _{ from:_{x:1,y:1},
					      to:_{x:1,y:2}
					    }
					 ]
			       },
	      step:0,
	      uncertain_eternals:_{ eat_pit:[ _{ c:_{x:1,y:4},
						 p:_{id:true}
					       },
					      _{ c:_{x:2,y:3},
						 p:_{id:true}
					       },
					      _{ c:_{x:3,y:2},
						 p:_{id:true}
					       },
					      _{ c:_{x:1,y:1},
						 p:_{id:false}
					       },
					      _{ c:_{x:2,y:1},
						 p:_{id:false}
					       },
					      _{ c:_{x:1,y:2},
						 p:_{id:false}
					       },
					      _{ c:_{x:2,y:2},
						 p:_{id:false}
					       },
					      _{ c:_{x:1,y:3},
						 p:_{id:false}
					       }
					    ],
				    eat_wumpus:[ _{ c:_{x:1,y:1},
						    w:_{id:false}
						  },
						 _{ c:_{x:2,y:1},
						    w:_{id:false}
						  },
						 _{ c:_{x:1,y:2},
						    w:_{id:false}
						  },
						 _{ c:_{x:2,y:2},
						    w:_{id:false}
						  },
						 _{ c:_{x:1,y:3},
						    w:_{id:false}
						  },
						 _{ c:_{x:2,y:3},
						    w:_{id:false}
						  },
						 _{ c:_{x:1,y:4},
						    w:_{id:false}
						  },
						 _{ c:_{x:3,y:2},
						    w:_{id:false}
						  }
					       ]
				  },
	      uncertain_fluents:_{fatal:[]}
	    },
   percepts:[breeze]
 }
La valeur de AdjSansWumpus est : [_2622{x:1,y:2},_2584{x:2,y:1}]
Cases Auth est : [_2584{x:2,y:1}]
La valeur de X est : 2
La valeur de Y est : 3
completed(26, 0.06007099099999999, 3267, 200, ok).
/*Sat Mar  9 15:27:51 2024*/ request(27, 1709994471.786, [peer(ip(127,0,0,1)),method(put),request_uri('/action'),path('/action'),http_version(1-1),host(localhost),port(8081),connection('keep-alive'),content_length(2572),sec_ch_ua('"Chromium";v="122", "Not(A:Brand";v="24", "Brave";v="122"'),sec_ch_ua_platform('"Linux"'),sec_ch_ua_mobile('?0'),user_agent('Mozilla/5.0 (X11; Linux x86_64) AppleWebKit/537.36 (KHTML, like Gecko) Chrome/122.0.0.0 Safari/537.36'),content_type('application/json'),sec_gpc('1'),origin('http://localhost:9000'),sec_fetch_site('same-site'),sec_fetch_mode(cors),sec_fetch_dest(empty),referer('http://localhost:9000/')]).
_{ beliefs:_{ certain_eternals:_{ cells:[ _{x:0,y:0},
					  _{x:1,y:0},
					  _{x:2,y:0},
					  _{x:3,y:0},
					  _{x:4,y:0},
					  _{x:5,y:0},
					  _{x:0,y:1},
					  _{x:1,y:1},
					  _{x:2,y:1},
					  _{x:3,y:1},
					  _{x:4,y:1},
					  _{x:5,y:1},
					  _{x:0,y:2},
					  _{x:1,y:2},
					  _{x:2,y:2},
					  _{x:3,y:2},
					  _{x:4,y:2},
					  _{x:5,y:2},
					  _{x:0,y:3},
					  _{x:1,y:3},
					  _{x:2,y:3},
					  _{x:3,y:3},
					  _{x:4,y:3},
					  _{x:5,y:3},
					  _{x:0,y:4},
					  _{x:1,y:4},
					  _{x:2,y:4},
					  _{x:3,y:4},
					  _{x:4,y:4},
					  _{x:5,y:4},
					  _{x:0,y:5},
					  _{x:1,y:5},
					  _{x:2,y:5},
					  _{x:3,y:5},
					  _{x:4,y:5},
					  _{x:5,y:5}
					],
				  eat_exit:_{c:_{x:1,y:1},e:_{id:exit}},
				  eat_walls:[ _{ c:_{x:5,y:5},
						 w:_{id:wall200}
					       },
					      _{ c:_{x:4,y:5},
						 w:_{id:wall199}
					       },
					      _{ c:_{x:3,y:5},
						 w:_{id:wall198}
					       },
					      _{ c:_{x:2,y:5},
						 w:_{id:wall197}
					       },
					      _{ c:_{x:1,y:5},
						 w:_{id:wall196}
					       },
					      _{ c:_{x:0,y:5},
						 w:_{id:wall195}
					       },
					      _{ c:_{x:5,y:4},
						 w:_{id:wall194}
					       },
					      _{ c:_{x:0,y:4},
						 w:_{id:wall193}
					       },
					      _{ c:_{x:5,y:3},
						 w:_{id:wall192}
					       },
					      _{ c:_{x:0,y:3},
						 w:_{id:wall191}
					       },
					      _{ c:_{x:5,y:2},
						 w:_{id:wall190}
					       },
					      _{ c:_{x:0,y:2},
						 w:_{id:wall189}
					       },
					      _{ c:_{x:5,y:1},
						 w:_{id:wall188}
					       },
					      _{ c:_{x:0,y:1},
						 w:_{id:wall187}
					       },
					      _{ c:_{x:5,y:0},
						 w:_{id:wall186}
					       },
					      _{ c:_{x:4,y:0},
						 w:_{id:wall185}
					       },
					      _{ c:_{x:3,y:0},
						 w:_{id:wall184}
					       },
					      _{ c:_{x:2,y:0},
						 w:_{id:wall183}
					       },
					      _{ c:_{x:1,y:0},
						 w:_{id:wall182}
					       },
					      _{ c:_{x:0,y:0},
						 w:_{id:wall181}
					       }
					    ]
				},
	      certain_fluents:_{ alive:[_{id:hunter}],
				 dir:[_{d:west,h:_{id:hunter}}],
				 fat_gold:[],
				 fat_hunter:_{ c:_{x:2,y:2},
					       h:_{id:hunter}
					     },
				 game_state:running,
				 has_arrow:[ _{ a:_{id:arrow10},
						h:_{id:hunter}
					      }
					   ],
				 has_gold:[],
				 score:0,
				 visited:[ _{ from:_{x:1,y:2},
					      to:_{x:2,y:2}
					    },
					   _{ from:_{x:1,y:3},
					      to:_{x:1,y:2}
					    },
					   _{ from:_{x:1,y:2},
					      to:_{x:1,y:3}
					    },
					   _{ from:_{x:1,y:1},
					      to:_{x:1,y:2}
					    }
					 ]
			       },
	      step:0,
	      uncertain_eternals:_{ eat_pit:[ _{ c:_{x:1,y:4},
						 p:_{id:true}
					       },
					      _{ c:_{x:2,y:3},
						 p:_{id:true}
					       },
					      _{ c:_{x:3,y:2},
						 p:_{id:true}
					       },
					      _{ c:_{x:1,y:1},
						 p:_{id:false}
					       },
					      _{ c:_{x:2,y:1},
						 p:_{id:false}
					       },
					      _{ c:_{x:1,y:2},
						 p:_{id:false}
					       },
					      _{ c:_{x:2,y:2},
						 p:_{id:false}
					       },
					      _{ c:_{x:1,y:3},
						 p:_{id:false}
					       }
					    ],
				    eat_wumpus:[ _{ c:_{x:1,y:1},
						    w:_{id:false}
						  },
						 _{ c:_{x:2,y:1},
						    w:_{id:false}
						  },
						 _{ c:_{x:1,y:2},
						    w:_{id:false}
						  },
						 _{ c:_{x:2,y:2},
						    w:_{id:false}
						  },
						 _{ c:_{x:1,y:3},
						    w:_{id:false}
						  },
						 _{ c:_{x:2,y:3},
						    w:_{id:false}
						  },
						 _{ c:_{x:1,y:4},
						    w:_{id:false}
						  },
						 _{ c:_{x:3,y:2},
						    w:_{id:false}
						  }
					       ]
				  },
	      uncertain_fluents:_{fatal:[]}
	    },
   percepts:[breeze]
 }
La valeur de AdjSansWumpus est : [_2622{x:1,y:2},_2584{x:2,y:1}]
Cases Auth est : [_2584{x:2,y:1}]
La valeur de X est : 1
La valeur de Y est : 2
completed(27, 0.07211899700000002, 3268, 200, ok).
/*Sat Mar  9 15:27:53 2024*/ request(28, 1709994473.314, [peer(ip(127,0,0,1)),method(put),request_uri('/action'),path('/action'),http_version(1-1),host(localhost),port(8081),connection('keep-alive'),content_length(2573),sec_ch_ua('"Chromium";v="122", "Not(A:Brand";v="24", "Brave";v="122"'),sec_ch_ua_platform('"Linux"'),sec_ch_ua_mobile('?0'),user_agent('Mozilla/5.0 (X11; Linux x86_64) AppleWebKit/537.36 (KHTML, like Gecko) Chrome/122.0.0.0 Safari/537.36'),content_type('application/json'),sec_gpc('1'),origin('http://localhost:9000'),sec_fetch_site('same-site'),sec_fetch_mode(cors),sec_fetch_dest(empty),referer('http://localhost:9000/')]).
_{ beliefs:_{ certain_eternals:_{ cells:[ _{x:0,y:0},
					  _{x:1,y:0},
					  _{x:2,y:0},
					  _{x:3,y:0},
					  _{x:4,y:0},
					  _{x:5,y:0},
					  _{x:0,y:1},
					  _{x:1,y:1},
					  _{x:2,y:1},
					  _{x:3,y:1},
					  _{x:4,y:1},
					  _{x:5,y:1},
					  _{x:0,y:2},
					  _{x:1,y:2},
					  _{x:2,y:2},
					  _{x:3,y:2},
					  _{x:4,y:2},
					  _{x:5,y:2},
					  _{x:0,y:3},
					  _{x:1,y:3},
					  _{x:2,y:3},
					  _{x:3,y:3},
					  _{x:4,y:3},
					  _{x:5,y:3},
					  _{x:0,y:4},
					  _{x:1,y:4},
					  _{x:2,y:4},
					  _{x:3,y:4},
					  _{x:4,y:4},
					  _{x:5,y:4},
					  _{x:0,y:5},
					  _{x:1,y:5},
					  _{x:2,y:5},
					  _{x:3,y:5},
					  _{x:4,y:5},
					  _{x:5,y:5}
					],
				  eat_exit:_{c:_{x:1,y:1},e:_{id:exit}},
				  eat_walls:[ _{ c:_{x:5,y:5},
						 w:_{id:wall200}
					       },
					      _{ c:_{x:4,y:5},
						 w:_{id:wall199}
					       },
					      _{ c:_{x:3,y:5},
						 w:_{id:wall198}
					       },
					      _{ c:_{x:2,y:5},
						 w:_{id:wall197}
					       },
					      _{ c:_{x:1,y:5},
						 w:_{id:wall196}
					       },
					      _{ c:_{x:0,y:5},
						 w:_{id:wall195}
					       },
					      _{ c:_{x:5,y:4},
						 w:_{id:wall194}
					       },
					      _{ c:_{x:0,y:4},
						 w:_{id:wall193}
					       },
					      _{ c:_{x:5,y:3},
						 w:_{id:wall192}
					       },
					      _{ c:_{x:0,y:3},
						 w:_{id:wall191}
					       },
					      _{ c:_{x:5,y:2},
						 w:_{id:wall190}
					       },
					      _{ c:_{x:0,y:2},
						 w:_{id:wall189}
					       },
					      _{ c:_{x:5,y:1},
						 w:_{id:wall188}
					       },
					      _{ c:_{x:0,y:1},
						 w:_{id:wall187}
					       },
					      _{ c:_{x:5,y:0},
						 w:_{id:wall186}
					       },
					      _{ c:_{x:4,y:0},
						 w:_{id:wall185}
					       },
					      _{ c:_{x:3,y:0},
						 w:_{id:wall184}
					       },
					      _{ c:_{x:2,y:0},
						 w:_{id:wall183}
					       },
					      _{ c:_{x:1,y:0},
						 w:_{id:wall182}
					       },
					      _{ c:_{x:0,y:0},
						 w:_{id:wall181}
					       }
					    ]
				},
	      certain_fluents:_{ alive:[_{id:hunter}],
				 dir:[_{d:south,h:_{id:hunter}}],
				 fat_gold:[],
				 fat_hunter:_{ c:_{x:2,y:2},
					       h:_{id:hunter}
					     },
				 game_state:running,
				 has_arrow:[ _{ a:_{id:arrow10},
						h:_{id:hunter}
					      }
					   ],
				 has_gold:[],
				 score:0,
				 visited:[ _{ from:_{x:1,y:2},
					      to:_{x:2,y:2}
					    },
					   _{ from:_{x:1,y:3},
					      to:_{x:1,y:2}
					    },
					   _{ from:_{x:1,y:2},
					      to:_{x:1,y:3}
					    },
					   _{ from:_{x:1,y:1},
					      to:_{x:1,y:2}
					    }
					 ]
			       },
	      step:0,
	      uncertain_eternals:_{ eat_pit:[ _{ c:_{x:1,y:4},
						 p:_{id:true}
					       },
					      _{ c:_{x:2,y:3},
						 p:_{id:true}
					       },
					      _{ c:_{x:3,y:2},
						 p:_{id:true}
					       },
					      _{ c:_{x:1,y:1},
						 p:_{id:false}
					       },
					      _{ c:_{x:2,y:1},
						 p:_{id:false}
					       },
					      _{ c:_{x:1,y:2},
						 p:_{id:false}
					       },
					      _{ c:_{x:2,y:2},
						 p:_{id:false}
					       },
					      _{ c:_{x:1,y:3},
						 p:_{id:false}
					       }
					    ],
				    eat_wumpus:[ _{ c:_{x:1,y:1},
						    w:_{id:false}
						  },
						 _{ c:_{x:2,y:1},
						    w:_{id:false}
						  },
						 _{ c:_{x:1,y:2},
						    w:_{id:false}
						  },
						 _{ c:_{x:2,y:2},
						    w:_{id:false}
						  },
						 _{ c:_{x:1,y:3},
						    w:_{id:false}
						  },
						 _{ c:_{x:2,y:3},
						    w:_{id:false}
						  },
						 _{ c:_{x:1,y:4},
						    w:_{id:false}
						  },
						 _{ c:_{x:3,y:2},
						    w:_{id:false}
						  }
					       ]
				  },
	      uncertain_fluents:_{fatal:[]}
	    },
   percepts:[breeze]
 }
La valeur de AdjSansWumpus est : [_2622{x:1,y:2},_2584{x:2,y:1}]
Cases Auth est : [_2584{x:2,y:1}]
La valeur de X est : 2
La valeur de Y est : 1
completed(28, 0.07397197500000002, 3322, 200, ok).
/*Sat Mar  9 15:27:55 2024*/ request(29, 1709994475.477, [peer(ip(127,0,0,1)),method(options),request_uri('/action'),path('/action'),http_version(1-1),host(localhost),port(8081),connection('keep-alive'),access_control_request_method('PUT'),access_control_request_headers('content-type'),origin('http://localhost:9000'),user_agent('Mozilla/5.0 (X11; Linux x86_64) AppleWebKit/537.36 (KHTML, like Gecko) Chrome/122.0.0.0 Safari/537.36'),sec_fetch_mode(cors),sec_fetch_site('same-site'),sec_fetch_dest(empty),referer('http://localhost:9000/')]).
completed(29, 0.0043840689999999904, 0, 200, ok).
/*Sat Mar  9 15:27:55 2024*/ request(30, 1709994475.485, [peer(ip(127,0,0,1)),method(put),request_uri('/action'),path('/action'),http_version(1-1),host(localhost),port(8081),connection('keep-alive'),content_length(2607),sec_ch_ua('"Chromium";v="122", "Not(A:Brand";v="24", "Brave";v="122"'),sec_ch_ua_platform('"Linux"'),sec_ch_ua_mobile('?0'),user_agent('Mozilla/5.0 (X11; Linux x86_64) AppleWebKit/537.36 (KHTML, like Gecko) Chrome/122.0.0.0 Safari/537.36'),content_type('application/json'),sec_gpc('1'),origin('http://localhost:9000'),sec_fetch_site('same-site'),sec_fetch_mode(cors),sec_fetch_dest(empty),referer('http://localhost:9000/')]).
_{ beliefs:_{ certain_eternals:_{ cells:[ _{x:0,y:0},
					  _{x:1,y:0},
					  _{x:2,y:0},
					  _{x:3,y:0},
					  _{x:4,y:0},
					  _{x:5,y:0},
					  _{x:0,y:1},
					  _{x:1,y:1},
					  _{x:2,y:1},
					  _{x:3,y:1},
					  _{x:4,y:1},
					  _{x:5,y:1},
					  _{x:0,y:2},
					  _{x:1,y:2},
					  _{x:2,y:2},
					  _{x:3,y:2},
					  _{x:4,y:2},
					  _{x:5,y:2},
					  _{x:0,y:3},
					  _{x:1,y:3},
					  _{x:2,y:3},
					  _{x:3,y:3},
					  _{x:4,y:3},
					  _{x:5,y:3},
					  _{x:0,y:4},
					  _{x:1,y:4},
					  _{x:2,y:4},
					  _{x:3,y:4},
					  _{x:4,y:4},
					  _{x:5,y:4},
					  _{x:0,y:5},
					  _{x:1,y:5},
					  _{x:2,y:5},
					  _{x:3,y:5},
					  _{x:4,y:5},
					  _{x:5,y:5}
					],
				  eat_exit:_{c:_{x:1,y:1},e:_{id:exit}},
				  eat_walls:[ _{ c:_{x:5,y:5},
						 w:_{id:wall200}
					       },
					      _{ c:_{x:4,y:5},
						 w:_{id:wall199}
					       },
					      _{ c:_{x:3,y:5},
						 w:_{id:wall198}
					       },
					      _{ c:_{x:2,y:5},
						 w:_{id:wall197}
					       },
					      _{ c:_{x:1,y:5},
						 w:_{id:wall196}
					       },
					      _{ c:_{x:0,y:5},
						 w:_{id:wall195}
					       },
					      _{ c:_{x:5,y:4},
						 w:_{id:wall194}
					       },
					      _{ c:_{x:0,y:4},
						 w:_{id:wall193}
					       },
					      _{ c:_{x:5,y:3},
						 w:_{id:wall192}
					       },
					      _{ c:_{x:0,y:3},
						 w:_{id:wall191}
					       },
					      _{ c:_{x:5,y:2},
						 w:_{id:wall190}
					       },
					      _{ c:_{x:0,y:2},
						 w:_{id:wall189}
					       },
					      _{ c:_{x:5,y:1},
						 w:_{id:wall188}
					       },
					      _{ c:_{x:0,y:1},
						 w:_{id:wall187}
					       },
					      _{ c:_{x:5,y:0},
						 w:_{id:wall186}
					       },
					      _{ c:_{x:4,y:0},
						 w:_{id:wall185}
					       },
					      _{ c:_{x:3,y:0},
						 w:_{id:wall184}
					       },
					      _{ c:_{x:2,y:0},
						 w:_{id:wall183}
					       },
					      _{ c:_{x:1,y:0},
						 w:_{id:wall182}
					       },
					      _{ c:_{x:0,y:0},
						 w:_{id:wall181}
					       }
					    ]
				},
	      certain_fluents:_{ alive:[_{id:hunter}],
				 dir:[_{d:south,h:_{id:hunter}}],
				 fat_gold:[],
				 fat_hunter:_{ c:_{x:2,y:1},
					       h:_{id:hunter}
					     },
				 game_state:running,
				 has_arrow:[ _{ a:_{id:arrow10},
						h:_{id:hunter}
					      }
					   ],
				 has_gold:[],
				 score:0,
				 visited:[ _{ from:_{x:2,y:2},
					      to:_{x:2,y:1}
					    },
					   _{ from:_{x:1,y:2},
					      to:_{x:2,y:2}
					    },
					   _{ from:_{x:1,y:3},
					      to:_{x:1,y:2}
					    },
					   _{ from:_{x:1,y:2},
					      to:_{x:1,y:3}
					    },
					   _{ from:_{x:1,y:1},
					      to:_{x:1,y:2}
					    }
					 ]
			       },
	      step:0,
	      uncertain_eternals:_{ eat_pit:[ _{ c:_{x:1,y:4},
						 p:_{id:true}
					       },
					      _{ c:_{x:2,y:3},
						 p:_{id:true}
					       },
					      _{ c:_{x:3,y:2},
						 p:_{id:true}
					       },
					      _{ c:_{x:1,y:1},
						 p:_{id:false}
					       },
					      _{ c:_{x:2,y:1},
						 p:_{id:false}
					       },
					      _{ c:_{x:1,y:2},
						 p:_{id:false}
					       },
					      _{ c:_{x:2,y:2},
						 p:_{id:false}
					       },
					      _{ c:_{x:1,y:3},
						 p:_{id:false}
					       }
					    ],
				    eat_wumpus:[ _{ c:_{x:1,y:1},
						    w:_{id:false}
						  },
						 _{ c:_{x:2,y:1},
						    w:_{id:false}
						  },
						 _{ c:_{x:1,y:2},
						    w:_{id:false}
						  },
						 _{ c:_{x:2,y:2},
						    w:_{id:false}
						  },
						 _{ c:_{x:1,y:3},
						    w:_{id:false}
						  },
						 _{ c:_{x:2,y:3},
						    w:_{id:false}
						  },
						 _{ c:_{x:1,y:4},
						    w:_{id:false}
						  },
						 _{ c:_{x:3,y:2},
						    w:_{id:false}
						  }
					       ]
				  },
	      uncertain_fluents:_{fatal:[]}
	    },
   percepts:[]
 }
La valeur de AdjSansWumpus est : [_2702{x:2,y:2},_14854{x:3,y:1},_2588{x:1,y:1}]
Cases Auth est : [_14854{x:3,y:1}]
La valeur de X est : 2
La valeur de Y est : 0
completed(30, 0.07177455799999999, 3399, 200, ok).
/*Sat Mar  9 15:27:56 2024*/ request(31, 1709994476.977, [peer(ip(127,0,0,1)),method(put),request_uri('/action'),path('/action'),http_version(1-1),host(localhost),port(8081),connection('keep-alive'),content_length(2680),sec_ch_ua('"Chromium";v="122", "Not(A:Brand";v="24", "Brave";v="122"'),sec_ch_ua_platform('"Linux"'),sec_ch_ua_mobile('?0'),user_agent('Mozilla/5.0 (X11; Linux x86_64) AppleWebKit/537.36 (KHTML, like Gecko) Chrome/122.0.0.0 Safari/537.36'),content_type('application/json'),sec_gpc('1'),origin('http://localhost:9000'),sec_fetch_site('same-site'),sec_fetch_mode(cors),sec_fetch_dest(empty),referer('http://localhost:9000/')]).
_{ beliefs:_{ certain_eternals:_{ cells:[ _{x:0,y:0},
					  _{x:1,y:0},
					  _{x:2,y:0},
					  _{x:3,y:0},
					  _{x:4,y:0},
					  _{x:5,y:0},
					  _{x:0,y:1},
					  _{x:1,y:1},
					  _{x:2,y:1},
					  _{x:3,y:1},
					  _{x:4,y:1},
					  _{x:5,y:1},
					  _{x:0,y:2},
					  _{x:1,y:2},
					  _{x:2,y:2},
					  _{x:3,y:2},
					  _{x:4,y:2},
					  _{x:5,y:2},
					  _{x:0,y:3},
					  _{x:1,y:3},
					  _{x:2,y:3},
					  _{x:3,y:3},
					  _{x:4,y:3},
					  _{x:5,y:3},
					  _{x:0,y:4},
					  _{x:1,y:4},
					  _{x:2,y:4},
					  _{x:3,y:4},
					  _{x:4,y:4},
					  _{x:5,y:4},
					  _{x:0,y:5},
					  _{x:1,y:5},
					  _{x:2,y:5},
					  _{x:3,y:5},
					  _{x:4,y:5},
					  _{x:5,y:5}
					],
				  eat_exit:_{c:_{x:1,y:1},e:_{id:exit}},
				  eat_walls:[ _{ c:_{x:5,y:5},
						 w:_{id:wall200}
					       },
					      _{ c:_{x:4,y:5},
						 w:_{id:wall199}
					       },
					      _{ c:_{x:3,y:5},
						 w:_{id:wall198}
					       },
					      _{ c:_{x:2,y:5},
						 w:_{id:wall197}
					       },
					      _{ c:_{x:1,y:5},
						 w:_{id:wall196}
					       },
					      _{ c:_{x:0,y:5},
						 w:_{id:wall195}
					       },
					      _{ c:_{x:5,y:4},
						 w:_{id:wall194}
					       },
					      _{ c:_{x:0,y:4},
						 w:_{id:wall193}
					       },
					      _{ c:_{x:5,y:3},
						 w:_{id:wall192}
					       },
					      _{ c:_{x:0,y:3},
						 w:_{id:wall191}
					       },
					      _{ c:_{x:5,y:2},
						 w:_{id:wall190}
					       },
					      _{ c:_{x:0,y:2},
						 w:_{id:wall189}
					       },
					      _{ c:_{x:5,y:1},
						 w:_{id:wall188}
					       },
					      _{ c:_{x:0,y:1},
						 w:_{id:wall187}
					       },
					      _{ c:_{x:5,y:0},
						 w:_{id:wall186}
					       },
					      _{ c:_{x:4,y:0},
						 w:_{id:wall185}
					       },
					      _{ c:_{x:3,y:0},
						 w:_{id:wall184}
					       },
					      _{ c:_{x:2,y:0},
						 w:_{id:wall183}
					       },
					      _{ c:_{x:1,y:0},
						 w:_{id:wall182}
					       },
					      _{ c:_{x:0,y:0},
						 w:_{id:wall181}
					       }
					    ]
				},
	      certain_fluents:_{ alive:[_{id:hunter}],
				 dir:[_{d:east,h:_{id:hunter}}],
				 fat_gold:[],
				 fat_hunter:_{ c:_{x:2,y:1},
					       h:_{id:hunter}
					     },
				 game_state:running,
				 has_arrow:[ _{ a:_{id:arrow10},
						h:_{id:hunter}
					      }
					   ],
				 has_gold:[],
				 score:0,
				 visited:[ _{ from:_{x:2,y:2},
					      to:_{x:2,y:1}
					    },
					   _{ from:_{x:1,y:2},
					      to:_{x:2,y:2}
					    },
					   _{ from:_{x:1,y:3},
					      to:_{x:1,y:2}
					    },
					   _{ from:_{x:1,y:2},
					      to:_{x:1,y:3}
					    },
					   _{ from:_{x:1,y:1},
					      to:_{x:1,y:2}
					    }
					 ]
			       },
	      step:0,
	      uncertain_eternals:_{ eat_pit:[ _{ c:_{x:1,y:4},
						 p:_{id:true}
					       },
					      _{ c:_{x:2,y:3},
						 p:_{id:true}
					       },
					      _{ c:_{x:3,y:2},
						 p:_{id:true}
					       },
					      _{ c:_{x:1,y:1},
						 p:_{id:false}
					       },
					      _{ c:_{x:2,y:1},
						 p:_{id:false}
					       },
					      _{ c:_{x:1,y:2},
						 p:_{id:false}
					       },
					      _{ c:_{x:2,y:2},
						 p:_{id:false}
					       },
					      _{ c:_{x:1,y:3},
						 p:_{id:false}
					       },
					      _{ c:_{x:3,y:1},
						 p:_{id:false}
					       }
					    ],
				    eat_wumpus:[ _{ c:_{x:1,y:1},
						    w:_{id:false}
						  },
						 _{ c:_{x:2,y:1},
						    w:_{id:false}
						  },
						 _{ c:_{x:1,y:2},
						    w:_{id:false}
						  },
						 _{ c:_{x:2,y:2},
						    w:_{id:false}
						  },
						 _{ c:_{x:1,y:3},
						    w:_{id:false}
						  },
						 _{ c:_{x:2,y:3},
						    w:_{id:false}
						  },
						 _{ c:_{x:1,y:4},
						    w:_{id:false}
						  },
						 _{ c:_{x:3,y:2},
						    w:_{id:false}
						  },
						 _{ c:_{x:3,y:1},
						    w:_{id:false}
						  }
					       ]
				  },
	      uncertain_fluents:_{fatal:[]}
	    },
   percepts:[]
 }
La valeur de AdjSansWumpus est : [_2702{x:2,y:2},_2778{x:3,y:1},_2588{x:1,y:1}]
Cases Auth est : [_2778{x:3,y:1}]
La valeur de X est : 3
La valeur de Y est : 1
completed(31, 0.065736458, 3453, 200, ok).
/*Sat Mar  9 15:27:58 2024*/ request(32, 1709994478.874, [peer(ip(127,0,0,1)),method(put),request_uri('/action'),path('/action'),http_version(1-1),host(localhost),port(8081),connection('keep-alive'),content_length(2730),sec_ch_ua('"Chromium";v="122", "Not(A:Brand";v="24", "Brave";v="122"'),sec_ch_ua_platform('"Linux"'),sec_ch_ua_mobile('?0'),user_agent('Mozilla/5.0 (X11; Linux x86_64) AppleWebKit/537.36 (KHTML, like Gecko) Chrome/122.0.0.0 Safari/537.36'),content_type('application/json'),sec_gpc('1'),origin('http://localhost:9000'),sec_fetch_site('same-site'),sec_fetch_mode(cors),sec_fetch_dest(empty),referer('http://localhost:9000/')]).
_{ beliefs:_{ certain_eternals:_{ cells:[ _{x:0,y:0},
					  _{x:1,y:0},
					  _{x:2,y:0},
					  _{x:3,y:0},
					  _{x:4,y:0},
					  _{x:5,y:0},
					  _{x:0,y:1},
					  _{x:1,y:1},
					  _{x:2,y:1},
					  _{x:3,y:1},
					  _{x:4,y:1},
					  _{x:5,y:1},
					  _{x:0,y:2},
					  _{x:1,y:2},
					  _{x:2,y:2},
					  _{x:3,y:2},
					  _{x:4,y:2},
					  _{x:5,y:2},
					  _{x:0,y:3},
					  _{x:1,y:3},
					  _{x:2,y:3},
					  _{x:3,y:3},
					  _{x:4,y:3},
					  _{x:5,y:3},
					  _{x:0,y:4},
					  _{x:1,y:4},
					  _{x:2,y:4},
					  _{x:3,y:4},
					  _{x:4,y:4},
					  _{x:5,y:4},
					  _{x:0,y:5},
					  _{x:1,y:5},
					  _{x:2,y:5},
					  _{x:3,y:5},
					  _{x:4,y:5},
					  _{x:5,y:5}
					],
				  eat_exit:_{c:_{x:1,y:1},e:_{id:exit}},
				  eat_walls:[ _{ c:_{x:5,y:5},
						 w:_{id:wall200}
					       },
					      _{ c:_{x:4,y:5},
						 w:_{id:wall199}
					       },
					      _{ c:_{x:3,y:5},
						 w:_{id:wall198}
					       },
					      _{ c:_{x:2,y:5},
						 w:_{id:wall197}
					       },
					      _{ c:_{x:1,y:5},
						 w:_{id:wall196}
					       },
					      _{ c:_{x:0,y:5},
						 w:_{id:wall195}
					       },
					      _{ c:_{x:5,y:4},
						 w:_{id:wall194}
					       },
					      _{ c:_{x:0,y:4},
						 w:_{id:wall193}
					       },
					      _{ c:_{x:5,y:3},
						 w:_{id:wall192}
					       },
					      _{ c:_{x:0,y:3},
						 w:_{id:wall191}
					       },
					      _{ c:_{x:5,y:2},
						 w:_{id:wall190}
					       },
					      _{ c:_{x:0,y:2},
						 w:_{id:wall189}
					       },
					      _{ c:_{x:5,y:1},
						 w:_{id:wall188}
					       },
					      _{ c:_{x:0,y:1},
						 w:_{id:wall187}
					       },
					      _{ c:_{x:5,y:0},
						 w:_{id:wall186}
					       },
					      _{ c:_{x:4,y:0},
						 w:_{id:wall185}
					       },
					      _{ c:_{x:3,y:0},
						 w:_{id:wall184}
					       },
					      _{ c:_{x:2,y:0},
						 w:_{id:wall183}
					       },
					      _{ c:_{x:1,y:0},
						 w:_{id:wall182}
					       },
					      _{ c:_{x:0,y:0},
						 w:_{id:wall181}
					       }
					    ]
				},
	      certain_fluents:_{ alive:[_{id:hunter}],
				 dir:[_{d:east,h:_{id:hunter}}],
				 fat_gold:[],
				 fat_hunter:_{ c:_{x:3,y:1},
					       h:_{id:hunter}
					     },
				 game_state:running,
				 has_arrow:[ _{ a:_{id:arrow10},
						h:_{id:hunter}
					      }
					   ],
				 has_gold:[],
				 score:0,
				 visited:[ _{ from:_{x:2,y:1},
					      to:_{x:3,y:1}
					    },
					   _{ from:_{x:2,y:2},
					      to:_{x:2,y:1}
					    },
					   _{ from:_{x:1,y:2},
					      to:_{x:2,y:2}
					    },
					   _{ from:_{x:1,y:3},
					      to:_{x:1,y:2}
					    },
					   _{ from:_{x:1,y:2},
					      to:_{x:1,y:3}
					    },
					   _{ from:_{x:1,y:1},
					      to:_{x:1,y:2}
					    }
					 ]
			       },
	      step:0,
	      uncertain_eternals:_{ eat_pit:[ _{ c:_{x:1,y:4},
						 p:_{id:true}
					       },
					      _{ c:_{x:2,y:3},
						 p:_{id:true}
					       },
					      _{ c:_{x:3,y:2},
						 p:_{id:true}
					       },
					      _{ c:_{x:1,y:1},
						 p:_{id:false}
					       },
					      _{ c:_{x:2,y:1},
						 p:_{id:false}
					       },
					      _{ c:_{x:1,y:2},
						 p:_{id:false}
					       },
					      _{ c:_{x:2,y:2},
						 p:_{id:false}
					       },
					      _{ c:_{x:1,y:3},
						 p:_{id:false}
					       },
					      _{ c:_{x:3,y:1},
						 p:_{id:false}
					       }
					    ],
				    eat_wumpus:[ _{ c:_{x:1,y:1},
						    w:_{id:false}
						  },
						 _{ c:_{x:2,y:1},
						    w:_{id:false}
						  },
						 _{ c:_{x:1,y:2},
						    w:_{id:false}
						  },
						 _{ c:_{x:2,y:2},
						    w:_{id:false}
						  },
						 _{ c:_{x:1,y:3},
						    w:_{id:false}
						  },
						 _{ c:_{x:2,y:3},
						    w:_{id:false}
						  },
						 _{ c:_{x:1,y:4},
						    w:_{id:false}
						  },
						 _{ c:_{x:3,y:2},
						    w:_{id:false}
						  },
						 _{ c:_{x:3,y:1},
						    w:_{id:false}
						  }
					       ]
				  },
	      uncertain_fluents:_{fatal:[]}
	    },
   percepts:[breeze]
 }
La valeur de AdjSansWumpus est : [_2668{x:2,y:1}]
Cases Auth est : [_2224{x:2,y:1}]
La valeur de X est : 4
La valeur de Y est : 1
completed(32, 0.07329278099999997, 3549, 200, ok).
/*Sat Mar  9 15:28:00 2024*/ request(33, 1709994480.552, [peer(ip(127,0,0,1)),method(options),request_uri('/action'),path('/action'),http_version(1-1),host(localhost),port(8081),connection('keep-alive'),access_control_request_method('PUT'),access_control_request_headers('content-type'),origin('http://localhost:9000'),user_agent('Mozilla/5.0 (X11; Linux x86_64) AppleWebKit/537.36 (KHTML, like Gecko) Chrome/122.0.0.0 Safari/537.36'),sec_fetch_mode(cors),sec_fetch_site('same-site'),sec_fetch_dest(empty),referer('http://localhost:9000/')]).
completed(33, 0.004849233000000008, 0, 200, ok).
/*Sat Mar  9 15:28:00 2024*/ request(34, 1709994480.562, [peer(ip(127,0,0,1)),method(put),request_uri('/action'),path('/action'),http_version(1-1),host(localhost),port(8081),connection('keep-alive'),content_length(2804),sec_ch_ua('"Chromium";v="122", "Not(A:Brand";v="24", "Brave";v="122"'),sec_ch_ua_platform('"Linux"'),sec_ch_ua_mobile('?0'),user_agent('Mozilla/5.0 (X11; Linux x86_64) AppleWebKit/537.36 (KHTML, like Gecko) Chrome/122.0.0.0 Safari/537.36'),content_type('application/json'),sec_gpc('1'),origin('http://localhost:9000'),sec_fetch_site('same-site'),sec_fetch_mode(cors),sec_fetch_dest(empty),referer('http://localhost:9000/')]).
_{ beliefs:_{ certain_eternals:_{ cells:[ _{x:0,y:0},
					  _{x:1,y:0},
					  _{x:2,y:0},
					  _{x:3,y:0},
					  _{x:4,y:0},
					  _{x:5,y:0},
					  _{x:0,y:1},
					  _{x:1,y:1},
					  _{x:2,y:1},
					  _{x:3,y:1},
					  _{x:4,y:1},
					  _{x:5,y:1},
					  _{x:0,y:2},
					  _{x:1,y:2},
					  _{x:2,y:2},
					  _{x:3,y:2},
					  _{x:4,y:2},
					  _{x:5,y:2},
					  _{x:0,y:3},
					  _{x:1,y:3},
					  _{x:2,y:3},
					  _{x:3,y:3},
					  _{x:4,y:3},
					  _{x:5,y:3},
					  _{x:0,y:4},
					  _{x:1,y:4},
					  _{x:2,y:4},
					  _{x:3,y:4},
					  _{x:4,y:4},
					  _{x:5,y:4},
					  _{x:0,y:5},
					  _{x:1,y:5},
					  _{x:2,y:5},
					  _{x:3,y:5},
					  _{x:4,y:5},
					  _{x:5,y:5}
					],
				  eat_exit:_{c:_{x:1,y:1},e:_{id:exit}},
				  eat_walls:[ _{ c:_{x:5,y:5},
						 w:_{id:wall200}
					       },
					      _{ c:_{x:4,y:5},
						 w:_{id:wall199}
					       },
					      _{ c:_{x:3,y:5},
						 w:_{id:wall198}
					       },
					      _{ c:_{x:2,y:5},
						 w:_{id:wall197}
					       },
					      _{ c:_{x:1,y:5},
						 w:_{id:wall196}
					       },
					      _{ c:_{x:0,y:5},
						 w:_{id:wall195}
					       },
					      _{ c:_{x:5,y:4},
						 w:_{id:wall194}
					       },
					      _{ c:_{x:0,y:4},
						 w:_{id:wall193}
					       },
					      _{ c:_{x:5,y:3},
						 w:_{id:wall192}
					       },
					      _{ c:_{x:0,y:3},
						 w:_{id:wall191}
					       },
					      _{ c:_{x:5,y:2},
						 w:_{id:wall190}
					       },
					      _{ c:_{x:0,y:2},
						 w:_{id:wall189}
					       },
					      _{ c:_{x:5,y:1},
						 w:_{id:wall188}
					       },
					      _{ c:_{x:0,y:1},
						 w:_{id:wall187}
					       },
					      _{ c:_{x:5,y:0},
						 w:_{id:wall186}
					       },
					      _{ c:_{x:4,y:0},
						 w:_{id:wall185}
					       },
					      _{ c:_{x:3,y:0},
						 w:_{id:wall184}
					       },
					      _{ c:_{x:2,y:0},
						 w:_{id:wall183}
					       },
					      _{ c:_{x:1,y:0},
						 w:_{id:wall182}
					       },
					      _{ c:_{x:0,y:0},
						 w:_{id:wall181}
					       }
					    ]
				},
	      certain_fluents:_{ alive:[_{id:hunter}],
				 dir:[_{d:north,h:_{id:hunter}}],
				 fat_gold:[],
				 fat_hunter:_{ c:_{x:3,y:1},
					       h:_{id:hunter}
					     },
				 game_state:running,
				 has_arrow:[ _{ a:_{id:arrow10},
						h:_{id:hunter}
					      }
					   ],
				 has_gold:[],
				 score:0,
				 visited:[ _{ from:_{x:2,y:1},
					      to:_{x:3,y:1}
					    },
					   _{ from:_{x:2,y:2},
					      to:_{x:2,y:1}
					    },
					   _{ from:_{x:1,y:2},
					      to:_{x:2,y:2}
					    },
					   _{ from:_{x:1,y:3},
					      to:_{x:1,y:2}
					    },
					   _{ from:_{x:1,y:2},
					      to:_{x:1,y:3}
					    },
					   _{ from:_{x:1,y:1},
					      to:_{x:1,y:2}
					    }
					 ]
			       },
	      step:0,
	      uncertain_eternals:_{ eat_pit:[ _{ c:_{x:1,y:4},
						 p:_{id:true}
					       },
					      _{ c:_{x:2,y:3},
						 p:_{id:true}
					       },
					      _{ c:_{x:3,y:2},
						 p:_{id:true}
					       },
					      _{ c:_{x:4,y:1},
						 p:_{id:true}
					       },
					      _{ c:_{x:1,y:1},
						 p:_{id:false}
					       },
					      _{ c:_{x:2,y:1},
						 p:_{id:false}
					       },
					      _{ c:_{x:1,y:2},
						 p:_{id:false}
					       },
					      _{ c:_{x:2,y:2},
						 p:_{id:false}
					       },
					      _{ c:_{x:1,y:3},
						 p:_{id:false}
					       },
					      _{ c:_{x:3,y:1},
						 p:_{id:false}
					       }
					    ],
				    eat_wumpus:[ _{ c:_{x:1,y:1},
						    w:_{id:false}
						  },
						 _{ c:_{x:2,y:1},
						    w:_{id:false}
						  },
						 _{ c:_{x:1,y:2},
						    w:_{id:false}
						  },
						 _{ c:_{x:2,y:2},
						    w:_{id:false}
						  },
						 _{ c:_{x:1,y:3},
						    w:_{id:false}
						  },
						 _{ c:_{x:2,y:3},
						    w:_{id:false}
						  },
						 _{ c:_{x:1,y:4},
						    w:_{id:false}
						  },
						 _{ c:_{x:3,y:2},
						    w:_{id:false}
						  },
						 _{ c:_{x:3,y:1},
						    w:_{id:false}
						  },
						 _{ c:_{x:4,y:1},
						    w:_{id:false}
						  }
					       ]
				  },
	      uncertain_fluents:_{fatal:[]}
	    },
   percepts:[breeze]
 }
La valeur de AdjSansWumpus est : [_2698{x:2,y:1}]
Cases Auth est : [_2216{x:2,y:1}]
La valeur de X est : 3
La valeur de Y est : 2
completed(34, 0.07212447999999999, 3548, 200, ok).
/*Sat Mar  9 15:28:02 2024*/ request(35, 1709994482.074, [peer(ip(127,0,0,1)),method(put),request_uri('/action'),path('/action'),http_version(1-1),host(localhost),port(8081),connection('keep-alive'),content_length(2803),sec_ch_ua('"Chromium";v="122", "Not(A:Brand";v="24", "Brave";v="122"'),sec_ch_ua_platform('"Linux"'),sec_ch_ua_mobile('?0'),user_agent('Mozilla/5.0 (X11; Linux x86_64) AppleWebKit/537.36 (KHTML, like Gecko) Chrome/122.0.0.0 Safari/537.36'),content_type('application/json'),sec_gpc('1'),origin('http://localhost:9000'),sec_fetch_site('same-site'),sec_fetch_mode(cors),sec_fetch_dest(empty),referer('http://localhost:9000/')]).
_{ beliefs:_{ certain_eternals:_{ cells:[ _{x:0,y:0},
					  _{x:1,y:0},
					  _{x:2,y:0},
					  _{x:3,y:0},
					  _{x:4,y:0},
					  _{x:5,y:0},
					  _{x:0,y:1},
					  _{x:1,y:1},
					  _{x:2,y:1},
					  _{x:3,y:1},
					  _{x:4,y:1},
					  _{x:5,y:1},
					  _{x:0,y:2},
					  _{x:1,y:2},
					  _{x:2,y:2},
					  _{x:3,y:2},
					  _{x:4,y:2},
					  _{x:5,y:2},
					  _{x:0,y:3},
					  _{x:1,y:3},
					  _{x:2,y:3},
					  _{x:3,y:3},
					  _{x:4,y:3},
					  _{x:5,y:3},
					  _{x:0,y:4},
					  _{x:1,y:4},
					  _{x:2,y:4},
					  _{x:3,y:4},
					  _{x:4,y:4},
					  _{x:5,y:4},
					  _{x:0,y:5},
					  _{x:1,y:5},
					  _{x:2,y:5},
					  _{x:3,y:5},
					  _{x:4,y:5},
					  _{x:5,y:5}
					],
				  eat_exit:_{c:_{x:1,y:1},e:_{id:exit}},
				  eat_walls:[ _{ c:_{x:5,y:5},
						 w:_{id:wall200}
					       },
					      _{ c:_{x:4,y:5},
						 w:_{id:wall199}
					       },
					      _{ c:_{x:3,y:5},
						 w:_{id:wall198}
					       },
					      _{ c:_{x:2,y:5},
						 w:_{id:wall197}
					       },
					      _{ c:_{x:1,y:5},
						 w:_{id:wall196}
					       },
					      _{ c:_{x:0,y:5},
						 w:_{id:wall195}
					       },
					      _{ c:_{x:5,y:4},
						 w:_{id:wall194}
					       },
					      _{ c:_{x:0,y:4},
						 w:_{id:wall193}
					       },
					      _{ c:_{x:5,y:3},
						 w:_{id:wall192}
					       },
					      _{ c:_{x:0,y:3},
						 w:_{id:wall191}
					       },
					      _{ c:_{x:5,y:2},
						 w:_{id:wall190}
					       },
					      _{ c:_{x:0,y:2},
						 w:_{id:wall189}
					       },
					      _{ c:_{x:5,y:1},
						 w:_{id:wall188}
					       },
					      _{ c:_{x:0,y:1},
						 w:_{id:wall187}
					       },
					      _{ c:_{x:5,y:0},
						 w:_{id:wall186}
					       },
					      _{ c:_{x:4,y:0},
						 w:_{id:wall185}
					       },
					      _{ c:_{x:3,y:0},
						 w:_{id:wall184}
					       },
					      _{ c:_{x:2,y:0},
						 w:_{id:wall183}
					       },
					      _{ c:_{x:1,y:0},
						 w:_{id:wall182}
					       },
					      _{ c:_{x:0,y:0},
						 w:_{id:wall181}
					       }
					    ]
				},
	      certain_fluents:_{ alive:[_{id:hunter}],
				 dir:[_{d:west,h:_{id:hunter}}],
				 fat_gold:[],
				 fat_hunter:_{ c:_{x:3,y:1},
					       h:_{id:hunter}
					     },
				 game_state:running,
				 has_arrow:[ _{ a:_{id:arrow10},
						h:_{id:hunter}
					      }
					   ],
				 has_gold:[],
				 score:0,
				 visited:[ _{ from:_{x:2,y:1},
					      to:_{x:3,y:1}
					    },
					   _{ from:_{x:2,y:2},
					      to:_{x:2,y:1}
					    },
					   _{ from:_{x:1,y:2},
					      to:_{x:2,y:2}
					    },
					   _{ from:_{x:1,y:3},
					      to:_{x:1,y:2}
					    },
					   _{ from:_{x:1,y:2},
					      to:_{x:1,y:3}
					    },
					   _{ from:_{x:1,y:1},
					      to:_{x:1,y:2}
					    }
					 ]
			       },
	      step:0,
	      uncertain_eternals:_{ eat_pit:[ _{ c:_{x:1,y:4},
						 p:_{id:true}
					       },
					      _{ c:_{x:2,y:3},
						 p:_{id:true}
					       },
					      _{ c:_{x:3,y:2},
						 p:_{id:true}
					       },
					      _{ c:_{x:4,y:1},
						 p:_{id:true}
					       },
					      _{ c:_{x:1,y:1},
						 p:_{id:false}
					       },
					      _{ c:_{x:2,y:1},
						 p:_{id:false}
					       },
					      _{ c:_{x:1,y:2},
						 p:_{id:false}
					       },
					      _{ c:_{x:2,y:2},
						 p:_{id:false}
					       },
					      _{ c:_{x:1,y:3},
						 p:_{id:false}
					       },
					      _{ c:_{x:3,y:1},
						 p:_{id:false}
					       }
					    ],
				    eat_wumpus:[ _{ c:_{x:1,y:1},
						    w:_{id:false}
						  },
						 _{ c:_{x:2,y:1},
						    w:_{id:false}
						  },
						 _{ c:_{x:1,y:2},
						    w:_{id:false}
						  },
						 _{ c:_{x:2,y:2},
						    w:_{id:false}
						  },
						 _{ c:_{x:1,y:3},
						    w:_{id:false}
						  },
						 _{ c:_{x:2,y:3},
						    w:_{id:false}
						  },
						 _{ c:_{x:1,y:4},
						    w:_{id:false}
						  },
						 _{ c:_{x:3,y:2},
						    w:_{id:false}
						  },
						 _{ c:_{x:3,y:1},
						    w:_{id:false}
						  },
						 _{ c:_{x:4,y:1},
						    w:_{id:false}
						  }
					       ]
				  },
	      uncertain_fluents:_{fatal:[]}
	    },
   percepts:[breeze]
 }
La valeur de AdjSansWumpus est : [_2706{x:2,y:1}]
Cases Auth est : [_2224{x:2,y:1}]
La valeur de X est : 2
La valeur de Y est : 1
completed(35, 0.082274619, 3602, 200, ok).
/*Sat Mar  9 15:28:03 2024*/ request(36, 1709994483.424, [peer(ip(127,0,0,1)),method(put),request_uri('/action'),path('/action'),http_version(1-1),host(localhost),port(8081),connection('keep-alive'),content_length(2837),sec_ch_ua('"Chromium";v="122", "Not(A:Brand";v="24", "Brave";v="122"'),sec_ch_ua_platform('"Linux"'),sec_ch_ua_mobile('?0'),user_agent('Mozilla/5.0 (X11; Linux x86_64) AppleWebKit/537.36 (KHTML, like Gecko) Chrome/122.0.0.0 Safari/537.36'),content_type('application/json'),sec_gpc('1'),origin('http://localhost:9000'),sec_fetch_site('same-site'),sec_fetch_mode(cors),sec_fetch_dest(empty),referer('http://localhost:9000/')]).
_{ beliefs:_{ certain_eternals:_{ cells:[ _{x:0,y:0},
					  _{x:1,y:0},
					  _{x:2,y:0},
					  _{x:3,y:0},
					  _{x:4,y:0},
					  _{x:5,y:0},
					  _{x:0,y:1},
					  _{x:1,y:1},
					  _{x:2,y:1},
					  _{x:3,y:1},
					  _{x:4,y:1},
					  _{x:5,y:1},
					  _{x:0,y:2},
					  _{x:1,y:2},
					  _{x:2,y:2},
					  _{x:3,y:2},
					  _{x:4,y:2},
					  _{x:5,y:2},
					  _{x:0,y:3},
					  _{x:1,y:3},
					  _{x:2,y:3},
					  _{x:3,y:3},
					  _{x:4,y:3},
					  _{x:5,y:3},
					  _{x:0,y:4},
					  _{x:1,y:4},
					  _{x:2,y:4},
					  _{x:3,y:4},
					  _{x:4,y:4},
					  _{x:5,y:4},
					  _{x:0,y:5},
					  _{x:1,y:5},
					  _{x:2,y:5},
					  _{x:3,y:5},
					  _{x:4,y:5},
					  _{x:5,y:5}
					],
				  eat_exit:_{c:_{x:1,y:1},e:_{id:exit}},
				  eat_walls:[ _{ c:_{x:5,y:5},
						 w:_{id:wall200}
					       },
					      _{ c:_{x:4,y:5},
						 w:_{id:wall199}
					       },
					      _{ c:_{x:3,y:5},
						 w:_{id:wall198}
					       },
					      _{ c:_{x:2,y:5},
						 w:_{id:wall197}
					       },
					      _{ c:_{x:1,y:5},
						 w:_{id:wall196}
					       },
					      _{ c:_{x:0,y:5},
						 w:_{id:wall195}
					       },
					      _{ c:_{x:5,y:4},
						 w:_{id:wall194}
					       },
					      _{ c:_{x:0,y:4},
						 w:_{id:wall193}
					       },
					      _{ c:_{x:5,y:3},
						 w:_{id:wall192}
					       },
					      _{ c:_{x:0,y:3},
						 w:_{id:wall191}
					       },
					      _{ c:_{x:5,y:2},
						 w:_{id:wall190}
					       },
					      _{ c:_{x:0,y:2},
						 w:_{id:wall189}
					       },
					      _{ c:_{x:5,y:1},
						 w:_{id:wall188}
					       },
					      _{ c:_{x:0,y:1},
						 w:_{id:wall187}
					       },
					      _{ c:_{x:5,y:0},
						 w:_{id:wall186}
					       },
					      _{ c:_{x:4,y:0},
						 w:_{id:wall185}
					       },
					      _{ c:_{x:3,y:0},
						 w:_{id:wall184}
					       },
					      _{ c:_{x:2,y:0},
						 w:_{id:wall183}
					       },
					      _{ c:_{x:1,y:0},
						 w:_{id:wall182}
					       },
					      _{ c:_{x:0,y:0},
						 w:_{id:wall181}
					       }
					    ]
				},
	      certain_fluents:_{ alive:[_{id:hunter}],
				 dir:[_{d:west,h:_{id:hunter}}],
				 fat_gold:[],
				 fat_hunter:_{ c:_{x:2,y:1},
					       h:_{id:hunter}
					     },
				 game_state:running,
				 has_arrow:[ _{ a:_{id:arrow10},
						h:_{id:hunter}
					      }
					   ],
				 has_gold:[],
				 score:0,
				 visited:[ _{ from:_{x:3,y:1},
					      to:_{x:2,y:1}
					    },
					   _{ from:_{x:2,y:1},
					      to:_{x:3,y:1}
					    },
					   _{ from:_{x:2,y:2},
					      to:_{x:2,y:1}
					    },
					   _{ from:_{x:1,y:2},
					      to:_{x:2,y:2}
					    },
					   _{ from:_{x:1,y:3},
					      to:_{x:1,y:2}
					    },
					   _{ from:_{x:1,y:2},
					      to:_{x:1,y:3}
					    },
					   _{ from:_{x:1,y:1},
					      to:_{x:1,y:2}
					    }
					 ]
			       },
	      step:0,
	      uncertain_eternals:_{ eat_pit:[ _{ c:_{x:1,y:4},
						 p:_{id:true}
					       },
					      _{ c:_{x:2,y:3},
						 p:_{id:true}
					       },
					      _{ c:_{x:3,y:2},
						 p:_{id:true}
					       },
					      _{ c:_{x:4,y:1},
						 p:_{id:true}
					       },
					      _{ c:_{x:1,y:1},
						 p:_{id:false}
					       },
					      _{ c:_{x:2,y:1},
						 p:_{id:false}
					       },
					      _{ c:_{x:1,y:2},
						 p:_{id:false}
					       },
					      _{ c:_{x:2,y:2},
						 p:_{id:false}
					       },
					      _{ c:_{x:1,y:3},
						 p:_{id:false}
					       },
					      _{ c:_{x:3,y:1},
						 p:_{id:false}
					       }
					    ],
				    eat_wumpus:[ _{ c:_{x:1,y:1},
						    w:_{id:false}
						  },
						 _{ c:_{x:2,y:1},
						    w:_{id:false}
						  },
						 _{ c:_{x:1,y:2},
						    w:_{id:false}
						  },
						 _{ c:_{x:2,y:2},
						    w:_{id:false}
						  },
						 _{ c:_{x:1,y:3},
						    w:_{id:false}
						  },
						 _{ c:_{x:2,y:3},
						    w:_{id:false}
						  },
						 _{ c:_{x:1,y:4},
						    w:_{id:false}
						  },
						 _{ c:_{x:3,y:2},
						    w:_{id:false}
						  },
						 _{ c:_{x:3,y:1},
						    w:_{id:false}
						  },
						 _{ c:_{x:4,y:1},
						    w:_{id:false}
						  }
					       ]
				  },
	      uncertain_fluents:_{fatal:[]}
	    },
   percepts:[]
 }
La valeur de AdjSansWumpus est : [_2824{x:2,y:2},_2900{x:3,y:1},_2710{x:1,y:1}]
Cases Auth est : [_2308{x:2,y:2},_2224{x:3,y:1},_2476{x:1,y:1}]
La valeur de X est : 1
La valeur de Y est : 1
completed(36, 0.07270820600000005, 3644, 200, ok).
/*Sat Mar  9 15:28:05 2024*/ request(37, 1709994485.040, [peer(ip(127,0,0,1)),method(put),request_uri('/action'),path('/action'),http_version(1-1),host(localhost),port(8081),connection('keep-alive'),content_length(2879),sec_ch_ua('"Chromium";v="122", "Not(A:Brand";v="24", "Brave";v="122"'),sec_ch_ua_platform('"Linux"'),sec_ch_ua_mobile('?0'),user_agent('Mozilla/5.0 (X11; Linux x86_64) AppleWebKit/537.36 (KHTML, like Gecko) Chrome/122.0.0.0 Safari/537.36'),content_type('application/json'),sec_gpc('1'),origin('http://localhost:9000'),sec_fetch_site('same-site'),sec_fetch_mode(cors),sec_fetch_dest(empty),referer('http://localhost:9000/')]).
_{ beliefs:_{ certain_eternals:_{ cells:[ _{x:0,y:0},
					  _{x:1,y:0},
					  _{x:2,y:0},
					  _{x:3,y:0},
					  _{x:4,y:0},
					  _{x:5,y:0},
					  _{x:0,y:1},
					  _{x:1,y:1},
					  _{x:2,y:1},
					  _{x:3,y:1},
					  _{x:4,y:1},
					  _{x:5,y:1},
					  _{x:0,y:2},
					  _{x:1,y:2},
					  _{x:2,y:2},
					  _{x:3,y:2},
					  _{x:4,y:2},
					  _{x:5,y:2},
					  _{x:0,y:3},
					  _{x:1,y:3},
					  _{x:2,y:3},
					  _{x:3,y:3},
					  _{x:4,y:3},
					  _{x:5,y:3},
					  _{x:0,y:4},
					  _{x:1,y:4},
					  _{x:2,y:4},
					  _{x:3,y:4},
					  _{x:4,y:4},
					  _{x:5,y:4},
					  _{x:0,y:5},
					  _{x:1,y:5},
					  _{x:2,y:5},
					  _{x:3,y:5},
					  _{x:4,y:5},
					  _{x:5,y:5}
					],
				  eat_exit:_{c:_{x:1,y:1},e:_{id:exit}},
				  eat_walls:[ _{ c:_{x:5,y:5},
						 w:_{id:wall200}
					       },
					      _{ c:_{x:4,y:5},
						 w:_{id:wall199}
					       },
					      _{ c:_{x:3,y:5},
						 w:_{id:wall198}
					       },
					      _{ c:_{x:2,y:5},
						 w:_{id:wall197}
					       },
					      _{ c:_{x:1,y:5},
						 w:_{id:wall196}
					       },
					      _{ c:_{x:0,y:5},
						 w:_{id:wall195}
					       },
					      _{ c:_{x:5,y:4},
						 w:_{id:wall194}
					       },
					      _{ c:_{x:0,y:4},
						 w:_{id:wall193}
					       },
					      _{ c:_{x:5,y:3},
						 w:_{id:wall192}
					       },
					      _{ c:_{x:0,y:3},
						 w:_{id:wall191}
					       },
					      _{ c:_{x:5,y:2},
						 w:_{id:wall190}
					       },
					      _{ c:_{x:0,y:2},
						 w:_{id:wall189}
					       },
					      _{ c:_{x:5,y:1},
						 w:_{id:wall188}
					       },
					      _{ c:_{x:0,y:1},
						 w:_{id:wall187}
					       },
					      _{ c:_{x:5,y:0},
						 w:_{id:wall186}
					       },
					      _{ c:_{x:4,y:0},
						 w:_{id:wall185}
					       },
					      _{ c:_{x:3,y:0},
						 w:_{id:wall184}
					       },
					      _{ c:_{x:2,y:0},
						 w:_{id:wall183}
					       },
					      _{ c:_{x:1,y:0},
						 w:_{id:wall182}
					       },
					      _{ c:_{x:0,y:0},
						 w:_{id:wall181}
					       }
					    ]
				},
	      certain_fluents:_{ alive:[_{id:hunter}],
				 dir:[_{d:west,h:_{id:hunter}}],
				 fat_gold:[],
				 fat_hunter:_{ c:_{x:1,y:1},
					       h:_{id:hunter}
					     },
				 game_state:running,
				 has_arrow:[ _{ a:_{id:arrow10},
						h:_{id:hunter}
					      }
					   ],
				 has_gold:[],
				 score:0,
				 visited:[ _{ from:_{x:2,y:1},
					      to:_{x:1,y:1}
					    },
					   _{ from:_{x:3,y:1},
					      to:_{x:2,y:1}
					    },
					   _{ from:_{x:2,y:1},
					      to:_{x:3,y:1}
					    },
					   _{ from:_{x:2,y:2},
					      to:_{x:2,y:1}
					    },
					   _{ from:_{x:1,y:2},
					      to:_{x:2,y:2}
					    },
					   _{ from:_{x:1,y:3},
					      to:_{x:1,y:2}
					    },
					   _{ from:_{x:1,y:2},
					      to:_{x:1,y:3}
					    },
					   _{ from:_{x:1,y:1},
					      to:_{x:1,y:2}
					    }
					 ]
			       },
	      step:0,
	      uncertain_eternals:_{ eat_pit:[ _{ c:_{x:1,y:4},
						 p:_{id:true}
					       },
					      _{ c:_{x:2,y:3},
						 p:_{id:true}
					       },
					      _{ c:_{x:3,y:2},
						 p:_{id:true}
					       },
					      _{ c:_{x:4,y:1},
						 p:_{id:true}
					       },
					      _{ c:_{x:1,y:1},
						 p:_{id:false}
					       },
					      _{ c:_{x:2,y:1},
						 p:_{id:false}
					       },
					      _{ c:_{x:1,y:2},
						 p:_{id:false}
					       },
					      _{ c:_{x:2,y:2},
						 p:_{id:false}
					       },
					      _{ c:_{x:1,y:3},
						 p:_{id:false}
					       },
					      _{ c:_{x:3,y:1},
						 p:_{id:false}
					       }
					    ],
				    eat_wumpus:[ _{ c:_{x:1,y:1},
						    w:_{id:false}
						  },
						 _{ c:_{x:2,y:1},
						    w:_{id:false}
						  },
						 _{ c:_{x:1,y:2},
						    w:_{id:false}
						  },
						 _{ c:_{x:2,y:2},
						    w:_{id:false}
						  },
						 _{ c:_{x:1,y:3},
						    w:_{id:false}
						  },
						 _{ c:_{x:2,y:3},
						    w:_{id:false}
						  },
						 _{ c:_{x:1,y:4},
						    w:_{id:false}
						  },
						 _{ c:_{x:3,y:2},
						    w:_{id:false}
						  },
						 _{ c:_{x:3,y:1},
						    w:_{id:false}
						  },
						 _{ c:_{x:4,y:1},
						    w:_{id:false}
						  }
					       ]
				  },
	      uncertain_fluents:_{fatal:[]}
	    },
   percepts:[]
 }
La valeur de AdjSansWumpus est : [_2828{x:1,y:2},_2790{x:2,y:1}]
Cases Auth est : [_2392{x:1,y:2},_2224{x:2,y:1}]
La valeur de X est : 0
La valeur de Y est : 1
completed(37, 0.08248494500000003, 3642, 200, ok).
/*Sat Mar  9 15:28:06 2024*/ request(38, 1709994486.288, [peer(ip(127,0,0,1)),method(options),request_uri('/action'),path('/action'),http_version(1-1),host(localhost),port(8081),connection('keep-alive'),access_control_request_method('PUT'),access_control_request_headers('content-type'),origin('http://localhost:9000'),user_agent('Mozilla/5.0 (X11; Linux x86_64) AppleWebKit/537.36 (KHTML, like Gecko) Chrome/122.0.0.0 Safari/537.36'),sec_fetch_mode(cors),sec_fetch_site('same-site'),sec_fetch_dest(empty),referer('http://localhost:9000/')]).
completed(38, 0.004833905999999999, 0, 200, ok).
/*Sat Mar  9 15:28:06 2024*/ request(39, 1709994486.295, [peer(ip(127,0,0,1)),method(put),request_uri('/action'),path('/action'),http_version(1-1),host(localhost),port(8081),connection('keep-alive'),content_length(2880),sec_ch_ua('"Chromium";v="122", "Not(A:Brand";v="24", "Brave";v="122"'),sec_ch_ua_platform('"Linux"'),sec_ch_ua_mobile('?0'),user_agent('Mozilla/5.0 (X11; Linux x86_64) AppleWebKit/537.36 (KHTML, like Gecko) Chrome/122.0.0.0 Safari/537.36'),content_type('application/json'),sec_gpc('1'),origin('http://localhost:9000'),sec_fetch_site('same-site'),sec_fetch_mode(cors),sec_fetch_dest(empty),referer('http://localhost:9000/')]).
_{ beliefs:_{ certain_eternals:_{ cells:[ _{x:0,y:0},
					  _{x:1,y:0},
					  _{x:2,y:0},
					  _{x:3,y:0},
					  _{x:4,y:0},
					  _{x:5,y:0},
					  _{x:0,y:1},
					  _{x:1,y:1},
					  _{x:2,y:1},
					  _{x:3,y:1},
					  _{x:4,y:1},
					  _{x:5,y:1},
					  _{x:0,y:2},
					  _{x:1,y:2},
					  _{x:2,y:2},
					  _{x:3,y:2},
					  _{x:4,y:2},
					  _{x:5,y:2},
					  _{x:0,y:3},
					  _{x:1,y:3},
					  _{x:2,y:3},
					  _{x:3,y:3},
					  _{x:4,y:3},
					  _{x:5,y:3},
					  _{x:0,y:4},
					  _{x:1,y:4},
					  _{x:2,y:4},
					  _{x:3,y:4},
					  _{x:4,y:4},
					  _{x:5,y:4},
					  _{x:0,y:5},
					  _{x:1,y:5},
					  _{x:2,y:5},
					  _{x:3,y:5},
					  _{x:4,y:5},
					  _{x:5,y:5}
					],
				  eat_exit:_{c:_{x:1,y:1},e:_{id:exit}},
				  eat_walls:[ _{ c:_{x:5,y:5},
						 w:_{id:wall200}
					       },
					      _{ c:_{x:4,y:5},
						 w:_{id:wall199}
					       },
					      _{ c:_{x:3,y:5},
						 w:_{id:wall198}
					       },
					      _{ c:_{x:2,y:5},
						 w:_{id:wall197}
					       },
					      _{ c:_{x:1,y:5},
						 w:_{id:wall196}
					       },
					      _{ c:_{x:0,y:5},
						 w:_{id:wall195}
					       },
					      _{ c:_{x:5,y:4},
						 w:_{id:wall194}
					       },
					      _{ c:_{x:0,y:4},
						 w:_{id:wall193}
					       },
					      _{ c:_{x:5,y:3},
						 w:_{id:wall192}
					       },
					      _{ c:_{x:0,y:3},
						 w:_{id:wall191}
					       },
					      _{ c:_{x:5,y:2},
						 w:_{id:wall190}
					       },
					      _{ c:_{x:0,y:2},
						 w:_{id:wall189}
					       },
					      _{ c:_{x:5,y:1},
						 w:_{id:wall188}
					       },
					      _{ c:_{x:0,y:1},
						 w:_{id:wall187}
					       },
					      _{ c:_{x:5,y:0},
						 w:_{id:wall186}
					       },
					      _{ c:_{x:4,y:0},
						 w:_{id:wall185}
					       },
					      _{ c:_{x:3,y:0},
						 w:_{id:wall184}
					       },
					      _{ c:_{x:2,y:0},
						 w:_{id:wall183}
					       },
					      _{ c:_{x:1,y:0},
						 w:_{id:wall182}
					       },
					      _{ c:_{x:0,y:0},
						 w:_{id:wall181}
					       }
					    ]
				},
	      certain_fluents:_{ alive:[_{id:hunter}],
				 dir:[_{d:south,h:_{id:hunter}}],
				 fat_gold:[],
				 fat_hunter:_{ c:_{x:1,y:1},
					       h:_{id:hunter}
					     },
				 game_state:running,
				 has_arrow:[ _{ a:_{id:arrow10},
						h:_{id:hunter}
					      }
					   ],
				 has_gold:[],
				 score:0,
				 visited:[ _{ from:_{x:2,y:1},
					      to:_{x:1,y:1}
					    },
					   _{ from:_{x:3,y:1},
					      to:_{x:2,y:1}
					    },
					   _{ from:_{x:2,y:1},
					      to:_{x:3,y:1}
					    },
					   _{ from:_{x:2,y:2},
					      to:_{x:2,y:1}
					    },
					   _{ from:_{x:1,y:2},
					      to:_{x:2,y:2}
					    },
					   _{ from:_{x:1,y:3},
					      to:_{x:1,y:2}
					    },
					   _{ from:_{x:1,y:2},
					      to:_{x:1,y:3}
					    },
					   _{ from:_{x:1,y:1},
					      to:_{x:1,y:2}
					    }
					 ]
			       },
	      step:0,
	      uncertain_eternals:_{ eat_pit:[ _{ c:_{x:1,y:4},
						 p:_{id:true}
					       },
					      _{ c:_{x:2,y:3},
						 p:_{id:true}
					       },
					      _{ c:_{x:3,y:2},
						 p:_{id:true}
					       },
					      _{ c:_{x:4,y:1},
						 p:_{id:true}
					       },
					      _{ c:_{x:1,y:1},
						 p:_{id:false}
					       },
					      _{ c:_{x:2,y:1},
						 p:_{id:false}
					       },
					      _{ c:_{x:1,y:2},
						 p:_{id:false}
					       },
					      _{ c:_{x:2,y:2},
						 p:_{id:false}
					       },
					      _{ c:_{x:1,y:3},
						 p:_{id:false}
					       },
					      _{ c:_{x:3,y:1},
						 p:_{id:false}
					       }
					    ],
				    eat_wumpus:[ _{ c:_{x:1,y:1},
						    w:_{id:false}
						  },
						 _{ c:_{x:2,y:1},
						    w:_{id:false}
						  },
						 _{ c:_{x:1,y:2},
						    w:_{id:false}
						  },
						 _{ c:_{x:2,y:2},
						    w:_{id:false}
						  },
						 _{ c:_{x:1,y:3},
						    w:_{id:false}
						  },
						 _{ c:_{x:2,y:3},
						    w:_{id:false}
						  },
						 _{ c:_{x:1,y:4},
						    w:_{id:false}
						  },
						 _{ c:_{x:3,y:2},
						    w:_{id:false}
						  },
						 _{ c:_{x:3,y:1},
						    w:_{id:false}
						  },
						 _{ c:_{x:4,y:1},
						    w:_{id:false}
						  }
					       ]
				  },
	      uncertain_fluents:_{fatal:[]}
	    },
   percepts:[]
 }
La valeur de AdjSansWumpus est : [_2820{x:1,y:2},_2782{x:2,y:1}]
Cases Auth est : [_2384{x:1,y:2},_2216{x:2,y:1}]
La valeur de X est : 1
La valeur de Y est : 0
completed(39, 0.06989081899999999, 3641, 200, ok).
/*Sat Mar  9 15:28:07 2024*/ request(40, 1709994487.451, [peer(ip(127,0,0,1)),method(put),request_uri('/action'),path('/action'),http_version(1-1),host(localhost),port(8081),connection('keep-alive'),content_length(2879),sec_ch_ua('"Chromium";v="122", "Not(A:Brand";v="24", "Brave";v="122"'),sec_ch_ua_platform('"Linux"'),sec_ch_ua_mobile('?0'),user_agent('Mozilla/5.0 (X11; Linux x86_64) AppleWebKit/537.36 (KHTML, like Gecko) Chrome/122.0.0.0 Safari/537.36'),content_type('application/json'),sec_gpc('1'),origin('http://localhost:9000'),sec_fetch_site('same-site'),sec_fetch_mode(cors),sec_fetch_dest(empty),referer('http://localhost:9000/')]).
_{ beliefs:_{ certain_eternals:_{ cells:[ _{x:0,y:0},
					  _{x:1,y:0},
					  _{x:2,y:0},
					  _{x:3,y:0},
					  _{x:4,y:0},
					  _{x:5,y:0},
					  _{x:0,y:1},
					  _{x:1,y:1},
					  _{x:2,y:1},
					  _{x:3,y:1},
					  _{x:4,y:1},
					  _{x:5,y:1},
					  _{x:0,y:2},
					  _{x:1,y:2},
					  _{x:2,y:2},
					  _{x:3,y:2},
					  _{x:4,y:2},
					  _{x:5,y:2},
					  _{x:0,y:3},
					  _{x:1,y:3},
					  _{x:2,y:3},
					  _{x:3,y:3},
					  _{x:4,y:3},
					  _{x:5,y:3},
					  _{x:0,y:4},
					  _{x:1,y:4},
					  _{x:2,y:4},
					  _{x:3,y:4},
					  _{x:4,y:4},
					  _{x:5,y:4},
					  _{x:0,y:5},
					  _{x:1,y:5},
					  _{x:2,y:5},
					  _{x:3,y:5},
					  _{x:4,y:5},
					  _{x:5,y:5}
					],
				  eat_exit:_{c:_{x:1,y:1},e:_{id:exit}},
				  eat_walls:[ _{ c:_{x:5,y:5},
						 w:_{id:wall200}
					       },
					      _{ c:_{x:4,y:5},
						 w:_{id:wall199}
					       },
					      _{ c:_{x:3,y:5},
						 w:_{id:wall198}
					       },
					      _{ c:_{x:2,y:5},
						 w:_{id:wall197}
					       },
					      _{ c:_{x:1,y:5},
						 w:_{id:wall196}
					       },
					      _{ c:_{x:0,y:5},
						 w:_{id:wall195}
					       },
					      _{ c:_{x:5,y:4},
						 w:_{id:wall194}
					       },
					      _{ c:_{x:0,y:4},
						 w:_{id:wall193}
					       },
					      _{ c:_{x:5,y:3},
						 w:_{id:wall192}
					       },
					      _{ c:_{x:0,y:3},
						 w:_{id:wall191}
					       },
					      _{ c:_{x:5,y:2},
						 w:_{id:wall190}
					       },
					      _{ c:_{x:0,y:2},
						 w:_{id:wall189}
					       },
					      _{ c:_{x:5,y:1},
						 w:_{id:wall188}
					       },
					      _{ c:_{x:0,y:1},
						 w:_{id:wall187}
					       },
					      _{ c:_{x:5,y:0},
						 w:_{id:wall186}
					       },
					      _{ c:_{x:4,y:0},
						 w:_{id:wall185}
					       },
					      _{ c:_{x:3,y:0},
						 w:_{id:wall184}
					       },
					      _{ c:_{x:2,y:0},
						 w:_{id:wall183}
					       },
					      _{ c:_{x:1,y:0},
						 w:_{id:wall182}
					       },
					      _{ c:_{x:0,y:0},
						 w:_{id:wall181}
					       }
					    ]
				},
	      certain_fluents:_{ alive:[_{id:hunter}],
				 dir:[_{d:east,h:_{id:hunter}}],
				 fat_gold:[],
				 fat_hunter:_{ c:_{x:1,y:1},
					       h:_{id:hunter}
					     },
				 game_state:running,
				 has_arrow:[ _{ a:_{id:arrow10},
						h:_{id:hunter}
					      }
					   ],
				 has_gold:[],
				 score:0,
				 visited:[ _{ from:_{x:2,y:1},
					      to:_{x:1,y:1}
					    },
					   _{ from:_{x:3,y:1},
					      to:_{x:2,y:1}
					    },
					   _{ from:_{x:2,y:1},
					      to:_{x:3,y:1}
					    },
					   _{ from:_{x:2,y:2},
					      to:_{x:2,y:1}
					    },
					   _{ from:_{x:1,y:2},
					      to:_{x:2,y:2}
					    },
					   _{ from:_{x:1,y:3},
					      to:_{x:1,y:2}
					    },
					   _{ from:_{x:1,y:2},
					      to:_{x:1,y:3}
					    },
					   _{ from:_{x:1,y:1},
					      to:_{x:1,y:2}
					    }
					 ]
			       },
	      step:0,
	      uncertain_eternals:_{ eat_pit:[ _{ c:_{x:1,y:4},
						 p:_{id:true}
					       },
					      _{ c:_{x:2,y:3},
						 p:_{id:true}
					       },
					      _{ c:_{x:3,y:2},
						 p:_{id:true}
					       },
					      _{ c:_{x:4,y:1},
						 p:_{id:true}
					       },
					      _{ c:_{x:1,y:1},
						 p:_{id:false}
					       },
					      _{ c:_{x:2,y:1},
						 p:_{id:false}
					       },
					      _{ c:_{x:1,y:2},
						 p:_{id:false}
					       },
					      _{ c:_{x:2,y:2},
						 p:_{id:false}
					       },
					      _{ c:_{x:1,y:3},
						 p:_{id:false}
					       },
					      _{ c:_{x:3,y:1},
						 p:_{id:false}
					       }
					    ],
				    eat_wumpus:[ _{ c:_{x:1,y:1},
						    w:_{id:false}
						  },
						 _{ c:_{x:2,y:1},
						    w:_{id:false}
						  },
						 _{ c:_{x:1,y:2},
						    w:_{id:false}
						  },
						 _{ c:_{x:2,y:2},
						    w:_{id:false}
						  },
						 _{ c:_{x:1,y:3},
						    w:_{id:false}
						  },
						 _{ c:_{x:2,y:3},
						    w:_{id:false}
						  },
						 _{ c:_{x:1,y:4},
						    w:_{id:false}
						  },
						 _{ c:_{x:3,y:2},
						    w:_{id:false}
						  },
						 _{ c:_{x:3,y:1},
						    w:_{id:false}
						  },
						 _{ c:_{x:4,y:1},
						    w:_{id:false}
						  }
					       ]
				  },
	      uncertain_fluents:_{fatal:[]}
	    },
   percepts:[]
 }
La valeur de AdjSansWumpus est : [_2828{x:1,y:2},_2790{x:2,y:1}]
Cases Auth est : [_2392{x:1,y:2},_2224{x:2,y:1}]
La valeur de X est : 2
La valeur de Y est : 1
completed(40, 0.08137457000000003, 3695, 200, ok).
/*Sat Mar  9 15:28:08 2024*/ request(41, 1709994488.987, [peer(ip(127,0,0,1)),method(put),request_uri('/action'),path('/action'),http_version(1-1),host(localhost),port(8081),connection('keep-alive'),content_length(2921),sec_ch_ua('"Chromium";v="122", "Not(A:Brand";v="24", "Brave";v="122"'),sec_ch_ua_platform('"Linux"'),sec_ch_ua_mobile('?0'),user_agent('Mozilla/5.0 (X11; Linux x86_64) AppleWebKit/537.36 (KHTML, like Gecko) Chrome/122.0.0.0 Safari/537.36'),content_type('application/json'),sec_gpc('1'),origin('http://localhost:9000'),sec_fetch_site('same-site'),sec_fetch_mode(cors),sec_fetch_dest(empty),referer('http://localhost:9000/')]).
_{ beliefs:_{ certain_eternals:_{ cells:[ _{x:0,y:0},
					  _{x:1,y:0},
					  _{x:2,y:0},
					  _{x:3,y:0},
					  _{x:4,y:0},
					  _{x:5,y:0},
					  _{x:0,y:1},
					  _{x:1,y:1},
					  _{x:2,y:1},
					  _{x:3,y:1},
					  _{x:4,y:1},
					  _{x:5,y:1},
					  _{x:0,y:2},
					  _{x:1,y:2},
					  _{x:2,y:2},
					  _{x:3,y:2},
					  _{x:4,y:2},
					  _{x:5,y:2},
					  _{x:0,y:3},
					  _{x:1,y:3},
					  _{x:2,y:3},
					  _{x:3,y:3},
					  _{x:4,y:3},
					  _{x:5,y:3},
					  _{x:0,y:4},
					  _{x:1,y:4},
					  _{x:2,y:4},
					  _{x:3,y:4},
					  _{x:4,y:4},
					  _{x:5,y:4},
					  _{x:0,y:5},
					  _{x:1,y:5},
					  _{x:2,y:5},
					  _{x:3,y:5},
					  _{x:4,y:5},
					  _{x:5,y:5}
					],
				  eat_exit:_{c:_{x:1,y:1},e:_{id:exit}},
				  eat_walls:[ _{ c:_{x:5,y:5},
						 w:_{id:wall200}
					       },
					      _{ c:_{x:4,y:5},
						 w:_{id:wall199}
					       },
					      _{ c:_{x:3,y:5},
						 w:_{id:wall198}
					       },
					      _{ c:_{x:2,y:5},
						 w:_{id:wall197}
					       },
					      _{ c:_{x:1,y:5},
						 w:_{id:wall196}
					       },
					      _{ c:_{x:0,y:5},
						 w:_{id:wall195}
					       },
					      _{ c:_{x:5,y:4},
						 w:_{id:wall194}
					       },
					      _{ c:_{x:0,y:4},
						 w:_{id:wall193}
					       },
					      _{ c:_{x:5,y:3},
						 w:_{id:wall192}
					       },
					      _{ c:_{x:0,y:3},
						 w:_{id:wall191}
					       },
					      _{ c:_{x:5,y:2},
						 w:_{id:wall190}
					       },
					      _{ c:_{x:0,y:2},
						 w:_{id:wall189}
					       },
					      _{ c:_{x:5,y:1},
						 w:_{id:wall188}
					       },
					      _{ c:_{x:0,y:1},
						 w:_{id:wall187}
					       },
					      _{ c:_{x:5,y:0},
						 w:_{id:wall186}
					       },
					      _{ c:_{x:4,y:0},
						 w:_{id:wall185}
					       },
					      _{ c:_{x:3,y:0},
						 w:_{id:wall184}
					       },
					      _{ c:_{x:2,y:0},
						 w:_{id:wall183}
					       },
					      _{ c:_{x:1,y:0},
						 w:_{id:wall182}
					       },
					      _{ c:_{x:0,y:0},
						 w:_{id:wall181}
					       }
					    ]
				},
	      certain_fluents:_{ alive:[_{id:hunter}],
				 dir:[_{d:east,h:_{id:hunter}}],
				 fat_gold:[],
				 fat_hunter:_{ c:_{x:2,y:1},
					       h:_{id:hunter}
					     },
				 game_state:running,
				 has_arrow:[ _{ a:_{id:arrow10},
						h:_{id:hunter}
					      }
					   ],
				 has_gold:[],
				 score:0,
				 visited:[ _{ from:_{x:1,y:1},
					      to:_{x:2,y:1}
					    },
					   _{ from:_{x:2,y:1},
					      to:_{x:1,y:1}
					    },
					   _{ from:_{x:3,y:1},
					      to:_{x:2,y:1}
					    },
					   _{ from:_{x:2,y:1},
					      to:_{x:3,y:1}
					    },
					   _{ from:_{x:2,y:2},
					      to:_{x:2,y:1}
					    },
					   _{ from:_{x:1,y:2},
					      to:_{x:2,y:2}
					    },
					   _{ from:_{x:1,y:3},
					      to:_{x:1,y:2}
					    },
					   _{ from:_{x:1,y:2},
					      to:_{x:1,y:3}
					    },
					   _{ from:_{x:1,y:1},
					      to:_{x:1,y:2}
					    }
					 ]
			       },
	      step:0,
	      uncertain_eternals:_{ eat_pit:[ _{ c:_{x:1,y:4},
						 p:_{id:true}
					       },
					      _{ c:_{x:2,y:3},
						 p:_{id:true}
					       },
					      _{ c:_{x:3,y:2},
						 p:_{id:true}
					       },
					      _{ c:_{x:4,y:1},
						 p:_{id:true}
					       },
					      _{ c:_{x:1,y:1},
						 p:_{id:false}
					       },
					      _{ c:_{x:2,y:1},
						 p:_{id:false}
					       },
					      _{ c:_{x:1,y:2},
						 p:_{id:false}
					       },
					      _{ c:_{x:2,y:2},
						 p:_{id:false}
					       },
					      _{ c:_{x:1,y:3},
						 p:_{id:false}
					       },
					      _{ c:_{x:3,y:1},
						 p:_{id:false}
					       }
					    ],
				    eat_wumpus:[ _{ c:_{x:1,y:1},
						    w:_{id:false}
						  },
						 _{ c:_{x:2,y:1},
						    w:_{id:false}
						  },
						 _{ c:_{x:1,y:2},
						    w:_{id:false}
						  },
						 _{ c:_{x:2,y:2},
						    w:_{id:false}
						  },
						 _{ c:_{x:1,y:3},
						    w:_{id:false}
						  },
						 _{ c:_{x:2,y:3},
						    w:_{id:false}
						  },
						 _{ c:_{x:1,y:4},
						    w:_{id:false}
						  },
						 _{ c:_{x:3,y:2},
						    w:_{id:false}
						  },
						 _{ c:_{x:3,y:1},
						    w:_{id:false}
						  },
						 _{ c:_{x:4,y:1},
						    w:_{id:false}
						  }
					       ]
				  },
	      uncertain_fluents:_{fatal:[]}
	    },
   percepts:[]
 }
La valeur de AdjSansWumpus est : [_2900{x:2,y:2},_2976{x:3,y:1},_2786{x:1,y:1}]
Cases Auth est : [_2384{x:2,y:2},_2300{x:3,y:1},_2216{x:1,y:1}]
La valeur de X est : 3
La valeur de Y est : 1
completed(41, 0.07966828500000006, 3746, 200, ok).
/*Sat Mar  9 15:28:09 2024*/ request(42, 1709994489.960, [peer(ip(127,0,0,1)),method(put),request_uri('/action'),path('/action'),http_version(1-1),host(localhost),port(8081),connection('keep-alive'),content_length(2971),sec_ch_ua('"Chromium";v="122", "Not(A:Brand";v="24", "Brave";v="122"'),sec_ch_ua_platform('"Linux"'),sec_ch_ua_mobile('?0'),user_agent('Mozilla/5.0 (X11; Linux x86_64) AppleWebKit/537.36 (KHTML, like Gecko) Chrome/122.0.0.0 Safari/537.36'),content_type('application/json'),sec_gpc('1'),origin('http://localhost:9000'),sec_fetch_site('same-site'),sec_fetch_mode(cors),sec_fetch_dest(empty),referer('http://localhost:9000/')]).
_{ beliefs:_{ certain_eternals:_{ cells:[ _{x:0,y:0},
					  _{x:1,y:0},
					  _{x:2,y:0},
					  _{x:3,y:0},
					  _{x:4,y:0},
					  _{x:5,y:0},
					  _{x:0,y:1},
					  _{x:1,y:1},
					  _{x:2,y:1},
					  _{x:3,y:1},
					  _{x:4,y:1},
					  _{x:5,y:1},
					  _{x:0,y:2},
					  _{x:1,y:2},
					  _{x:2,y:2},
					  _{x:3,y:2},
					  _{x:4,y:2},
					  _{x:5,y:2},
					  _{x:0,y:3},
					  _{x:1,y:3},
					  _{x:2,y:3},
					  _{x:3,y:3},
					  _{x:4,y:3},
					  _{x:5,y:3},
					  _{x:0,y:4},
					  _{x:1,y:4},
					  _{x:2,y:4},
					  _{x:3,y:4},
					  _{x:4,y:4},
					  _{x:5,y:4},
					  _{x:0,y:5},
					  _{x:1,y:5},
					  _{x:2,y:5},
					  _{x:3,y:5},
					  _{x:4,y:5},
					  _{x:5,y:5}
					],
				  eat_exit:_{c:_{x:1,y:1},e:_{id:exit}},
				  eat_walls:[ _{ c:_{x:5,y:5},
						 w:_{id:wall200}
					       },
					      _{ c:_{x:4,y:5},
						 w:_{id:wall199}
					       },
					      _{ c:_{x:3,y:5},
						 w:_{id:wall198}
					       },
					      _{ c:_{x:2,y:5},
						 w:_{id:wall197}
					       },
					      _{ c:_{x:1,y:5},
						 w:_{id:wall196}
					       },
					      _{ c:_{x:0,y:5},
						 w:_{id:wall195}
					       },
					      _{ c:_{x:5,y:4},
						 w:_{id:wall194}
					       },
					      _{ c:_{x:0,y:4},
						 w:_{id:wall193}
					       },
					      _{ c:_{x:5,y:3},
						 w:_{id:wall192}
					       },
					      _{ c:_{x:0,y:3},
						 w:_{id:wall191}
					       },
					      _{ c:_{x:5,y:2},
						 w:_{id:wall190}
					       },
					      _{ c:_{x:0,y:2},
						 w:_{id:wall189}
					       },
					      _{ c:_{x:5,y:1},
						 w:_{id:wall188}
					       },
					      _{ c:_{x:0,y:1},
						 w:_{id:wall187}
					       },
					      _{ c:_{x:5,y:0},
						 w:_{id:wall186}
					       },
					      _{ c:_{x:4,y:0},
						 w:_{id:wall185}
					       },
					      _{ c:_{x:3,y:0},
						 w:_{id:wall184}
					       },
					      _{ c:_{x:2,y:0},
						 w:_{id:wall183}
					       },
					      _{ c:_{x:1,y:0},
						 w:_{id:wall182}
					       },
					      _{ c:_{x:0,y:0},
						 w:_{id:wall181}
					       }
					    ]
				},
	      certain_fluents:_{ alive:[_{id:hunter}],
				 dir:[_{d:east,h:_{id:hunter}}],
				 fat_gold:[],
				 fat_hunter:_{ c:_{x:3,y:1},
					       h:_{id:hunter}
					     },
				 game_state:running,
				 has_arrow:[ _{ a:_{id:arrow10},
						h:_{id:hunter}
					      }
					   ],
				 has_gold:[],
				 score:0,
				 visited:[ _{ from:_{x:2,y:1},
					      to:_{x:3,y:1}
					    },
					   _{ from:_{x:1,y:1},
					      to:_{x:2,y:1}
					    },
					   _{ from:_{x:2,y:1},
					      to:_{x:1,y:1}
					    },
					   _{ from:_{x:3,y:1},
					      to:_{x:2,y:1}
					    },
					   _{ from:_{x:2,y:1},
					      to:_{x:3,y:1}
					    },
					   _{ from:_{x:2,y:2},
					      to:_{x:2,y:1}
					    },
					   _{ from:_{x:1,y:2},
					      to:_{x:2,y:2}
					    },
					   _{ from:_{x:1,y:3},
					      to:_{x:1,y:2}
					    },
					   _{ from:_{x:1,y:2},
					      to:_{x:1,y:3}
					    },
					   _{ from:_{x:1,y:1},
					      to:_{x:1,y:2}
					    }
					 ]
			       },
	      step:0,
	      uncertain_eternals:_{ eat_pit:[ _{ c:_{x:1,y:4},
						 p:_{id:true}
					       },
					      _{ c:_{x:2,y:3},
						 p:_{id:true}
					       },
					      _{ c:_{x:3,y:2},
						 p:_{id:true}
					       },
					      _{ c:_{x:4,y:1},
						 p:_{id:true}
					       },
					      _{ c:_{x:1,y:1},
						 p:_{id:false}
					       },
					      _{ c:_{x:2,y:1},
						 p:_{id:false}
					       },
					      _{ c:_{x:1,y:2},
						 p:_{id:false}
					       },
					      _{ c:_{x:2,y:2},
						 p:_{id:false}
					       },
					      _{ c:_{x:1,y:3},
						 p:_{id:false}
					       },
					      _{ c:_{x:3,y:1},
						 p:_{id:false}
					       }
					    ],
				    eat_wumpus:[ _{ c:_{x:1,y:1},
						    w:_{id:false}
						  },
						 _{ c:_{x:2,y:1},
						    w:_{id:false}
						  },
						 _{ c:_{x:1,y:2},
						    w:_{id:false}
						  },
						 _{ c:_{x:2,y:2},
						    w:_{id:false}
						  },
						 _{ c:_{x:1,y:3},
						    w:_{id:false}
						  },
						 _{ c:_{x:2,y:3},
						    w:_{id:false}
						  },
						 _{ c:_{x:1,y:4},
						    w:_{id:false}
						  },
						 _{ c:_{x:3,y:2},
						    w:_{id:false}
						  },
						 _{ c:_{x:3,y:1},
						    w:_{id:false}
						  },
						 _{ c:_{x:4,y:1},
						    w:_{id:false}
						  }
					       ]
				  },
	      uncertain_fluents:_{fatal:[]}
	    },
   percepts:[breeze]
 }
La valeur de AdjSansWumpus est : [_2866{x:2,y:1}]
Cases Auth est : [_2216{x:2,y:1}]
La valeur de X est : 4
La valeur de Y est : 1
completed(42, 0.071157531, 3753, 200, ok).
/*Sat Mar  9 15:28:15 2024*/ request(43, 1709994495.584, [peer(ip(127,0,0,1)),method(options),request_uri('/action'),path('/action'),http_version(1-1),host(localhost),port(8081),connection('keep-alive'),access_control_request_method('PUT'),access_control_request_headers('content-type'),origin('http://localhost:9000'),user_agent('Mozilla/5.0 (X11; Linux x86_64) AppleWebKit/537.36 (KHTML, like Gecko) Chrome/122.0.0.0 Safari/537.36'),sec_fetch_mode(cors),sec_fetch_site('same-site'),sec_fetch_dest(empty),referer('http://localhost:9000/')]).
completed(43, 0.0050368760000000234, 0, 200, ok).
/*Sat Mar  9 15:28:15 2024*/ request(44, 1709994495.593, [peer(ip(127,0,0,1)),method(put),request_uri('/action'),path('/action'),http_version(1-1),host(localhost),port(8081),connection('keep-alive'),content_length(2972),sec_ch_ua('"Chromium";v="122", "Not(A:Brand";v="24", "Brave";v="122"'),sec_ch_ua_platform('"Linux"'),sec_ch_ua_mobile('?0'),user_agent('Mozilla/5.0 (X11; Linux x86_64) AppleWebKit/537.36 (KHTML, like Gecko) Chrome/122.0.0.0 Safari/537.36'),content_type('application/json'),sec_gpc('1'),origin('http://localhost:9000'),sec_fetch_site('same-site'),sec_fetch_mode(cors),sec_fetch_dest(empty),referer('http://localhost:9000/')]).
_{ beliefs:_{ certain_eternals:_{ cells:[ _{x:0,y:0},
					  _{x:1,y:0},
					  _{x:2,y:0},
					  _{x:3,y:0},
					  _{x:4,y:0},
					  _{x:5,y:0},
					  _{x:0,y:1},
					  _{x:1,y:1},
					  _{x:2,y:1},
					  _{x:3,y:1},
					  _{x:4,y:1},
					  _{x:5,y:1},
					  _{x:0,y:2},
					  _{x:1,y:2},
					  _{x:2,y:2},
					  _{x:3,y:2},
					  _{x:4,y:2},
					  _{x:5,y:2},
					  _{x:0,y:3},
					  _{x:1,y:3},
					  _{x:2,y:3},
					  _{x:3,y:3},
					  _{x:4,y:3},
					  _{x:5,y:3},
					  _{x:0,y:4},
					  _{x:1,y:4},
					  _{x:2,y:4},
					  _{x:3,y:4},
					  _{x:4,y:4},
					  _{x:5,y:4},
					  _{x:0,y:5},
					  _{x:1,y:5},
					  _{x:2,y:5},
					  _{x:3,y:5},
					  _{x:4,y:5},
					  _{x:5,y:5}
					],
				  eat_exit:_{c:_{x:1,y:1},e:_{id:exit}},
				  eat_walls:[ _{ c:_{x:5,y:5},
						 w:_{id:wall200}
					       },
					      _{ c:_{x:4,y:5},
						 w:_{id:wall199}
					       },
					      _{ c:_{x:3,y:5},
						 w:_{id:wall198}
					       },
					      _{ c:_{x:2,y:5},
						 w:_{id:wall197}
					       },
					      _{ c:_{x:1,y:5},
						 w:_{id:wall196}
					       },
					      _{ c:_{x:0,y:5},
						 w:_{id:wall195}
					       },
					      _{ c:_{x:5,y:4},
						 w:_{id:wall194}
					       },
					      _{ c:_{x:0,y:4},
						 w:_{id:wall193}
					       },
					      _{ c:_{x:5,y:3},
						 w:_{id:wall192}
					       },
					      _{ c:_{x:0,y:3},
						 w:_{id:wall191}
					       },
					      _{ c:_{x:5,y:2},
						 w:_{id:wall190}
					       },
					      _{ c:_{x:0,y:2},
						 w:_{id:wall189}
					       },
					      _{ c:_{x:5,y:1},
						 w:_{id:wall188}
					       },
					      _{ c:_{x:0,y:1},
						 w:_{id:wall187}
					       },
					      _{ c:_{x:5,y:0},
						 w:_{id:wall186}
					       },
					      _{ c:_{x:4,y:0},
						 w:_{id:wall185}
					       },
					      _{ c:_{x:3,y:0},
						 w:_{id:wall184}
					       },
					      _{ c:_{x:2,y:0},
						 w:_{id:wall183}
					       },
					      _{ c:_{x:1,y:0},
						 w:_{id:wall182}
					       },
					      _{ c:_{x:0,y:0},
						 w:_{id:wall181}
					       }
					    ]
				},
	      certain_fluents:_{ alive:[_{id:hunter}],
				 dir:[_{d:north,h:_{id:hunter}}],
				 fat_gold:[],
				 fat_hunter:_{ c:_{x:3,y:1},
					       h:_{id:hunter}
					     },
				 game_state:running,
				 has_arrow:[ _{ a:_{id:arrow10},
						h:_{id:hunter}
					      }
					   ],
				 has_gold:[],
				 score:0,
				 visited:[ _{ from:_{x:2,y:1},
					      to:_{x:3,y:1}
					    },
					   _{ from:_{x:1,y:1},
					      to:_{x:2,y:1}
					    },
					   _{ from:_{x:2,y:1},
					      to:_{x:1,y:1}
					    },
					   _{ from:_{x:3,y:1},
					      to:_{x:2,y:1}
					    },
					   _{ from:_{x:2,y:1},
					      to:_{x:3,y:1}
					    },
					   _{ from:_{x:2,y:2},
					      to:_{x:2,y:1}
					    },
					   _{ from:_{x:1,y:2},
					      to:_{x:2,y:2}
					    },
					   _{ from:_{x:1,y:3},
					      to:_{x:1,y:2}
					    },
					   _{ from:_{x:1,y:2},
					      to:_{x:1,y:3}
					    },
					   _{ from:_{x:1,y:1},
					      to:_{x:1,y:2}
					    }
					 ]
			       },
	      step:0,
	      uncertain_eternals:_{ eat_pit:[ _{ c:_{x:1,y:4},
						 p:_{id:true}
					       },
					      _{ c:_{x:2,y:3},
						 p:_{id:true}
					       },
					      _{ c:_{x:3,y:2},
						 p:_{id:true}
					       },
					      _{ c:_{x:4,y:1},
						 p:_{id:true}
					       },
					      _{ c:_{x:1,y:1},
						 p:_{id:false}
					       },
					      _{ c:_{x:2,y:1},
						 p:_{id:false}
					       },
					      _{ c:_{x:1,y:2},
						 p:_{id:false}
					       },
					      _{ c:_{x:2,y:2},
						 p:_{id:false}
					       },
					      _{ c:_{x:1,y:3},
						 p:_{id:false}
					       },
					      _{ c:_{x:3,y:1},
						 p:_{id:false}
					       }
					    ],
				    eat_wumpus:[ _{ c:_{x:1,y:1},
						    w:_{id:false}
						  },
						 _{ c:_{x:2,y:1},
						    w:_{id:false}
						  },
						 _{ c:_{x:1,y:2},
						    w:_{id:false}
						  },
						 _{ c:_{x:2,y:2},
						    w:_{id:false}
						  },
						 _{ c:_{x:1,y:3},
						    w:_{id:false}
						  },
						 _{ c:_{x:2,y:3},
						    w:_{id:false}
						  },
						 _{ c:_{x:1,y:4},
						    w:_{id:false}
						  },
						 _{ c:_{x:3,y:2},
						    w:_{id:false}
						  },
						 _{ c:_{x:3,y:1},
						    w:_{id:false}
						  },
						 _{ c:_{x:4,y:1},
						    w:_{id:false}
						  }
					       ]
				  },
	      uncertain_fluents:_{fatal:[]}
	    },
   percepts:[breeze]
 }
La valeur de AdjSansWumpus est : [_2874{x:2,y:1}]
Cases Auth est : [_2224{x:2,y:1}]
La valeur de X est : 3
La valeur de Y est : 2
completed(44, 0.09498404699999996, 3752, 200, ok).
/*Sat Mar  9 15:28:16 2024*/ request(45, 1709994496.817, [peer(ip(127,0,0,1)),method(put),request_uri('/action'),path('/action'),http_version(1-1),host(localhost),port(8081),connection('keep-alive'),content_length(2971),sec_ch_ua('"Chromium";v="122", "Not(A:Brand";v="24", "Brave";v="122"'),sec_ch_ua_platform('"Linux"'),sec_ch_ua_mobile('?0'),user_agent('Mozilla/5.0 (X11; Linux x86_64) AppleWebKit/537.36 (KHTML, like Gecko) Chrome/122.0.0.0 Safari/537.36'),content_type('application/json'),sec_gpc('1'),origin('http://localhost:9000'),sec_fetch_site('same-site'),sec_fetch_mode(cors),sec_fetch_dest(empty),referer('http://localhost:9000/')]).
_{ beliefs:_{ certain_eternals:_{ cells:[ _{x:0,y:0},
					  _{x:1,y:0},
					  _{x:2,y:0},
					  _{x:3,y:0},
					  _{x:4,y:0},
					  _{x:5,y:0},
					  _{x:0,y:1},
					  _{x:1,y:1},
					  _{x:2,y:1},
					  _{x:3,y:1},
					  _{x:4,y:1},
					  _{x:5,y:1},
					  _{x:0,y:2},
					  _{x:1,y:2},
					  _{x:2,y:2},
					  _{x:3,y:2},
					  _{x:4,y:2},
					  _{x:5,y:2},
					  _{x:0,y:3},
					  _{x:1,y:3},
					  _{x:2,y:3},
					  _{x:3,y:3},
					  _{x:4,y:3},
					  _{x:5,y:3},
					  _{x:0,y:4},
					  _{x:1,y:4},
					  _{x:2,y:4},
					  _{x:3,y:4},
					  _{x:4,y:4},
					  _{x:5,y:4},
					  _{x:0,y:5},
					  _{x:1,y:5},
					  _{x:2,y:5},
					  _{x:3,y:5},
					  _{x:4,y:5},
					  _{x:5,y:5}
					],
				  eat_exit:_{c:_{x:1,y:1},e:_{id:exit}},
				  eat_walls:[ _{ c:_{x:5,y:5},
						 w:_{id:wall200}
					       },
					      _{ c:_{x:4,y:5},
						 w:_{id:wall199}
					       },
					      _{ c:_{x:3,y:5},
						 w:_{id:wall198}
					       },
					      _{ c:_{x:2,y:5},
						 w:_{id:wall197}
					       },
					      _{ c:_{x:1,y:5},
						 w:_{id:wall196}
					       },
					      _{ c:_{x:0,y:5},
						 w:_{id:wall195}
					       },
					      _{ c:_{x:5,y:4},
						 w:_{id:wall194}
					       },
					      _{ c:_{x:0,y:4},
						 w:_{id:wall193}
					       },
					      _{ c:_{x:5,y:3},
						 w:_{id:wall192}
					       },
					      _{ c:_{x:0,y:3},
						 w:_{id:wall191}
					       },
					      _{ c:_{x:5,y:2},
						 w:_{id:wall190}
					       },
					      _{ c:_{x:0,y:2},
						 w:_{id:wall189}
					       },
					      _{ c:_{x:5,y:1},
						 w:_{id:wall188}
					       },
					      _{ c:_{x:0,y:1},
						 w:_{id:wall187}
					       },
					      _{ c:_{x:5,y:0},
						 w:_{id:wall186}
					       },
					      _{ c:_{x:4,y:0},
						 w:_{id:wall185}
					       },
					      _{ c:_{x:3,y:0},
						 w:_{id:wall184}
					       },
					      _{ c:_{x:2,y:0},
						 w:_{id:wall183}
					       },
					      _{ c:_{x:1,y:0},
						 w:_{id:wall182}
					       },
					      _{ c:_{x:0,y:0},
						 w:_{id:wall181}
					       }
					    ]
				},
	      certain_fluents:_{ alive:[_{id:hunter}],
				 dir:[_{d:west,h:_{id:hunter}}],
				 fat_gold:[],
				 fat_hunter:_{ c:_{x:3,y:1},
					       h:_{id:hunter}
					     },
				 game_state:running,
				 has_arrow:[ _{ a:_{id:arrow10},
						h:_{id:hunter}
					      }
					   ],
				 has_gold:[],
				 score:0,
				 visited:[ _{ from:_{x:2,y:1},
					      to:_{x:3,y:1}
					    },
					   _{ from:_{x:1,y:1},
					      to:_{x:2,y:1}
					    },
					   _{ from:_{x:2,y:1},
					      to:_{x:1,y:1}
					    },
					   _{ from:_{x:3,y:1},
					      to:_{x:2,y:1}
					    },
					   _{ from:_{x:2,y:1},
					      to:_{x:3,y:1}
					    },
					   _{ from:_{x:2,y:2},
					      to:_{x:2,y:1}
					    },
					   _{ from:_{x:1,y:2},
					      to:_{x:2,y:2}
					    },
					   _{ from:_{x:1,y:3},
					      to:_{x:1,y:2}
					    },
					   _{ from:_{x:1,y:2},
					      to:_{x:1,y:3}
					    },
					   _{ from:_{x:1,y:1},
					      to:_{x:1,y:2}
					    }
					 ]
			       },
	      step:0,
	      uncertain_eternals:_{ eat_pit:[ _{ c:_{x:1,y:4},
						 p:_{id:true}
					       },
					      _{ c:_{x:2,y:3},
						 p:_{id:true}
					       },
					      _{ c:_{x:3,y:2},
						 p:_{id:true}
					       },
					      _{ c:_{x:4,y:1},
						 p:_{id:true}
					       },
					      _{ c:_{x:1,y:1},
						 p:_{id:false}
					       },
					      _{ c:_{x:2,y:1},
						 p:_{id:false}
					       },
					      _{ c:_{x:1,y:2},
						 p:_{id:false}
					       },
					      _{ c:_{x:2,y:2},
						 p:_{id:false}
					       },
					      _{ c:_{x:1,y:3},
						 p:_{id:false}
					       },
					      _{ c:_{x:3,y:1},
						 p:_{id:false}
					       }
					    ],
				    eat_wumpus:[ _{ c:_{x:1,y:1},
						    w:_{id:false}
						  },
						 _{ c:_{x:2,y:1},
						    w:_{id:false}
						  },
						 _{ c:_{x:1,y:2},
						    w:_{id:false}
						  },
						 _{ c:_{x:2,y:2},
						    w:_{id:false}
						  },
						 _{ c:_{x:1,y:3},
						    w:_{id:false}
						  },
						 _{ c:_{x:2,y:3},
						    w:_{id:false}
						  },
						 _{ c:_{x:1,y:4},
						    w:_{id:false}
						  },
						 _{ c:_{x:3,y:2},
						    w:_{id:false}
						  },
						 _{ c:_{x:3,y:1},
						    w:_{id:false}
						  },
						 _{ c:_{x:4,y:1},
						    w:_{id:false}
						  }
					       ]
				  },
	      uncertain_fluents:_{fatal:[]}
	    },
   percepts:[breeze]
 }
La valeur de AdjSansWumpus est : [_2866{x:2,y:1}]
Cases Auth est : [_2216{x:2,y:1}]
La valeur de X est : 2
La valeur de Y est : 1
completed(45, 0.06093743400000001, 3806, 200, ok).
/*Sat Mar  9 15:28:18 2024*/ request(46, 1709994498.552, [peer(ip(127,0,0,1)),method(put),request_uri('/action'),path('/action'),http_version(1-1),host(localhost),port(8081),connection('keep-alive'),content_length(3005),sec_ch_ua('"Chromium";v="122", "Not(A:Brand";v="24", "Brave";v="122"'),sec_ch_ua_platform('"Linux"'),sec_ch_ua_mobile('?0'),user_agent('Mozilla/5.0 (X11; Linux x86_64) AppleWebKit/537.36 (KHTML, like Gecko) Chrome/122.0.0.0 Safari/537.36'),content_type('application/json'),sec_gpc('1'),origin('http://localhost:9000'),sec_fetch_site('same-site'),sec_fetch_mode(cors),sec_fetch_dest(empty),referer('http://localhost:9000/')]).
_{ beliefs:_{ certain_eternals:_{ cells:[ _{x:0,y:0},
					  _{x:1,y:0},
					  _{x:2,y:0},
					  _{x:3,y:0},
					  _{x:4,y:0},
					  _{x:5,y:0},
					  _{x:0,y:1},
					  _{x:1,y:1},
					  _{x:2,y:1},
					  _{x:3,y:1},
					  _{x:4,y:1},
					  _{x:5,y:1},
					  _{x:0,y:2},
					  _{x:1,y:2},
					  _{x:2,y:2},
					  _{x:3,y:2},
					  _{x:4,y:2},
					  _{x:5,y:2},
					  _{x:0,y:3},
					  _{x:1,y:3},
					  _{x:2,y:3},
					  _{x:3,y:3},
					  _{x:4,y:3},
					  _{x:5,y:3},
					  _{x:0,y:4},
					  _{x:1,y:4},
					  _{x:2,y:4},
					  _{x:3,y:4},
					  _{x:4,y:4},
					  _{x:5,y:4},
					  _{x:0,y:5},
					  _{x:1,y:5},
					  _{x:2,y:5},
					  _{x:3,y:5},
					  _{x:4,y:5},
					  _{x:5,y:5}
					],
				  eat_exit:_{c:_{x:1,y:1},e:_{id:exit}},
				  eat_walls:[ _{ c:_{x:5,y:5},
						 w:_{id:wall200}
					       },
					      _{ c:_{x:4,y:5},
						 w:_{id:wall199}
					       },
					      _{ c:_{x:3,y:5},
						 w:_{id:wall198}
					       },
					      _{ c:_{x:2,y:5},
						 w:_{id:wall197}
					       },
					      _{ c:_{x:1,y:5},
						 w:_{id:wall196}
					       },
					      _{ c:_{x:0,y:5},
						 w:_{id:wall195}
					       },
					      _{ c:_{x:5,y:4},
						 w:_{id:wall194}
					       },
					      _{ c:_{x:0,y:4},
						 w:_{id:wall193}
					       },
					      _{ c:_{x:5,y:3},
						 w:_{id:wall192}
					       },
					      _{ c:_{x:0,y:3},
						 w:_{id:wall191}
					       },
					      _{ c:_{x:5,y:2},
						 w:_{id:wall190}
					       },
					      _{ c:_{x:0,y:2},
						 w:_{id:wall189}
					       },
					      _{ c:_{x:5,y:1},
						 w:_{id:wall188}
					       },
					      _{ c:_{x:0,y:1},
						 w:_{id:wall187}
					       },
					      _{ c:_{x:5,y:0},
						 w:_{id:wall186}
					       },
					      _{ c:_{x:4,y:0},
						 w:_{id:wall185}
					       },
					      _{ c:_{x:3,y:0},
						 w:_{id:wall184}
					       },
					      _{ c:_{x:2,y:0},
						 w:_{id:wall183}
					       },
					      _{ c:_{x:1,y:0},
						 w:_{id:wall182}
					       },
					      _{ c:_{x:0,y:0},
						 w:_{id:wall181}
					       }
					    ]
				},
	      certain_fluents:_{ alive:[_{id:hunter}],
				 dir:[_{d:west,h:_{id:hunter}}],
				 fat_gold:[],
				 fat_hunter:_{ c:_{x:2,y:1},
					       h:_{id:hunter}
					     },
				 game_state:running,
				 has_arrow:[ _{ a:_{id:arrow10},
						h:_{id:hunter}
					      }
					   ],
				 has_gold:[],
				 score:0,
				 visited:[ _{ from:_{x:3,y:1},
					      to:_{x:2,y:1}
					    },
					   _{ from:_{x:2,y:1},
					      to:_{x:3,y:1}
					    },
					   _{ from:_{x:1,y:1},
					      to:_{x:2,y:1}
					    },
					   _{ from:_{x:2,y:1},
					      to:_{x:1,y:1}
					    },
					   _{ from:_{x:3,y:1},
					      to:_{x:2,y:1}
					    },
					   _{ from:_{x:2,y:1},
					      to:_{x:3,y:1}
					    },
					   _{ from:_{x:2,y:2},
					      to:_{x:2,y:1}
					    },
					   _{ from:_{x:1,y:2},
					      to:_{x:2,y:2}
					    },
					   _{ from:_{x:1,y:3},
					      to:_{x:1,y:2}
					    },
					   _{ from:_{x:1,y:2},
					      to:_{x:1,y:3}
					    },
					   _{ from:_{x:1,y:1},
					      to:_{x:1,y:2}
					    }
					 ]
			       },
	      step:0,
	      uncertain_eternals:_{ eat_pit:[ _{ c:_{x:1,y:4},
						 p:_{id:true}
					       },
					      _{ c:_{x:2,y:3},
						 p:_{id:true}
					       },
					      _{ c:_{x:3,y:2},
						 p:_{id:true}
					       },
					      _{ c:_{x:4,y:1},
						 p:_{id:true}
					       },
					      _{ c:_{x:1,y:1},
						 p:_{id:false}
					       },
					      _{ c:_{x:2,y:1},
						 p:_{id:false}
					       },
					      _{ c:_{x:1,y:2},
						 p:_{id:false}
					       },
					      _{ c:_{x:2,y:2},
						 p:_{id:false}
					       },
					      _{ c:_{x:1,y:3},
						 p:_{id:false}
					       },
					      _{ c:_{x:3,y:1},
						 p:_{id:false}
					       }
					    ],
				    eat_wumpus:[ _{ c:_{x:1,y:1},
						    w:_{id:false}
						  },
						 _{ c:_{x:2,y:1},
						    w:_{id:false}
						  },
						 _{ c:_{x:1,y:2},
						    w:_{id:false}
						  },
						 _{ c:_{x:2,y:2},
						    w:_{id:false}
						  },
						 _{ c:_{x:1,y:3},
						    w:_{id:false}
						  },
						 _{ c:_{x:2,y:3},
						    w:_{id:false}
						  },
						 _{ c:_{x:1,y:4},
						    w:_{id:false}
						  },
						 _{ c:_{x:3,y:2},
						    w:_{id:false}
						  },
						 _{ c:_{x:3,y:1},
						    w:_{id:false}
						  },
						 _{ c:_{x:4,y:1},
						    w:_{id:false}
						  }
					       ]
				  },
	      uncertain_fluents:_{fatal:[]}
	    },
   percepts:[]
 }
La valeur de AdjSansWumpus est : [_2992{x:2,y:2},_3068{x:3,y:1},_2878{x:1,y:1}]
Cases Auth est : [_2476{x:2,y:2},_2224{x:3,y:1},_2308{x:1,y:1}]
La valeur de X est : 1
La valeur de Y est : 1
completed(46, 0.06870543899999992, 3848, 200, ok).
/*Sat Mar  9 15:28:19 2024*/ request(47, 1709994499.969, [peer(ip(127,0,0,1)),method(put),request_uri('/action'),path('/action'),http_version(1-1),host(localhost),port(8081),connection('keep-alive'),content_length(3047),sec_ch_ua('"Chromium";v="122", "Not(A:Brand";v="24", "Brave";v="122"'),sec_ch_ua_platform('"Linux"'),sec_ch_ua_mobile('?0'),user_agent('Mozilla/5.0 (X11; Linux x86_64) AppleWebKit/537.36 (KHTML, like Gecko) Chrome/122.0.0.0 Safari/537.36'),content_type('application/json'),sec_gpc('1'),origin('http://localhost:9000'),sec_fetch_site('same-site'),sec_fetch_mode(cors),sec_fetch_dest(empty),referer('http://localhost:9000/')]).
_{ beliefs:_{ certain_eternals:_{ cells:[ _{x:0,y:0},
					  _{x:1,y:0},
					  _{x:2,y:0},
					  _{x:3,y:0},
					  _{x:4,y:0},
					  _{x:5,y:0},
					  _{x:0,y:1},
					  _{x:1,y:1},
					  _{x:2,y:1},
					  _{x:3,y:1},
					  _{x:4,y:1},
					  _{x:5,y:1},
					  _{x:0,y:2},
					  _{x:1,y:2},
					  _{x:2,y:2},
					  _{x:3,y:2},
					  _{x:4,y:2},
					  _{x:5,y:2},
					  _{x:0,y:3},
					  _{x:1,y:3},
					  _{x:2,y:3},
					  _{x:3,y:3},
					  _{x:4,y:3},
					  _{x:5,y:3},
					  _{x:0,y:4},
					  _{x:1,y:4},
					  _{x:2,y:4},
					  _{x:3,y:4},
					  _{x:4,y:4},
					  _{x:5,y:4},
					  _{x:0,y:5},
					  _{x:1,y:5},
					  _{x:2,y:5},
					  _{x:3,y:5},
					  _{x:4,y:5},
					  _{x:5,y:5}
					],
				  eat_exit:_{c:_{x:1,y:1},e:_{id:exit}},
				  eat_walls:[ _{ c:_{x:5,y:5},
						 w:_{id:wall200}
					       },
					      _{ c:_{x:4,y:5},
						 w:_{id:wall199}
					       },
					      _{ c:_{x:3,y:5},
						 w:_{id:wall198}
					       },
					      _{ c:_{x:2,y:5},
						 w:_{id:wall197}
					       },
					      _{ c:_{x:1,y:5},
						 w:_{id:wall196}
					       },
					      _{ c:_{x:0,y:5},
						 w:_{id:wall195}
					       },
					      _{ c:_{x:5,y:4},
						 w:_{id:wall194}
					       },
					      _{ c:_{x:0,y:4},
						 w:_{id:wall193}
					       },
					      _{ c:_{x:5,y:3},
						 w:_{id:wall192}
					       },
					      _{ c:_{x:0,y:3},
						 w:_{id:wall191}
					       },
					      _{ c:_{x:5,y:2},
						 w:_{id:wall190}
					       },
					      _{ c:_{x:0,y:2},
						 w:_{id:wall189}
					       },
					      _{ c:_{x:5,y:1},
						 w:_{id:wall188}
					       },
					      _{ c:_{x:0,y:1},
						 w:_{id:wall187}
					       },
					      _{ c:_{x:5,y:0},
						 w:_{id:wall186}
					       },
					      _{ c:_{x:4,y:0},
						 w:_{id:wall185}
					       },
					      _{ c:_{x:3,y:0},
						 w:_{id:wall184}
					       },
					      _{ c:_{x:2,y:0},
						 w:_{id:wall183}
					       },
					      _{ c:_{x:1,y:0},
						 w:_{id:wall182}
					       },
					      _{ c:_{x:0,y:0},
						 w:_{id:wall181}
					       }
					    ]
				},
	      certain_fluents:_{ alive:[_{id:hunter}],
				 dir:[_{d:west,h:_{id:hunter}}],
				 fat_gold:[],
				 fat_hunter:_{ c:_{x:1,y:1},
					       h:_{id:hunter}
					     },
				 game_state:running,
				 has_arrow:[ _{ a:_{id:arrow10},
						h:_{id:hunter}
					      }
					   ],
				 has_gold:[],
				 score:0,
				 visited:[ _{ from:_{x:2,y:1},
					      to:_{x:1,y:1}
					    },
					   _{ from:_{x:3,y:1},
					      to:_{x:2,y:1}
					    },
					   _{ from:_{x:2,y:1},
					      to:_{x:3,y:1}
					    },
					   _{ from:_{x:1,y:1},
					      to:_{x:2,y:1}
					    },
					   _{ from:_{x:2,y:1},
					      to:_{x:1,y:1}
					    },
					   _{ from:_{x:3,y:1},
					      to:_{x:2,y:1}
					    },
					   _{ from:_{x:2,y:1},
					      to:_{x:3,y:1}
					    },
					   _{ from:_{x:2,y:2},
					      to:_{x:2,y:1}
					    },
					   _{ from:_{x:1,y:2},
					      to:_{x:2,y:2}
					    },
					   _{ from:_{x:1,y:3},
					      to:_{x:1,y:2}
					    },
					   _{ from:_{x:1,y:2},
					      to:_{x:1,y:3}
					    },
					   _{ from:_{x:1,y:1},
					      to:_{x:1,y:2}
					    }
					 ]
			       },
	      step:0,
	      uncertain_eternals:_{ eat_pit:[ _{ c:_{x:1,y:4},
						 p:_{id:true}
					       },
					      _{ c:_{x:2,y:3},
						 p:_{id:true}
					       },
					      _{ c:_{x:3,y:2},
						 p:_{id:true}
					       },
					      _{ c:_{x:4,y:1},
						 p:_{id:true}
					       },
					      _{ c:_{x:1,y:1},
						 p:_{id:false}
					       },
					      _{ c:_{x:2,y:1},
						 p:_{id:false}
					       },
					      _{ c:_{x:1,y:2},
						 p:_{id:false}
					       },
					      _{ c:_{x:2,y:2},
						 p:_{id:false}
					       },
					      _{ c:_{x:1,y:3},
						 p:_{id:false}
					       },
					      _{ c:_{x:3,y:1},
						 p:_{id:false}
					       }
					    ],
				    eat_wumpus:[ _{ c:_{x:1,y:1},
						    w:_{id:false}
						  },
						 _{ c:_{x:2,y:1},
						    w:_{id:false}
						  },
						 _{ c:_{x:1,y:2},
						    w:_{id:false}
						  },
						 _{ c:_{x:2,y:2},
						    w:_{id:false}
						  },
						 _{ c:_{x:1,y:3},
						    w:_{id:false}
						  },
						 _{ c:_{x:2,y:3},
						    w:_{id:false}
						  },
						 _{ c:_{x:1,y:4},
						    w:_{id:false}
						  },
						 _{ c:_{x:3,y:2},
						    w:_{id:false}
						  },
						 _{ c:_{x:3,y:1},
						    w:_{id:false}
						  },
						 _{ c:_{x:4,y:1},
						    w:_{id:false}
						  }
					       ]
				  },
	      uncertain_fluents:_{fatal:[]}
	    },
   percepts:[]
 }
La valeur de AdjSansWumpus est : [_2988{x:1,y:2},_2950{x:2,y:1}]
Cases Auth est : [_2552{x:1,y:2},_2216{x:2,y:1}]
La valeur de X est : 0
La valeur de Y est : 1
completed(47, 0.06296481100000001, 3846, 200, ok).
/*Sat Mar  9 15:28:31 2024*/ request(48, 1709994511.098, [peer(ip(127,0,0,1)),method(options),request_uri('/action'),path('/action'),http_version(1-1),host(localhost),port(8081),connection('keep-alive'),access_control_request_method('PUT'),access_control_request_headers('content-type'),origin('http://localhost:9000'),user_agent('Mozilla/5.0 (X11; Linux x86_64) AppleWebKit/537.36 (KHTML, like Gecko) Chrome/122.0.0.0 Safari/537.36'),sec_fetch_mode(cors),sec_fetch_site('same-site'),sec_fetch_dest(empty),referer('http://localhost:9000/')]).
completed(48, 0.004473032000000043, 0, 200, ok).
/*Sat Mar  9 15:28:31 2024*/ request(49, 1709994511.106, [peer(ip(127,0,0,1)),method(put),request_uri('/action'),path('/action'),http_version(1-1),host(localhost),port(8081),connection('keep-alive'),content_length(1811),sec_ch_ua('"Chromium";v="122", "Not(A:Brand";v="24", "Brave";v="122"'),sec_ch_ua_platform('"Linux"'),sec_ch_ua_mobile('?0'),user_agent('Mozilla/5.0 (X11; Linux x86_64) AppleWebKit/537.36 (KHTML, like Gecko) Chrome/122.0.0.0 Safari/537.36'),content_type('application/json'),sec_gpc('1'),origin('http://localhost:9000'),sec_fetch_site('same-site'),sec_fetch_mode(cors),sec_fetch_dest(empty),referer('http://localhost:9000/')]).
_{ beliefs:_{ certain_eternals:_{ cells:[ _{x:0,y:0},
					  _{x:1,y:0},
					  _{x:2,y:0},
					  _{x:3,y:0},
					  _{x:4,y:0},
					  _{x:5,y:0},
					  _{x:0,y:1},
					  _{x:1,y:1},
					  _{x:2,y:1},
					  _{x:3,y:1},
					  _{x:4,y:1},
					  _{x:5,y:1},
					  _{x:0,y:2},
					  _{x:1,y:2},
					  _{x:2,y:2},
					  _{x:3,y:2},
					  _{x:4,y:2},
					  _{x:5,y:2},
					  _{x:0,y:3},
					  _{x:1,y:3},
					  _{x:2,y:3},
					  _{x:3,y:3},
					  _{x:4,y:3},
					  _{x:5,y:3},
					  _{x:0,y:4},
					  _{x:1,y:4},
					  _{x:2,y:4},
					  _{x:3,y:4},
					  _{x:4,y:4},
					  _{x:5,y:4},
					  _{x:0,y:5},
					  _{x:1,y:5},
					  _{x:2,y:5},
					  _{x:3,y:5},
					  _{x:4,y:5},
					  _{x:5,y:5}
					],
				  eat_exit:_{c:_{x:1,y:1},e:_{id:exit}},
				  eat_walls:[ _{ c:_{x:5,y:5},
						 w:_{id:wall220}
					       },
					      _{ c:_{x:4,y:5},
						 w:_{id:wall219}
					       },
					      _{ c:_{x:3,y:5},
						 w:_{id:wall218}
					       },
					      _{ c:_{x:2,y:5},
						 w:_{id:wall217}
					       },
					      _{ c:_{x:1,y:5},
						 w:_{id:wall216}
					       },
					      _{ c:_{x:0,y:5},
						 w:_{id:wall215}
					       },
					      _{ c:_{x:5,y:4},
						 w:_{id:wall214}
					       },
					      _{ c:_{x:0,y:4},
						 w:_{id:wall213}
					       },
					      _{ c:_{x:5,y:3},
						 w:_{id:wall212}
					       },
					      _{ c:_{x:0,y:3},
						 w:_{id:wall211}
					       },
					      _{ c:_{x:5,y:2},
						 w:_{id:wall210}
					       },
					      _{ c:_{x:0,y:2},
						 w:_{id:wall209}
					       },
					      _{ c:_{x:5,y:1},
						 w:_{id:wall208}
					       },
					      _{ c:_{x:0,y:1},
						 w:_{id:wall207}
					       },
					      _{ c:_{x:5,y:0},
						 w:_{id:wall206}
					       },
					      _{ c:_{x:4,y:0},
						 w:_{id:wall205}
					       },
					      _{ c:_{x:3,y:0},
						 w:_{id:wall204}
					       },
					      _{ c:_{x:2,y:0},
						 w:_{id:wall203}
					       },
					      _{ c:_{x:1,y:0},
						 w:_{id:wall202}
					       },
					      _{ c:_{x:0,y:0},
						 w:_{id:wall201}
					       }
					    ]
				},
	      certain_fluents:_{ alive:[_{id:hunter}],
				 dir:[_{d:north,h:_{id:hunter}}],
				 fat_gold:[],
				 fat_hunter:_{ c:_{x:1,y:1},
					       h:_{id:hunter}
					     },
				 game_state:running,
				 has_arrow:[ _{ a:_{id:arrow11},
						h:_{id:hunter}
					      }
					   ],
				 has_gold:[],
				 score:0,
				 visited:[]
			       },
	      step:0,
	      uncertain_eternals:_{eat_pit:[],eat_wumpus:[]},
	      uncertain_fluents:_{fatal:[]}
	    },
   percepts:[]
 }
La valeur de AdjSansWumpus est : [_14452{x:1,y:2},_14470{x:2,y:1}]
Cases Auth est : [_14452{x:1,y:2},_14470{x:2,y:1}]
La valeur de X est : 1
La valeur de Y est : 2
completed(49, 0.07379259099999996, 2658, 200, ok).
/*Sat Mar  9 15:28:32 2024*/ request(50, 1709994512.583, [peer(ip(127,0,0,1)),method(put),request_uri('/action'),path('/action'),http_version(1-1),host(localhost),port(8081),connection('keep-alive'),content_length(2072),sec_ch_ua('"Chromium";v="122", "Not(A:Brand";v="24", "Brave";v="122"'),sec_ch_ua_platform('"Linux"'),sec_ch_ua_mobile('?0'),user_agent('Mozilla/5.0 (X11; Linux x86_64) AppleWebKit/537.36 (KHTML, like Gecko) Chrome/122.0.0.0 Safari/537.36'),content_type('application/json'),sec_gpc('1'),origin('http://localhost:9000'),sec_fetch_site('same-site'),sec_fetch_mode(cors),sec_fetch_dest(empty),referer('http://localhost:9000/')]).
_{ beliefs:_{ certain_eternals:_{ cells:[ _{x:0,y:0},
					  _{x:1,y:0},
					  _{x:2,y:0},
					  _{x:3,y:0},
					  _{x:4,y:0},
					  _{x:5,y:0},
					  _{x:0,y:1},
					  _{x:1,y:1},
					  _{x:2,y:1},
					  _{x:3,y:1},
					  _{x:4,y:1},
					  _{x:5,y:1},
					  _{x:0,y:2},
					  _{x:1,y:2},
					  _{x:2,y:2},
					  _{x:3,y:2},
					  _{x:4,y:2},
					  _{x:5,y:2},
					  _{x:0,y:3},
					  _{x:1,y:3},
					  _{x:2,y:3},
					  _{x:3,y:3},
					  _{x:4,y:3},
					  _{x:5,y:3},
					  _{x:0,y:4},
					  _{x:1,y:4},
					  _{x:2,y:4},
					  _{x:3,y:4},
					  _{x:4,y:4},
					  _{x:5,y:4},
					  _{x:0,y:5},
					  _{x:1,y:5},
					  _{x:2,y:5},
					  _{x:3,y:5},
					  _{x:4,y:5},
					  _{x:5,y:5}
					],
				  eat_exit:_{c:_{x:1,y:1},e:_{id:exit}},
				  eat_walls:[ _{ c:_{x:5,y:5},
						 w:_{id:wall220}
					       },
					      _{ c:_{x:4,y:5},
						 w:_{id:wall219}
					       },
					      _{ c:_{x:3,y:5},
						 w:_{id:wall218}
					       },
					      _{ c:_{x:2,y:5},
						 w:_{id:wall217}
					       },
					      _{ c:_{x:1,y:5},
						 w:_{id:wall216}
					       },
					      _{ c:_{x:0,y:5},
						 w:_{id:wall215}
					       },
					      _{ c:_{x:5,y:4},
						 w:_{id:wall214}
					       },
					      _{ c:_{x:0,y:4},
						 w:_{id:wall213}
					       },
					      _{ c:_{x:5,y:3},
						 w:_{id:wall212}
					       },
					      _{ c:_{x:0,y:3},
						 w:_{id:wall211}
					       },
					      _{ c:_{x:5,y:2},
						 w:_{id:wall210}
					       },
					      _{ c:_{x:0,y:2},
						 w:_{id:wall209}
					       },
					      _{ c:_{x:5,y:1},
						 w:_{id:wall208}
					       },
					      _{ c:_{x:0,y:1},
						 w:_{id:wall207}
					       },
					      _{ c:_{x:5,y:0},
						 w:_{id:wall206}
					       },
					      _{ c:_{x:4,y:0},
						 w:_{id:wall205}
					       },
					      _{ c:_{x:3,y:0},
						 w:_{id:wall204}
					       },
					      _{ c:_{x:2,y:0},
						 w:_{id:wall203}
					       },
					      _{ c:_{x:1,y:0},
						 w:_{id:wall202}
					       },
					      _{ c:_{x:0,y:0},
						 w:_{id:wall201}
					       }
					    ]
				},
	      certain_fluents:_{ alive:[_{id:hunter}],
				 dir:[_{d:north,h:_{id:hunter}}],
				 fat_gold:[],
				 fat_hunter:_{ c:_{x:1,y:2},
					       h:_{id:hunter}
					     },
				 game_state:running,
				 has_arrow:[ _{ a:_{id:arrow11},
						h:_{id:hunter}
					      }
					   ],
				 has_gold:[],
				 score:0,
				 visited:[ _{ from:_{x:1,y:1},
					      to:_{x:1,y:2}
					    }
					 ]
			       },
	      step:0,
	      uncertain_eternals:_{ eat_pit:[ _{ c:_{x:1,y:1},
						 p:_{id:false}
					       },
					      _{ c:_{x:2,y:1},
						 p:_{id:false}
					       },
					      _{ c:_{x:1,y:2},
						 p:_{id:false}
					       }
					    ],
				    eat_wumpus:[ _{ c:_{x:1,y:1},
						    w:_{id:false}
						  },
						 _{ c:_{x:2,y:1},
						    w:_{id:false}
						  },
						 _{ c:_{x:1,y:2},
						    w:_{id:false}
						  }
					       ]
				  },
	      uncertain_fluents:_{fatal:[]}
	    },
   percepts:[]
 }
La valeur de AdjSansWumpus est : [_21324{x:1,y:3},_21342{x:2,y:2},_7784{x:1,y:1}]
Cases Auth est : [_21342{x:2,y:2},_21324{x:1,y:3}]
La valeur de X est : 1
La valeur de Y est : 3
completed(50, 0.05970149300000005, 2893, 200, ok).
/*Sat Mar  9 15:28:33 2024*/ request(51, 1709994513.685, [peer(ip(127,0,0,1)),method(put),request_uri('/action'),path('/action'),http_version(1-1),host(localhost),port(8081),connection('keep-alive'),content_length(2270),sec_ch_ua('"Chromium";v="122", "Not(A:Brand";v="24", "Brave";v="122"'),sec_ch_ua_platform('"Linux"'),sec_ch_ua_mobile('?0'),user_agent('Mozilla/5.0 (X11; Linux x86_64) AppleWebKit/537.36 (KHTML, like Gecko) Chrome/122.0.0.0 Safari/537.36'),content_type('application/json'),sec_gpc('1'),origin('http://localhost:9000'),sec_fetch_site('same-site'),sec_fetch_mode(cors),sec_fetch_dest(empty),referer('http://localhost:9000/')]).
_{ beliefs:_{ certain_eternals:_{ cells:[ _{x:0,y:0},
					  _{x:1,y:0},
					  _{x:2,y:0},
					  _{x:3,y:0},
					  _{x:4,y:0},
					  _{x:5,y:0},
					  _{x:0,y:1},
					  _{x:1,y:1},
					  _{x:2,y:1},
					  _{x:3,y:1},
					  _{x:4,y:1},
					  _{x:5,y:1},
					  _{x:0,y:2},
					  _{x:1,y:2},
					  _{x:2,y:2},
					  _{x:3,y:2},
					  _{x:4,y:2},
					  _{x:5,y:2},
					  _{x:0,y:3},
					  _{x:1,y:3},
					  _{x:2,y:3},
					  _{x:3,y:3},
					  _{x:4,y:3},
					  _{x:5,y:3},
					  _{x:0,y:4},
					  _{x:1,y:4},
					  _{x:2,y:4},
					  _{x:3,y:4},
					  _{x:4,y:4},
					  _{x:5,y:4},
					  _{x:0,y:5},
					  _{x:1,y:5},
					  _{x:2,y:5},
					  _{x:3,y:5},
					  _{x:4,y:5},
					  _{x:5,y:5}
					],
				  eat_exit:_{c:_{x:1,y:1},e:_{id:exit}},
				  eat_walls:[ _{ c:_{x:5,y:5},
						 w:_{id:wall220}
					       },
					      _{ c:_{x:4,y:5},
						 w:_{id:wall219}
					       },
					      _{ c:_{x:3,y:5},
						 w:_{id:wall218}
					       },
					      _{ c:_{x:2,y:5},
						 w:_{id:wall217}
					       },
					      _{ c:_{x:1,y:5},
						 w:_{id:wall216}
					       },
					      _{ c:_{x:0,y:5},
						 w:_{id:wall215}
					       },
					      _{ c:_{x:5,y:4},
						 w:_{id:wall214}
					       },
					      _{ c:_{x:0,y:4},
						 w:_{id:wall213}
					       },
					      _{ c:_{x:5,y:3},
						 w:_{id:wall212}
					       },
					      _{ c:_{x:0,y:3},
						 w:_{id:wall211}
					       },
					      _{ c:_{x:5,y:2},
						 w:_{id:wall210}
					       },
					      _{ c:_{x:0,y:2},
						 w:_{id:wall209}
					       },
					      _{ c:_{x:5,y:1},
						 w:_{id:wall208}
					       },
					      _{ c:_{x:0,y:1},
						 w:_{id:wall207}
					       },
					      _{ c:_{x:5,y:0},
						 w:_{id:wall206}
					       },
					      _{ c:_{x:4,y:0},
						 w:_{id:wall205}
					       },
					      _{ c:_{x:3,y:0},
						 w:_{id:wall204}
					       },
					      _{ c:_{x:2,y:0},
						 w:_{id:wall203}
					       },
					      _{ c:_{x:1,y:0},
						 w:_{id:wall202}
					       },
					      _{ c:_{x:0,y:0},
						 w:_{id:wall201}
					       }
					    ]
				},
	      certain_fluents:_{ alive:[_{id:hunter}],
				 dir:[_{d:north,h:_{id:hunter}}],
				 fat_gold:[],
				 fat_hunter:_{ c:_{x:1,y:3},
					       h:_{id:hunter}
					     },
				 game_state:running,
				 has_arrow:[ _{ a:_{id:arrow11},
						h:_{id:hunter}
					      }
					   ],
				 has_gold:[],
				 score:0,
				 visited:[ _{ from:_{x:1,y:2},
					      to:_{x:1,y:3}
					    },
					   _{ from:_{x:1,y:1},
					      to:_{x:1,y:2}
					    }
					 ]
			       },
	      step:0,
	      uncertain_eternals:_{ eat_pit:[ _{ c:_{x:1,y:1},
						 p:_{id:false}
					       },
					      _{ c:_{x:2,y:1},
						 p:_{id:false}
					       },
					      _{ c:_{x:1,y:2},
						 p:_{id:false}
					       },
					      _{ c:_{x:2,y:2},
						 p:_{id:false}
					       },
					      _{ c:_{x:1,y:3},
						 p:_{id:false}
					       }
					    ],
				    eat_wumpus:[ _{ c:_{x:1,y:1},
						    w:_{id:false}
						  },
						 _{ c:_{x:2,y:1},
						    w:_{id:false}
						  },
						 _{ c:_{x:1,y:2},
						    w:_{id:false}
						  },
						 _{ c:_{x:2,y:2},
						    w:_{id:false}
						  },
						 _{ c:_{x:1,y:3},
						    w:_{id:false}
						  }
					       ]
				  },
	      uncertain_fluents:_{fatal:[]}
	    },
   percepts:[stench]
 }
La valeur de AdjSansWumpus est : [_2416{x:1,y:2}]
Cases Auth est : [_2216{x:1,y:2}]
La valeur de X est : 1
La valeur de Y est : 4
completed(51, 0.050233471999999946, 3076, 200, ok).
/*Sat Mar  9 15:28:34 2024*/ request(52, 1709994514.845, [peer(ip(127,0,0,1)),method(put),request_uri('/action'),path('/action'),http_version(1-1),host(localhost),port(8081),connection('keep-alive'),content_length(2415),sec_ch_ua('"Chromium";v="122", "Not(A:Brand";v="24", "Brave";v="122"'),sec_ch_ua_platform('"Linux"'),sec_ch_ua_mobile('?0'),user_agent('Mozilla/5.0 (X11; Linux x86_64) AppleWebKit/537.36 (KHTML, like Gecko) Chrome/122.0.0.0 Safari/537.36'),content_type('application/json'),sec_gpc('1'),origin('http://localhost:9000'),sec_fetch_site('same-site'),sec_fetch_mode(cors),sec_fetch_dest(empty),referer('http://localhost:9000/')]).
_{ beliefs:_{ certain_eternals:_{ cells:[ _{x:0,y:0},
					  _{x:1,y:0},
					  _{x:2,y:0},
					  _{x:3,y:0},
					  _{x:4,y:0},
					  _{x:5,y:0},
					  _{x:0,y:1},
					  _{x:1,y:1},
					  _{x:2,y:1},
					  _{x:3,y:1},
					  _{x:4,y:1},
					  _{x:5,y:1},
					  _{x:0,y:2},
					  _{x:1,y:2},
					  _{x:2,y:2},
					  _{x:3,y:2},
					  _{x:4,y:2},
					  _{x:5,y:2},
					  _{x:0,y:3},
					  _{x:1,y:3},
					  _{x:2,y:3},
					  _{x:3,y:3},
					  _{x:4,y:3},
					  _{x:5,y:3},
					  _{x:0,y:4},
					  _{x:1,y:4},
					  _{x:2,y:4},
					  _{x:3,y:4},
					  _{x:4,y:4},
					  _{x:5,y:4},
					  _{x:0,y:5},
					  _{x:1,y:5},
					  _{x:2,y:5},
					  _{x:3,y:5},
					  _{x:4,y:5},
					  _{x:5,y:5}
					],
				  eat_exit:_{c:_{x:1,y:1},e:_{id:exit}},
				  eat_walls:[ _{ c:_{x:5,y:5},
						 w:_{id:wall220}
					       },
					      _{ c:_{x:4,y:5},
						 w:_{id:wall219}
					       },
					      _{ c:_{x:3,y:5},
						 w:_{id:wall218}
					       },
					      _{ c:_{x:2,y:5},
						 w:_{id:wall217}
					       },
					      _{ c:_{x:1,y:5},
						 w:_{id:wall216}
					       },
					      _{ c:_{x:0,y:5},
						 w:_{id:wall215}
					       },
					      _{ c:_{x:5,y:4},
						 w:_{id:wall214}
					       },
					      _{ c:_{x:0,y:4},
						 w:_{id:wall213}
					       },
					      _{ c:_{x:5,y:3},
						 w:_{id:wall212}
					       },
					      _{ c:_{x:0,y:3},
						 w:_{id:wall211}
					       },
					      _{ c:_{x:5,y:2},
						 w:_{id:wall210}
					       },
					      _{ c:_{x:0,y:2},
						 w:_{id:wall209}
					       },
					      _{ c:_{x:5,y:1},
						 w:_{id:wall208}
					       },
					      _{ c:_{x:0,y:1},
						 w:_{id:wall207}
					       },
					      _{ c:_{x:5,y:0},
						 w:_{id:wall206}
					       },
					      _{ c:_{x:4,y:0},
						 w:_{id:wall205}
					       },
					      _{ c:_{x:3,y:0},
						 w:_{id:wall204}
					       },
					      _{ c:_{x:2,y:0},
						 w:_{id:wall203}
					       },
					      _{ c:_{x:1,y:0},
						 w:_{id:wall202}
					       },
					      _{ c:_{x:0,y:0},
						 w:_{id:wall201}
					       }
					    ]
				},
	      certain_fluents:_{ alive:[_{id:hunter}],
				 dir:[_{d:west,h:_{id:hunter}}],
				 fat_gold:[],
				 fat_hunter:_{ c:_{x:1,y:3},
					       h:_{id:hunter}
					     },
				 game_state:running,
				 has_arrow:[ _{ a:_{id:arrow11},
						h:_{id:hunter}
					      }
					   ],
				 has_gold:[],
				 score:0,
				 visited:[ _{ from:_{x:1,y:2},
					      to:_{x:1,y:3}
					    },
					   _{ from:_{x:1,y:1},
					      to:_{x:1,y:2}
					    }
					 ]
			       },
	      step:0,
	      uncertain_eternals:_{ eat_pit:[ _{ c:_{x:1,y:1},
						 p:_{id:false}
					       },
					      _{ c:_{x:2,y:1},
						 p:_{id:false}
					       },
					      _{ c:_{x:1,y:2},
						 p:_{id:false}
					       },
					      _{ c:_{x:2,y:2},
						 p:_{id:false}
					       },
					      _{ c:_{x:1,y:3},
						 p:_{id:false}
					       },
					      _{ c:_{x:2,y:3},
						 p:_{id:false}
					       },
					      _{ c:_{x:1,y:4},
						 p:_{id:false}
					       }
					    ],
				    eat_wumpus:[ _{ c:_{x:1,y:4},
						    w:_{id:true}
						  },
						 _{ c:_{x:2,y:3},
						    w:_{id:true}
						  },
						 _{ c:_{x:1,y:1},
						    w:_{id:false}
						  },
						 _{ c:_{x:2,y:1},
						    w:_{id:false}
						  },
						 _{ c:_{x:1,y:2},
						    w:_{id:false}
						  },
						 _{ c:_{x:2,y:2},
						    w:_{id:false}
						  },
						 _{ c:_{x:1,y:3},
						    w:_{id:false}
						  }
					       ]
				  },
	      uncertain_fluents:_{fatal:[]}
	    },
   percepts:[stench]
 }
La valeur de AdjSansWumpus est : [_2416{x:1,y:2}]
Cases Auth est : [_2216{x:1,y:2}]
La valeur de X est : 0
La valeur de Y est : 3
completed(52, 0.07201663000000003, 3077, 200, ok).
/*Sat Mar  9 15:28:35 2024*/ request(53, 1709994515.948, [peer(ip(127,0,0,1)),method(put),request_uri('/action'),path('/action'),http_version(1-1),host(localhost),port(8081),connection('keep-alive'),content_length(2416),sec_ch_ua('"Chromium";v="122", "Not(A:Brand";v="24", "Brave";v="122"'),sec_ch_ua_platform('"Linux"'),sec_ch_ua_mobile('?0'),user_agent('Mozilla/5.0 (X11; Linux x86_64) AppleWebKit/537.36 (KHTML, like Gecko) Chrome/122.0.0.0 Safari/537.36'),content_type('application/json'),sec_gpc('1'),origin('http://localhost:9000'),sec_fetch_site('same-site'),sec_fetch_mode(cors),sec_fetch_dest(empty),referer('http://localhost:9000/')]).
_{ beliefs:_{ certain_eternals:_{ cells:[ _{x:0,y:0},
					  _{x:1,y:0},
					  _{x:2,y:0},
					  _{x:3,y:0},
					  _{x:4,y:0},
					  _{x:5,y:0},
					  _{x:0,y:1},
					  _{x:1,y:1},
					  _{x:2,y:1},
					  _{x:3,y:1},
					  _{x:4,y:1},
					  _{x:5,y:1},
					  _{x:0,y:2},
					  _{x:1,y:2},
					  _{x:2,y:2},
					  _{x:3,y:2},
					  _{x:4,y:2},
					  _{x:5,y:2},
					  _{x:0,y:3},
					  _{x:1,y:3},
					  _{x:2,y:3},
					  _{x:3,y:3},
					  _{x:4,y:3},
					  _{x:5,y:3},
					  _{x:0,y:4},
					  _{x:1,y:4},
					  _{x:2,y:4},
					  _{x:3,y:4},
					  _{x:4,y:4},
					  _{x:5,y:4},
					  _{x:0,y:5},
					  _{x:1,y:5},
					  _{x:2,y:5},
					  _{x:3,y:5},
					  _{x:4,y:5},
					  _{x:5,y:5}
					],
				  eat_exit:_{c:_{x:1,y:1},e:_{id:exit}},
				  eat_walls:[ _{ c:_{x:5,y:5},
						 w:_{id:wall220}
					       },
					      _{ c:_{x:4,y:5},
						 w:_{id:wall219}
					       },
					      _{ c:_{x:3,y:5},
						 w:_{id:wall218}
					       },
					      _{ c:_{x:2,y:5},
						 w:_{id:wall217}
					       },
					      _{ c:_{x:1,y:5},
						 w:_{id:wall216}
					       },
					      _{ c:_{x:0,y:5},
						 w:_{id:wall215}
					       },
					      _{ c:_{x:5,y:4},
						 w:_{id:wall214}
					       },
					      _{ c:_{x:0,y:4},
						 w:_{id:wall213}
					       },
					      _{ c:_{x:5,y:3},
						 w:_{id:wall212}
					       },
					      _{ c:_{x:0,y:3},
						 w:_{id:wall211}
					       },
					      _{ c:_{x:5,y:2},
						 w:_{id:wall210}
					       },
					      _{ c:_{x:0,y:2},
						 w:_{id:wall209}
					       },
					      _{ c:_{x:5,y:1},
						 w:_{id:wall208}
					       },
					      _{ c:_{x:0,y:1},
						 w:_{id:wall207}
					       },
					      _{ c:_{x:5,y:0},
						 w:_{id:wall206}
					       },
					      _{ c:_{x:4,y:0},
						 w:_{id:wall205}
					       },
					      _{ c:_{x:3,y:0},
						 w:_{id:wall204}
					       },
					      _{ c:_{x:2,y:0},
						 w:_{id:wall203}
					       },
					      _{ c:_{x:1,y:0},
						 w:_{id:wall202}
					       },
					      _{ c:_{x:0,y:0},
						 w:_{id:wall201}
					       }
					    ]
				},
	      certain_fluents:_{ alive:[_{id:hunter}],
				 dir:[_{d:south,h:_{id:hunter}}],
				 fat_gold:[],
				 fat_hunter:_{ c:_{x:1,y:3},
					       h:_{id:hunter}
					     },
				 game_state:running,
				 has_arrow:[ _{ a:_{id:arrow11},
						h:_{id:hunter}
					      }
					   ],
				 has_gold:[],
				 score:0,
				 visited:[ _{ from:_{x:1,y:2},
					      to:_{x:1,y:3}
					    },
					   _{ from:_{x:1,y:1},
					      to:_{x:1,y:2}
					    }
					 ]
			       },
	      step:0,
	      uncertain_eternals:_{ eat_pit:[ _{ c:_{x:1,y:1},
						 p:_{id:false}
					       },
					      _{ c:_{x:2,y:1},
						 p:_{id:false}
					       },
					      _{ c:_{x:1,y:2},
						 p:_{id:false}
					       },
					      _{ c:_{x:2,y:2},
						 p:_{id:false}
					       },
					      _{ c:_{x:1,y:3},
						 p:_{id:false}
					       },
					      _{ c:_{x:2,y:3},
						 p:_{id:false}
					       },
					      _{ c:_{x:1,y:4},
						 p:_{id:false}
					       }
					    ],
				    eat_wumpus:[ _{ c:_{x:1,y:4},
						    w:_{id:true}
						  },
						 _{ c:_{x:2,y:3},
						    w:_{id:true}
						  },
						 _{ c:_{x:1,y:1},
						    w:_{id:false}
						  },
						 _{ c:_{x:2,y:1},
						    w:_{id:false}
						  },
						 _{ c:_{x:1,y:2},
						    w:_{id:false}
						  },
						 _{ c:_{x:2,y:2},
						    w:_{id:false}
						  },
						 _{ c:_{x:1,y:3},
						    w:_{id:false}
						  }
					       ]
				  },
	      uncertain_fluents:_{fatal:[]}
	    },
   percepts:[stench]
 }
La valeur de AdjSansWumpus est : [_2416{x:1,y:2}]
Cases Auth est : [_2216{x:1,y:2}]
La valeur de X est : 1
La valeur de Y est : 2
completed(53, 0.056791009999999975, 3131, 200, ok).
/*Sat Mar  9 15:28:37 2024*/ request(54, 1709994517.186, [peer(ip(127,0,0,1)),method(options),request_uri('/action'),path('/action'),http_version(1-1),host(localhost),port(8081),connection('keep-alive'),access_control_request_method('PUT'),access_control_request_headers('content-type'),origin('http://localhost:9000'),user_agent('Mozilla/5.0 (X11; Linux x86_64) AppleWebKit/537.36 (KHTML, like Gecko) Chrome/122.0.0.0 Safari/537.36'),sec_fetch_mode(cors),sec_fetch_site('same-site'),sec_fetch_dest(empty),referer('http://localhost:9000/')]).
completed(54, 0.004640503000000018, 0, 200, ok).
/*Sat Mar  9 15:28:37 2024*/ request(55, 1709994517.194, [peer(ip(127,0,0,1)),method(put),request_uri('/action'),path('/action'),http_version(1-1),host(localhost),port(8081),connection('keep-alive'),content_length(2450),sec_ch_ua('"Chromium";v="122", "Not(A:Brand";v="24", "Brave";v="122"'),sec_ch_ua_platform('"Linux"'),sec_ch_ua_mobile('?0'),user_agent('Mozilla/5.0 (X11; Linux x86_64) AppleWebKit/537.36 (KHTML, like Gecko) Chrome/122.0.0.0 Safari/537.36'),content_type('application/json'),sec_gpc('1'),origin('http://localhost:9000'),sec_fetch_site('same-site'),sec_fetch_mode(cors),sec_fetch_dest(empty),referer('http://localhost:9000/')]).
_{ beliefs:_{ certain_eternals:_{ cells:[ _{x:0,y:0},
					  _{x:1,y:0},
					  _{x:2,y:0},
					  _{x:3,y:0},
					  _{x:4,y:0},
					  _{x:5,y:0},
					  _{x:0,y:1},
					  _{x:1,y:1},
					  _{x:2,y:1},
					  _{x:3,y:1},
					  _{x:4,y:1},
					  _{x:5,y:1},
					  _{x:0,y:2},
					  _{x:1,y:2},
					  _{x:2,y:2},
					  _{x:3,y:2},
					  _{x:4,y:2},
					  _{x:5,y:2},
					  _{x:0,y:3},
					  _{x:1,y:3},
					  _{x:2,y:3},
					  _{x:3,y:3},
					  _{x:4,y:3},
					  _{x:5,y:3},
					  _{x:0,y:4},
					  _{x:1,y:4},
					  _{x:2,y:4},
					  _{x:3,y:4},
					  _{x:4,y:4},
					  _{x:5,y:4},
					  _{x:0,y:5},
					  _{x:1,y:5},
					  _{x:2,y:5},
					  _{x:3,y:5},
					  _{x:4,y:5},
					  _{x:5,y:5}
					],
				  eat_exit:_{c:_{x:1,y:1},e:_{id:exit}},
				  eat_walls:[ _{ c:_{x:5,y:5},
						 w:_{id:wall220}
					       },
					      _{ c:_{x:4,y:5},
						 w:_{id:wall219}
					       },
					      _{ c:_{x:3,y:5},
						 w:_{id:wall218}
					       },
					      _{ c:_{x:2,y:5},
						 w:_{id:wall217}
					       },
					      _{ c:_{x:1,y:5},
						 w:_{id:wall216}
					       },
					      _{ c:_{x:0,y:5},
						 w:_{id:wall215}
					       },
					      _{ c:_{x:5,y:4},
						 w:_{id:wall214}
					       },
					      _{ c:_{x:0,y:4},
						 w:_{id:wall213}
					       },
					      _{ c:_{x:5,y:3},
						 w:_{id:wall212}
					       },
					      _{ c:_{x:0,y:3},
						 w:_{id:wall211}
					       },
					      _{ c:_{x:5,y:2},
						 w:_{id:wall210}
					       },
					      _{ c:_{x:0,y:2},
						 w:_{id:wall209}
					       },
					      _{ c:_{x:5,y:1},
						 w:_{id:wall208}
					       },
					      _{ c:_{x:0,y:1},
						 w:_{id:wall207}
					       },
					      _{ c:_{x:5,y:0},
						 w:_{id:wall206}
					       },
					      _{ c:_{x:4,y:0},
						 w:_{id:wall205}
					       },
					      _{ c:_{x:3,y:0},
						 w:_{id:wall204}
					       },
					      _{ c:_{x:2,y:0},
						 w:_{id:wall203}
					       },
					      _{ c:_{x:1,y:0},
						 w:_{id:wall202}
					       },
					      _{ c:_{x:0,y:0},
						 w:_{id:wall201}
					       }
					    ]
				},
	      certain_fluents:_{ alive:[_{id:hunter}],
				 dir:[_{d:south,h:_{id:hunter}}],
				 fat_gold:[],
				 fat_hunter:_{ c:_{x:1,y:2},
					       h:_{id:hunter}
					     },
				 game_state:running,
				 has_arrow:[ _{ a:_{id:arrow11},
						h:_{id:hunter}
					      }
					   ],
				 has_gold:[],
				 score:0,
				 visited:[ _{ from:_{x:1,y:3},
					      to:_{x:1,y:2}
					    },
					   _{ from:_{x:1,y:2},
					      to:_{x:1,y:3}
					    },
					   _{ from:_{x:1,y:1},
					      to:_{x:1,y:2}
					    }
					 ]
			       },
	      step:0,
	      uncertain_eternals:_{ eat_pit:[ _{ c:_{x:1,y:1},
						 p:_{id:false}
					       },
					      _{ c:_{x:2,y:1},
						 p:_{id:false}
					       },
					      _{ c:_{x:1,y:2},
						 p:_{id:false}
					       },
					      _{ c:_{x:2,y:2},
						 p:_{id:false}
					       },
					      _{ c:_{x:1,y:3},
						 p:_{id:false}
					       },
					      _{ c:_{x:2,y:3},
						 p:_{id:false}
					       },
					      _{ c:_{x:1,y:4},
						 p:_{id:false}
					       }
					    ],
				    eat_wumpus:[ _{ c:_{x:1,y:4},
						    w:_{id:true}
						  },
						 _{ c:_{x:2,y:3},
						    w:_{id:true}
						  },
						 _{ c:_{x:1,y:1},
						    w:_{id:false}
						  },
						 _{ c:_{x:2,y:1},
						    w:_{id:false}
						  },
						 _{ c:_{x:1,y:2},
						    w:_{id:false}
						  },
						 _{ c:_{x:2,y:2},
						    w:_{id:false}
						  },
						 _{ c:_{x:1,y:3},
						    w:_{id:false}
						  }
					       ]
				  },
	      uncertain_fluents:_{fatal:[]}
	    },
   percepts:[]
 }
La valeur de AdjSansWumpus est : [_2534{x:1,y:3},_2496{x:2,y:2},_2382{x:1,y:1}]
Cases Auth est : [_2496{x:2,y:2}]
La valeur de X est : 1
La valeur de Y est : 1
completed(55, 0.06301978499999994, 3118, 200, ok).
/*Sat Mar  9 15:28:38 2024*/ request(56, 1709994518.485, [peer(ip(127,0,0,1)),method(put),request_uri('/action'),path('/action'),http_version(1-1),host(localhost),port(8081),connection('keep-alive'),content_length(2449),sec_ch_ua('"Chromium";v="122", "Not(A:Brand";v="24", "Brave";v="122"'),sec_ch_ua_platform('"Linux"'),sec_ch_ua_mobile('?0'),user_agent('Mozilla/5.0 (X11; Linux x86_64) AppleWebKit/537.36 (KHTML, like Gecko) Chrome/122.0.0.0 Safari/537.36'),content_type('application/json'),sec_gpc('1'),origin('http://localhost:9000'),sec_fetch_site('same-site'),sec_fetch_mode(cors),sec_fetch_dest(empty),referer('http://localhost:9000/')]).
_{ beliefs:_{ certain_eternals:_{ cells:[ _{x:0,y:0},
					  _{x:1,y:0},
					  _{x:2,y:0},
					  _{x:3,y:0},
					  _{x:4,y:0},
					  _{x:5,y:0},
					  _{x:0,y:1},
					  _{x:1,y:1},
					  _{x:2,y:1},
					  _{x:3,y:1},
					  _{x:4,y:1},
					  _{x:5,y:1},
					  _{x:0,y:2},
					  _{x:1,y:2},
					  _{x:2,y:2},
					  _{x:3,y:2},
					  _{x:4,y:2},
					  _{x:5,y:2},
					  _{x:0,y:3},
					  _{x:1,y:3},
					  _{x:2,y:3},
					  _{x:3,y:3},
					  _{x:4,y:3},
					  _{x:5,y:3},
					  _{x:0,y:4},
					  _{x:1,y:4},
					  _{x:2,y:4},
					  _{x:3,y:4},
					  _{x:4,y:4},
					  _{x:5,y:4},
					  _{x:0,y:5},
					  _{x:1,y:5},
					  _{x:2,y:5},
					  _{x:3,y:5},
					  _{x:4,y:5},
					  _{x:5,y:5}
					],
				  eat_exit:_{c:_{x:1,y:1},e:_{id:exit}},
				  eat_walls:[ _{ c:_{x:5,y:5},
						 w:_{id:wall220}
					       },
					      _{ c:_{x:4,y:5},
						 w:_{id:wall219}
					       },
					      _{ c:_{x:3,y:5},
						 w:_{id:wall218}
					       },
					      _{ c:_{x:2,y:5},
						 w:_{id:wall217}
					       },
					      _{ c:_{x:1,y:5},
						 w:_{id:wall216}
					       },
					      _{ c:_{x:0,y:5},
						 w:_{id:wall215}
					       },
					      _{ c:_{x:5,y:4},
						 w:_{id:wall214}
					       },
					      _{ c:_{x:0,y:4},
						 w:_{id:wall213}
					       },
					      _{ c:_{x:5,y:3},
						 w:_{id:wall212}
					       },
					      _{ c:_{x:0,y:3},
						 w:_{id:wall211}
					       },
					      _{ c:_{x:5,y:2},
						 w:_{id:wall210}
					       },
					      _{ c:_{x:0,y:2},
						 w:_{id:wall209}
					       },
					      _{ c:_{x:5,y:1},
						 w:_{id:wall208}
					       },
					      _{ c:_{x:0,y:1},
						 w:_{id:wall207}
					       },
					      _{ c:_{x:5,y:0},
						 w:_{id:wall206}
					       },
					      _{ c:_{x:4,y:0},
						 w:_{id:wall205}
					       },
					      _{ c:_{x:3,y:0},
						 w:_{id:wall204}
					       },
					      _{ c:_{x:2,y:0},
						 w:_{id:wall203}
					       },
					      _{ c:_{x:1,y:0},
						 w:_{id:wall202}
					       },
					      _{ c:_{x:0,y:0},
						 w:_{id:wall201}
					       }
					    ]
				},
	      certain_fluents:_{ alive:[_{id:hunter}],
				 dir:[_{d:east,h:_{id:hunter}}],
				 fat_gold:[],
				 fat_hunter:_{ c:_{x:1,y:2},
					       h:_{id:hunter}
					     },
				 game_state:running,
				 has_arrow:[ _{ a:_{id:arrow11},
						h:_{id:hunter}
					      }
					   ],
				 has_gold:[],
				 score:0,
				 visited:[ _{ from:_{x:1,y:3},
					      to:_{x:1,y:2}
					    },
					   _{ from:_{x:1,y:2},
					      to:_{x:1,y:3}
					    },
					   _{ from:_{x:1,y:1},
					      to:_{x:1,y:2}
					    }
					 ]
			       },
	      step:0,
	      uncertain_eternals:_{ eat_pit:[ _{ c:_{x:1,y:1},
						 p:_{id:false}
					       },
					      _{ c:_{x:2,y:1},
						 p:_{id:false}
					       },
					      _{ c:_{x:1,y:2},
						 p:_{id:false}
					       },
					      _{ c:_{x:2,y:2},
						 p:_{id:false}
					       },
					      _{ c:_{x:1,y:3},
						 p:_{id:false}
					       },
					      _{ c:_{x:2,y:3},
						 p:_{id:false}
					       },
					      _{ c:_{x:1,y:4},
						 p:_{id:false}
					       }
					    ],
				    eat_wumpus:[ _{ c:_{x:1,y:4},
						    w:_{id:true}
						  },
						 _{ c:_{x:2,y:3},
						    w:_{id:true}
						  },
						 _{ c:_{x:1,y:1},
						    w:_{id:false}
						  },
						 _{ c:_{x:2,y:1},
						    w:_{id:false}
						  },
						 _{ c:_{x:1,y:2},
						    w:_{id:false}
						  },
						 _{ c:_{x:2,y:2},
						    w:_{id:false}
						  },
						 _{ c:_{x:1,y:3},
						    w:_{id:false}
						  }
					       ]
				  },
	      uncertain_fluents:_{fatal:[]}
	    },
   percepts:[]
 }
La valeur de AdjSansWumpus est : [_2542{x:1,y:3},_2504{x:2,y:2},_2390{x:1,y:1}]
Cases Auth est : [_2504{x:2,y:2}]
La valeur de X est : 2
La valeur de Y est : 2
completed(56, 0.06693266800000008, 3172, 200, ok).
/*Sat Mar  9 15:28:40 2024*/ request(57, 1709994520.711, [peer(ip(127,0,0,1)),method(put),request_uri('/action'),path('/action'),http_version(1-1),host(localhost),port(8081),connection('keep-alive'),content_length(2491),sec_ch_ua('"Chromium";v="122", "Not(A:Brand";v="24", "Brave";v="122"'),sec_ch_ua_platform('"Linux"'),sec_ch_ua_mobile('?0'),user_agent('Mozilla/5.0 (X11; Linux x86_64) AppleWebKit/537.36 (KHTML, like Gecko) Chrome/122.0.0.0 Safari/537.36'),content_type('application/json'),sec_gpc('1'),origin('http://localhost:9000'),sec_fetch_site('same-site'),sec_fetch_mode(cors),sec_fetch_dest(empty),referer('http://localhost:9000/')]).
_{ beliefs:_{ certain_eternals:_{ cells:[ _{x:0,y:0},
					  _{x:1,y:0},
					  _{x:2,y:0},
					  _{x:3,y:0},
					  _{x:4,y:0},
					  _{x:5,y:0},
					  _{x:0,y:1},
					  _{x:1,y:1},
					  _{x:2,y:1},
					  _{x:3,y:1},
					  _{x:4,y:1},
					  _{x:5,y:1},
					  _{x:0,y:2},
					  _{x:1,y:2},
					  _{x:2,y:2},
					  _{x:3,y:2},
					  _{x:4,y:2},
					  _{x:5,y:2},
					  _{x:0,y:3},
					  _{x:1,y:3},
					  _{x:2,y:3},
					  _{x:3,y:3},
					  _{x:4,y:3},
					  _{x:5,y:3},
					  _{x:0,y:4},
					  _{x:1,y:4},
					  _{x:2,y:4},
					  _{x:3,y:4},
					  _{x:4,y:4},
					  _{x:5,y:4},
					  _{x:0,y:5},
					  _{x:1,y:5},
					  _{x:2,y:5},
					  _{x:3,y:5},
					  _{x:4,y:5},
					  _{x:5,y:5}
					],
				  eat_exit:_{c:_{x:1,y:1},e:_{id:exit}},
				  eat_walls:[ _{ c:_{x:5,y:5},
						 w:_{id:wall220}
					       },
					      _{ c:_{x:4,y:5},
						 w:_{id:wall219}
					       },
					      _{ c:_{x:3,y:5},
						 w:_{id:wall218}
					       },
					      _{ c:_{x:2,y:5},
						 w:_{id:wall217}
					       },
					      _{ c:_{x:1,y:5},
						 w:_{id:wall216}
					       },
					      _{ c:_{x:0,y:5},
						 w:_{id:wall215}
					       },
					      _{ c:_{x:5,y:4},
						 w:_{id:wall214}
					       },
					      _{ c:_{x:0,y:4},
						 w:_{id:wall213}
					       },
					      _{ c:_{x:5,y:3},
						 w:_{id:wall212}
					       },
					      _{ c:_{x:0,y:3},
						 w:_{id:wall211}
					       },
					      _{ c:_{x:5,y:2},
						 w:_{id:wall210}
					       },
					      _{ c:_{x:0,y:2},
						 w:_{id:wall209}
					       },
					      _{ c:_{x:5,y:1},
						 w:_{id:wall208}
					       },
					      _{ c:_{x:0,y:1},
						 w:_{id:wall207}
					       },
					      _{ c:_{x:5,y:0},
						 w:_{id:wall206}
					       },
					      _{ c:_{x:4,y:0},
						 w:_{id:wall205}
					       },
					      _{ c:_{x:3,y:0},
						 w:_{id:wall204}
					       },
					      _{ c:_{x:2,y:0},
						 w:_{id:wall203}
					       },
					      _{ c:_{x:1,y:0},
						 w:_{id:wall202}
					       },
					      _{ c:_{x:0,y:0},
						 w:_{id:wall201}
					       }
					    ]
				},
	      certain_fluents:_{ alive:[_{id:hunter}],
				 dir:[_{d:east,h:_{id:hunter}}],
				 fat_gold:[],
				 fat_hunter:_{ c:_{x:2,y:2},
					       h:_{id:hunter}
					     },
				 game_state:running,
				 has_arrow:[ _{ a:_{id:arrow11},
						h:_{id:hunter}
					      }
					   ],
				 has_gold:[],
				 score:0,
				 visited:[ _{ from:_{x:1,y:2},
					      to:_{x:2,y:2}
					    },
					   _{ from:_{x:1,y:3},
					      to:_{x:1,y:2}
					    },
					   _{ from:_{x:1,y:2},
					      to:_{x:1,y:3}
					    },
					   _{ from:_{x:1,y:1},
					      to:_{x:1,y:2}
					    }
					 ]
			       },
	      step:0,
	      uncertain_eternals:_{ eat_pit:[ _{ c:_{x:1,y:1},
						 p:_{id:false}
					       },
					      _{ c:_{x:2,y:1},
						 p:_{id:false}
					       },
					      _{ c:_{x:1,y:2},
						 p:_{id:false}
					       },
					      _{ c:_{x:2,y:2},
						 p:_{id:false}
					       },
					      _{ c:_{x:1,y:3},
						 p:_{id:false}
					       },
					      _{ c:_{x:2,y:3},
						 p:_{id:false}
					       },
					      _{ c:_{x:1,y:4},
						 p:_{id:false}
					       }
					    ],
				    eat_wumpus:[ _{ c:_{x:1,y:4},
						    w:_{id:true}
						  },
						 _{ c:_{x:2,y:3},
						    w:_{id:true}
						  },
						 _{ c:_{x:1,y:1},
						    w:_{id:false}
						  },
						 _{ c:_{x:2,y:1},
						    w:_{id:false}
						  },
						 _{ c:_{x:1,y:2},
						    w:_{id:false}
						  },
						 _{ c:_{x:2,y:2},
						    w:_{id:false}
						  },
						 _{ c:_{x:1,y:3},
						    w:_{id:false}
						  }
					       ]
				  },
	      uncertain_fluents:_{fatal:[]}
	    },
   percepts:[]
 }
La valeur de AdjSansWumpus est : [_2624{x:2,y:3},_13714{x:3,y:2},_2510{x:1,y:2},_2472{x:2,y:1}]
Cases Auth est : [_2472{x:2,y:1},_13714{x:3,y:2},_2624{x:2,y:3}]
La valeur de X est : 3
La valeur de Y est : 2
completed(57, 0.07281024400000002, 3314, 200, ok).
/*Sat Mar  9 15:28:42 2024*/ request(58, 1709994522.016, [peer(ip(127,0,0,1)),method(put),request_uri('/action'),path('/action'),http_version(1-1),host(localhost),port(8081),connection('keep-alive'),content_length(2616),sec_ch_ua('"Chromium";v="122", "Not(A:Brand";v="24", "Brave";v="122"'),sec_ch_ua_platform('"Linux"'),sec_ch_ua_mobile('?0'),user_agent('Mozilla/5.0 (X11; Linux x86_64) AppleWebKit/537.36 (KHTML, like Gecko) Chrome/122.0.0.0 Safari/537.36'),content_type('application/json'),sec_gpc('1'),origin('http://localhost:9000'),sec_fetch_site('same-site'),sec_fetch_mode(cors),sec_fetch_dest(empty),referer('http://localhost:9000/')]).
_{ beliefs:_{ certain_eternals:_{ cells:[ _{x:0,y:0},
					  _{x:1,y:0},
					  _{x:2,y:0},
					  _{x:3,y:0},
					  _{x:4,y:0},
					  _{x:5,y:0},
					  _{x:0,y:1},
					  _{x:1,y:1},
					  _{x:2,y:1},
					  _{x:3,y:1},
					  _{x:4,y:1},
					  _{x:5,y:1},
					  _{x:0,y:2},
					  _{x:1,y:2},
					  _{x:2,y:2},
					  _{x:3,y:2},
					  _{x:4,y:2},
					  _{x:5,y:2},
					  _{x:0,y:3},
					  _{x:1,y:3},
					  _{x:2,y:3},
					  _{x:3,y:3},
					  _{x:4,y:3},
					  _{x:5,y:3},
					  _{x:0,y:4},
					  _{x:1,y:4},
					  _{x:2,y:4},
					  _{x:3,y:4},
					  _{x:4,y:4},
					  _{x:5,y:4},
					  _{x:0,y:5},
					  _{x:1,y:5},
					  _{x:2,y:5},
					  _{x:3,y:5},
					  _{x:4,y:5},
					  _{x:5,y:5}
					],
				  eat_exit:_{c:_{x:1,y:1},e:_{id:exit}},
				  eat_walls:[ _{ c:_{x:5,y:5},
						 w:_{id:wall220}
					       },
					      _{ c:_{x:4,y:5},
						 w:_{id:wall219}
					       },
					      _{ c:_{x:3,y:5},
						 w:_{id:wall218}
					       },
					      _{ c:_{x:2,y:5},
						 w:_{id:wall217}
					       },
					      _{ c:_{x:1,y:5},
						 w:_{id:wall216}
					       },
					      _{ c:_{x:0,y:5},
						 w:_{id:wall215}
					       },
					      _{ c:_{x:5,y:4},
						 w:_{id:wall214}
					       },
					      _{ c:_{x:0,y:4},
						 w:_{id:wall213}
					       },
					      _{ c:_{x:5,y:3},
						 w:_{id:wall212}
					       },
					      _{ c:_{x:0,y:3},
						 w:_{id:wall211}
					       },
					      _{ c:_{x:5,y:2},
						 w:_{id:wall210}
					       },
					      _{ c:_{x:0,y:2},
						 w:_{id:wall209}
					       },
					      _{ c:_{x:5,y:1},
						 w:_{id:wall208}
					       },
					      _{ c:_{x:0,y:1},
						 w:_{id:wall207}
					       },
					      _{ c:_{x:5,y:0},
						 w:_{id:wall206}
					       },
					      _{ c:_{x:4,y:0},
						 w:_{id:wall205}
					       },
					      _{ c:_{x:3,y:0},
						 w:_{id:wall204}
					       },
					      _{ c:_{x:2,y:0},
						 w:_{id:wall203}
					       },
					      _{ c:_{x:1,y:0},
						 w:_{id:wall202}
					       },
					      _{ c:_{x:0,y:0},
						 w:_{id:wall201}
					       }
					    ]
				},
	      certain_fluents:_{ alive:[_{id:hunter}],
				 dir:[_{d:east,h:_{id:hunter}}],
				 fat_gold:[],
				 fat_hunter:_{ c:_{x:3,y:2},
					       h:_{id:hunter}
					     },
				 game_state:running,
				 has_arrow:[ _{ a:_{id:arrow11},
						h:_{id:hunter}
					      }
					   ],
				 has_gold:[],
				 score:0,
				 visited:[ _{ from:_{x:2,y:2},
					      to:_{x:3,y:2}
					    },
					   _{ from:_{x:1,y:2},
					      to:_{x:2,y:2}
					    },
					   _{ from:_{x:1,y:3},
					      to:_{x:1,y:2}
					    },
					   _{ from:_{x:1,y:2},
					      to:_{x:1,y:3}
					    },
					   _{ from:_{x:1,y:1},
					      to:_{x:1,y:2}
					    }
					 ]
			       },
	      step:0,
	      uncertain_eternals:_{ eat_pit:[ _{ c:_{x:1,y:1},
						 p:_{id:false}
					       },
					      _{ c:_{x:2,y:1},
						 p:_{id:false}
					       },
					      _{ c:_{x:1,y:2},
						 p:_{id:false}
					       },
					      _{ c:_{x:2,y:2},
						 p:_{id:false}
					       },
					      _{ c:_{x:1,y:3},
						 p:_{id:false}
					       },
					      _{ c:_{x:2,y:3},
						 p:_{id:false}
					       },
					      _{ c:_{x:1,y:4},
						 p:_{id:false}
					       },
					      _{ c:_{x:3,y:2},
						 p:_{id:false}
					       }
					    ],
				    eat_wumpus:[ _{ c:_{x:1,y:4},
						    w:_{id:true}
						  },
						 _{ c:_{x:1,y:1},
						    w:_{id:false}
						  },
						 _{ c:_{x:2,y:1},
						    w:_{id:false}
						  },
						 _{ c:_{x:1,y:2},
						    w:_{id:false}
						  },
						 _{ c:_{x:2,y:2},
						    w:_{id:false}
						  },
						 _{ c:_{x:1,y:3},
						    w:_{id:false}
						  },
						 _{ c:_{x:3,y:2},
						    w:_{id:false}
						  },
						 _{ c:_{x:2,y:3},
						    w:_{id:false}
						  }
					       ]
				  },
	      uncertain_fluents:_{fatal:[]}
	    },
   percepts:[breeze]
 }
La valeur de AdjSansWumpus est : [_2588{x:2,y:2}]
Cases Auth est : [_2224{x:2,y:2}]
La valeur de X est : 4
La valeur de Y est : 2
completed(58, 0.06545628199999998, 3588, 200, ok).
/*Sat Mar  9 15:28:43 2024*/ request(59, 1709994523.949, [peer(ip(127,0,0,1)),method(options),request_uri('/action'),path('/action'),http_version(1-1),host(localhost),port(8081),connection('keep-alive'),access_control_request_method('PUT'),access_control_request_headers('content-type'),origin('http://localhost:9000'),user_agent('Mozilla/5.0 (X11; Linux x86_64) AppleWebKit/537.36 (KHTML, like Gecko) Chrome/122.0.0.0 Safari/537.36'),sec_fetch_mode(cors),sec_fetch_site('same-site'),sec_fetch_dest(empty),referer('http://localhost:9000/')]).
completed(59, 0.003169623999999982, 0, 200, ok).
/*Sat Mar  9 15:28:43 2024*/ request(60, 1709994523.955, [peer(ip(127,0,0,1)),method(put),request_uri('/action'),path('/action'),http_version(1-1),host(localhost),port(8081),connection('keep-alive'),content_length(2836),sec_ch_ua('"Chromium";v="122", "Not(A:Brand";v="24", "Brave";v="122"'),sec_ch_ua_platform('"Linux"'),sec_ch_ua_mobile('?0'),user_agent('Mozilla/5.0 (X11; Linux x86_64) AppleWebKit/537.36 (KHTML, like Gecko) Chrome/122.0.0.0 Safari/537.36'),content_type('application/json'),sec_gpc('1'),origin('http://localhost:9000'),sec_fetch_site('same-site'),sec_fetch_mode(cors),sec_fetch_dest(empty),referer('http://localhost:9000/')]).
_{ beliefs:_{ certain_eternals:_{ cells:[ _{x:0,y:0},
					  _{x:1,y:0},
					  _{x:2,y:0},
					  _{x:3,y:0},
					  _{x:4,y:0},
					  _{x:5,y:0},
					  _{x:0,y:1},
					  _{x:1,y:1},
					  _{x:2,y:1},
					  _{x:3,y:1},
					  _{x:4,y:1},
					  _{x:5,y:1},
					  _{x:0,y:2},
					  _{x:1,y:2},
					  _{x:2,y:2},
					  _{x:3,y:2},
					  _{x:4,y:2},
					  _{x:5,y:2},
					  _{x:0,y:3},
					  _{x:1,y:3},
					  _{x:2,y:3},
					  _{x:3,y:3},
					  _{x:4,y:3},
					  _{x:5,y:3},
					  _{x:0,y:4},
					  _{x:1,y:4},
					  _{x:2,y:4},
					  _{x:3,y:4},
					  _{x:4,y:4},
					  _{x:5,y:4},
					  _{x:0,y:5},
					  _{x:1,y:5},
					  _{x:2,y:5},
					  _{x:3,y:5},
					  _{x:4,y:5},
					  _{x:5,y:5}
					],
				  eat_exit:_{c:_{x:1,y:1},e:_{id:exit}},
				  eat_walls:[ _{ c:_{x:5,y:5},
						 w:_{id:wall220}
					       },
					      _{ c:_{x:4,y:5},
						 w:_{id:wall219}
					       },
					      _{ c:_{x:3,y:5},
						 w:_{id:wall218}
					       },
					      _{ c:_{x:2,y:5},
						 w:_{id:wall217}
					       },
					      _{ c:_{x:1,y:5},
						 w:_{id:wall216}
					       },
					      _{ c:_{x:0,y:5},
						 w:_{id:wall215}
					       },
					      _{ c:_{x:5,y:4},
						 w:_{id:wall214}
					       },
					      _{ c:_{x:0,y:4},
						 w:_{id:wall213}
					       },
					      _{ c:_{x:5,y:3},
						 w:_{id:wall212}
					       },
					      _{ c:_{x:0,y:3},
						 w:_{id:wall211}
					       },
					      _{ c:_{x:5,y:2},
						 w:_{id:wall210}
					       },
					      _{ c:_{x:0,y:2},
						 w:_{id:wall209}
					       },
					      _{ c:_{x:5,y:1},
						 w:_{id:wall208}
					       },
					      _{ c:_{x:0,y:1},
						 w:_{id:wall207}
					       },
					      _{ c:_{x:5,y:0},
						 w:_{id:wall206}
					       },
					      _{ c:_{x:4,y:0},
						 w:_{id:wall205}
					       },
					      _{ c:_{x:3,y:0},
						 w:_{id:wall204}
					       },
					      _{ c:_{x:2,y:0},
						 w:_{id:wall203}
					       },
					      _{ c:_{x:1,y:0},
						 w:_{id:wall202}
					       },
					      _{ c:_{x:0,y:0},
						 w:_{id:wall201}
					       }
					    ]
				},
	      certain_fluents:_{ alive:[_{id:hunter}],
				 dir:[_{d:north,h:_{id:hunter}}],
				 fat_gold:[],
				 fat_hunter:_{ c:_{x:3,y:2},
					       h:_{id:hunter}
					     },
				 game_state:running,
				 has_arrow:[ _{ a:_{id:arrow11},
						h:_{id:hunter}
					      }
					   ],
				 has_gold:[],
				 score:0,
				 visited:[ _{ from:_{x:2,y:2},
					      to:_{x:3,y:2}
					    },
					   _{ from:_{x:1,y:2},
					      to:_{x:2,y:2}
					    },
					   _{ from:_{x:1,y:3},
					      to:_{x:1,y:2}
					    },
					   _{ from:_{x:1,y:2},
					      to:_{x:1,y:3}
					    },
					   _{ from:_{x:1,y:1},
					      to:_{x:1,y:2}
					    }
					 ]
			       },
	      step:0,
	      uncertain_eternals:_{ eat_pit:[ _{ c:_{x:3,y:3},
						 p:_{id:true}
					       },
					      _{ c:_{x:4,y:2},
						 p:_{id:true}
					       },
					      _{ c:_{x:3,y:1},
						 p:_{id:true}
					       },
					      _{ c:_{x:1,y:1},
						 p:_{id:false}
					       },
					      _{ c:_{x:2,y:1},
						 p:_{id:false}
					       },
					      _{ c:_{x:1,y:2},
						 p:_{id:false}
					       },
					      _{ c:_{x:2,y:2},
						 p:_{id:false}
					       },
					      _{ c:_{x:1,y:3},
						 p:_{id:false}
					       },
					      _{ c:_{x:2,y:3},
						 p:_{id:false}
					       },
					      _{ c:_{x:1,y:4},
						 p:_{id:false}
					       },
					      _{ c:_{x:3,y:2},
						 p:_{id:false}
					       }
					    ],
				    eat_wumpus:[ _{ c:_{x:1,y:4},
						    w:_{id:true}
						  },
						 _{ c:_{x:1,y:1},
						    w:_{id:false}
						  },
						 _{ c:_{x:2,y:1},
						    w:_{id:false}
						  },
						 _{ c:_{x:1,y:2},
						    w:_{id:false}
						  },
						 _{ c:_{x:2,y:2},
						    w:_{id:false}
						  },
						 _{ c:_{x:1,y:3},
						    w:_{id:false}
						  },
						 _{ c:_{x:3,y:2},
						    w:_{id:false}
						  },
						 _{ c:_{x:2,y:3},
						    w:_{id:false}
						  },
						 _{ c:_{x:3,y:1},
						    w:_{id:false}
						  },
						 _{ c:_{x:4,y:2},
						    w:_{id:false}
						  },
						 _{ c:_{x:3,y:3},
						    w:_{id:false}
						  }
					       ]
				  },
	      uncertain_fluents:_{fatal:[]}
	    },
   percepts:[breeze]
 }
La valeur de AdjSansWumpus est : [_2694{x:2,y:2}]
Cases Auth est : [_2216{x:2,y:2}]
La valeur de X est : 3
La valeur de Y est : 3
completed(60, 0.07823033099999999, 3587, 200, ok).
/*Sat Mar  9 15:28:46 2024*/ request(61, 1709994526.964, [peer(ip(127,0,0,1)),method(put),request_uri('/action'),path('/action'),http_version(1-1),host(localhost),port(8081),connection('keep-alive'),content_length(2835),sec_ch_ua('"Chromium";v="122", "Not(A:Brand";v="24", "Brave";v="122"'),sec_ch_ua_platform('"Linux"'),sec_ch_ua_mobile('?0'),user_agent('Mozilla/5.0 (X11; Linux x86_64) AppleWebKit/537.36 (KHTML, like Gecko) Chrome/122.0.0.0 Safari/537.36'),content_type('application/json'),sec_gpc('1'),origin('http://localhost:9000'),sec_fetch_site('same-site'),sec_fetch_mode(cors),sec_fetch_dest(empty),referer('http://localhost:9000/')]).
_{ beliefs:_{ certain_eternals:_{ cells:[ _{x:0,y:0},
					  _{x:1,y:0},
					  _{x:2,y:0},
					  _{x:3,y:0},
					  _{x:4,y:0},
					  _{x:5,y:0},
					  _{x:0,y:1},
					  _{x:1,y:1},
					  _{x:2,y:1},
					  _{x:3,y:1},
					  _{x:4,y:1},
					  _{x:5,y:1},
					  _{x:0,y:2},
					  _{x:1,y:2},
					  _{x:2,y:2},
					  _{x:3,y:2},
					  _{x:4,y:2},
					  _{x:5,y:2},
					  _{x:0,y:3},
					  _{x:1,y:3},
					  _{x:2,y:3},
					  _{x:3,y:3},
					  _{x:4,y:3},
					  _{x:5,y:3},
					  _{x:0,y:4},
					  _{x:1,y:4},
					  _{x:2,y:4},
					  _{x:3,y:4},
					  _{x:4,y:4},
					  _{x:5,y:4},
					  _{x:0,y:5},
					  _{x:1,y:5},
					  _{x:2,y:5},
					  _{x:3,y:5},
					  _{x:4,y:5},
					  _{x:5,y:5}
					],
				  eat_exit:_{c:_{x:1,y:1},e:_{id:exit}},
				  eat_walls:[ _{ c:_{x:5,y:5},
						 w:_{id:wall220}
					       },
					      _{ c:_{x:4,y:5},
						 w:_{id:wall219}
					       },
					      _{ c:_{x:3,y:5},
						 w:_{id:wall218}
					       },
					      _{ c:_{x:2,y:5},
						 w:_{id:wall217}
					       },
					      _{ c:_{x:1,y:5},
						 w:_{id:wall216}
					       },
					      _{ c:_{x:0,y:5},
						 w:_{id:wall215}
					       },
					      _{ c:_{x:5,y:4},
						 w:_{id:wall214}
					       },
					      _{ c:_{x:0,y:4},
						 w:_{id:wall213}
					       },
					      _{ c:_{x:5,y:3},
						 w:_{id:wall212}
					       },
					      _{ c:_{x:0,y:3},
						 w:_{id:wall211}
					       },
					      _{ c:_{x:5,y:2},
						 w:_{id:wall210}
					       },
					      _{ c:_{x:0,y:2},
						 w:_{id:wall209}
					       },
					      _{ c:_{x:5,y:1},
						 w:_{id:wall208}
					       },
					      _{ c:_{x:0,y:1},
						 w:_{id:wall207}
					       },
					      _{ c:_{x:5,y:0},
						 w:_{id:wall206}
					       },
					      _{ c:_{x:4,y:0},
						 w:_{id:wall205}
					       },
					      _{ c:_{x:3,y:0},
						 w:_{id:wall204}
					       },
					      _{ c:_{x:2,y:0},
						 w:_{id:wall203}
					       },
					      _{ c:_{x:1,y:0},
						 w:_{id:wall202}
					       },
					      _{ c:_{x:0,y:0},
						 w:_{id:wall201}
					       }
					    ]
				},
	      certain_fluents:_{ alive:[_{id:hunter}],
				 dir:[_{d:west,h:_{id:hunter}}],
				 fat_gold:[],
				 fat_hunter:_{ c:_{x:3,y:2},
					       h:_{id:hunter}
					     },
				 game_state:running,
				 has_arrow:[ _{ a:_{id:arrow11},
						h:_{id:hunter}
					      }
					   ],
				 has_gold:[],
				 score:0,
				 visited:[ _{ from:_{x:2,y:2},
					      to:_{x:3,y:2}
					    },
					   _{ from:_{x:1,y:2},
					      to:_{x:2,y:2}
					    },
					   _{ from:_{x:1,y:3},
					      to:_{x:1,y:2}
					    },
					   _{ from:_{x:1,y:2},
					      to:_{x:1,y:3}
					    },
					   _{ from:_{x:1,y:1},
					      to:_{x:1,y:2}
					    }
					 ]
			       },
	      step:0,
	      uncertain_eternals:_{ eat_pit:[ _{ c:_{x:3,y:3},
						 p:_{id:true}
					       },
					      _{ c:_{x:4,y:2},
						 p:_{id:true}
					       },
					      _{ c:_{x:3,y:1},
						 p:_{id:true}
					       },
					      _{ c:_{x:1,y:1},
						 p:_{id:false}
					       },
					      _{ c:_{x:2,y:1},
						 p:_{id:false}
					       },
					      _{ c:_{x:1,y:2},
						 p:_{id:false}
					       },
					      _{ c:_{x:2,y:2},
						 p:_{id:false}
					       },
					      _{ c:_{x:1,y:3},
						 p:_{id:false}
					       },
					      _{ c:_{x:2,y:3},
						 p:_{id:false}
					       },
					      _{ c:_{x:1,y:4},
						 p:_{id:false}
					       },
					      _{ c:_{x:3,y:2},
						 p:_{id:false}
					       }
					    ],
				    eat_wumpus:[ _{ c:_{x:1,y:4},
						    w:_{id:true}
						  },
						 _{ c:_{x:1,y:1},
						    w:_{id:false}
						  },
						 _{ c:_{x:2,y:1},
						    w:_{id:false}
						  },
						 _{ c:_{x:1,y:2},
						    w:_{id:false}
						  },
						 _{ c:_{x:2,y:2},
						    w:_{id:false}
						  },
						 _{ c:_{x:1,y:3},
						    w:_{id:false}
						  },
						 _{ c:_{x:3,y:2},
						    w:_{id:false}
						  },
						 _{ c:_{x:2,y:3},
						    w:_{id:false}
						  },
						 _{ c:_{x:3,y:1},
						    w:_{id:false}
						  },
						 _{ c:_{x:4,y:2},
						    w:_{id:false}
						  },
						 _{ c:_{x:3,y:3},
						    w:_{id:false}
						  }
					       ]
				  },
	      uncertain_fluents:_{fatal:[]}
	    },
   percepts:[breeze]
 }
La valeur de AdjSansWumpus est : [_2712{x:2,y:2}]
Cases Auth est : [_2234{x:2,y:2}]
La valeur de X est : 2
La valeur de Y est : 2
completed(61, 0.06770410400000004, 3641, 200, ok).
/*Sat Mar  9 15:28:48 2024*/ request(62, 1709994528.462, [peer(ip(127,0,0,1)),method(put),request_uri('/action'),path('/action'),http_version(1-1),host(localhost),port(8081),connection('keep-alive'),content_length(2869),sec_ch_ua('"Chromium";v="122", "Not(A:Brand";v="24", "Brave";v="122"'),sec_ch_ua_platform('"Linux"'),sec_ch_ua_mobile('?0'),user_agent('Mozilla/5.0 (X11; Linux x86_64) AppleWebKit/537.36 (KHTML, like Gecko) Chrome/122.0.0.0 Safari/537.36'),content_type('application/json'),sec_gpc('1'),origin('http://localhost:9000'),sec_fetch_site('same-site'),sec_fetch_mode(cors),sec_fetch_dest(empty),referer('http://localhost:9000/')]).
_{ beliefs:_{ certain_eternals:_{ cells:[ _{x:0,y:0},
					  _{x:1,y:0},
					  _{x:2,y:0},
					  _{x:3,y:0},
					  _{x:4,y:0},
					  _{x:5,y:0},
					  _{x:0,y:1},
					  _{x:1,y:1},
					  _{x:2,y:1},
					  _{x:3,y:1},
					  _{x:4,y:1},
					  _{x:5,y:1},
					  _{x:0,y:2},
					  _{x:1,y:2},
					  _{x:2,y:2},
					  _{x:3,y:2},
					  _{x:4,y:2},
					  _{x:5,y:2},
					  _{x:0,y:3},
					  _{x:1,y:3},
					  _{x:2,y:3},
					  _{x:3,y:3},
					  _{x:4,y:3},
					  _{x:5,y:3},
					  _{x:0,y:4},
					  _{x:1,y:4},
					  _{x:2,y:4},
					  _{x:3,y:4},
					  _{x:4,y:4},
					  _{x:5,y:4},
					  _{x:0,y:5},
					  _{x:1,y:5},
					  _{x:2,y:5},
					  _{x:3,y:5},
					  _{x:4,y:5},
					  _{x:5,y:5}
					],
				  eat_exit:_{c:_{x:1,y:1},e:_{id:exit}},
				  eat_walls:[ _{ c:_{x:5,y:5},
						 w:_{id:wall220}
					       },
					      _{ c:_{x:4,y:5},
						 w:_{id:wall219}
					       },
					      _{ c:_{x:3,y:5},
						 w:_{id:wall218}
					       },
					      _{ c:_{x:2,y:5},
						 w:_{id:wall217}
					       },
					      _{ c:_{x:1,y:5},
						 w:_{id:wall216}
					       },
					      _{ c:_{x:0,y:5},
						 w:_{id:wall215}
					       },
					      _{ c:_{x:5,y:4},
						 w:_{id:wall214}
					       },
					      _{ c:_{x:0,y:4},
						 w:_{id:wall213}
					       },
					      _{ c:_{x:5,y:3},
						 w:_{id:wall212}
					       },
					      _{ c:_{x:0,y:3},
						 w:_{id:wall211}
					       },
					      _{ c:_{x:5,y:2},
						 w:_{id:wall210}
					       },
					      _{ c:_{x:0,y:2},
						 w:_{id:wall209}
					       },
					      _{ c:_{x:5,y:1},
						 w:_{id:wall208}
					       },
					      _{ c:_{x:0,y:1},
						 w:_{id:wall207}
					       },
					      _{ c:_{x:5,y:0},
						 w:_{id:wall206}
					       },
					      _{ c:_{x:4,y:0},
						 w:_{id:wall205}
					       },
					      _{ c:_{x:3,y:0},
						 w:_{id:wall204}
					       },
					      _{ c:_{x:2,y:0},
						 w:_{id:wall203}
					       },
					      _{ c:_{x:1,y:0},
						 w:_{id:wall202}
					       },
					      _{ c:_{x:0,y:0},
						 w:_{id:wall201}
					       }
					    ]
				},
	      certain_fluents:_{ alive:[_{id:hunter}],
				 dir:[_{d:west,h:_{id:hunter}}],
				 fat_gold:[],
				 fat_hunter:_{ c:_{x:2,y:2},
					       h:_{id:hunter}
					     },
				 game_state:running,
				 has_arrow:[ _{ a:_{id:arrow11},
						h:_{id:hunter}
					      }
					   ],
				 has_gold:[],
				 score:0,
				 visited:[ _{ from:_{x:3,y:2},
					      to:_{x:2,y:2}
					    },
					   _{ from:_{x:2,y:2},
					      to:_{x:3,y:2}
					    },
					   _{ from:_{x:1,y:2},
					      to:_{x:2,y:2}
					    },
					   _{ from:_{x:1,y:3},
					      to:_{x:1,y:2}
					    },
					   _{ from:_{x:1,y:2},
					      to:_{x:1,y:3}
					    },
					   _{ from:_{x:1,y:1},
					      to:_{x:1,y:2}
					    }
					 ]
			       },
	      step:0,
	      uncertain_eternals:_{ eat_pit:[ _{ c:_{x:3,y:3},
						 p:_{id:true}
					       },
					      _{ c:_{x:4,y:2},
						 p:_{id:true}
					       },
					      _{ c:_{x:3,y:1},
						 p:_{id:true}
					       },
					      _{ c:_{x:1,y:1},
						 p:_{id:false}
					       },
					      _{ c:_{x:2,y:1},
						 p:_{id:false}
					       },
					      _{ c:_{x:1,y:2},
						 p:_{id:false}
					       },
					      _{ c:_{x:2,y:2},
						 p:_{id:false}
					       },
					      _{ c:_{x:1,y:3},
						 p:_{id:false}
					       },
					      _{ c:_{x:2,y:3},
						 p:_{id:false}
					       },
					      _{ c:_{x:1,y:4},
						 p:_{id:false}
					       },
					      _{ c:_{x:3,y:2},
						 p:_{id:false}
					       }
					    ],
				    eat_wumpus:[ _{ c:_{x:1,y:4},
						    w:_{id:true}
						  },
						 _{ c:_{x:1,y:1},
						    w:_{id:false}
						  },
						 _{ c:_{x:2,y:1},
						    w:_{id:false}
						  },
						 _{ c:_{x:1,y:2},
						    w:_{id:false}
						  },
						 _{ c:_{x:2,y:2},
						    w:_{id:false}
						  },
						 _{ c:_{x:1,y:3},
						    w:_{id:false}
						  },
						 _{ c:_{x:3,y:2},
						    w:_{id:false}
						  },
						 _{ c:_{x:2,y:3},
						    w:_{id:false}
						  },
						 _{ c:_{x:3,y:1},
						    w:_{id:false}
						  },
						 _{ c:_{x:4,y:2},
						    w:_{id:false}
						  },
						 _{ c:_{x:3,y:3},
						    w:_{id:false}
						  }
					       ]
				  },
	      uncertain_fluents:_{fatal:[]}
	    },
   percepts:[]
 }
La valeur de AdjSansWumpus est : [_2812{x:2,y:3},_2888{x:3,y:2},_2698{x:1,y:2},_2660{x:2,y:1}]
Cases Auth est : [_2660{x:2,y:1},_2812{x:2,y:3}]
La valeur de X est : 1
La valeur de Y est : 2
completed(62, 0.06355579200000006, 3630, 200, ok).
/*Sat Mar  9 15:28:49 2024*/ request(63, 1709994529.824, [peer(ip(127,0,0,1)),method(options),request_uri('/action'),path('/action'),http_version(1-1),host(localhost),port(8081),connection('keep-alive'),access_control_request_method('PUT'),access_control_request_headers('content-type'),origin('http://localhost:9000'),user_agent('Mozilla/5.0 (X11; Linux x86_64) AppleWebKit/537.36 (KHTML, like Gecko) Chrome/122.0.0.0 Safari/537.36'),sec_fetch_mode(cors),sec_fetch_site('same-site'),sec_fetch_dest(empty),referer('http://localhost:9000/')]).
completed(63, 0.005693375999999972, 0, 200, ok).
/*Sat Mar  9 15:28:49 2024*/ request(64, 1709994529.834, [peer(ip(127,0,0,1)),method(put),request_uri('/action'),path('/action'),http_version(1-1),host(localhost),port(8081),connection('keep-alive'),content_length(2870),sec_ch_ua('"Chromium";v="122", "Not(A:Brand";v="24", "Brave";v="122"'),sec_ch_ua_platform('"Linux"'),sec_ch_ua_mobile('?0'),user_agent('Mozilla/5.0 (X11; Linux x86_64) AppleWebKit/537.36 (KHTML, like Gecko) Chrome/122.0.0.0 Safari/537.36'),content_type('application/json'),sec_gpc('1'),origin('http://localhost:9000'),sec_fetch_site('same-site'),sec_fetch_mode(cors),sec_fetch_dest(empty),referer('http://localhost:9000/')]).
_{ beliefs:_{ certain_eternals:_{ cells:[ _{x:0,y:0},
					  _{x:1,y:0},
					  _{x:2,y:0},
					  _{x:3,y:0},
					  _{x:4,y:0},
					  _{x:5,y:0},
					  _{x:0,y:1},
					  _{x:1,y:1},
					  _{x:2,y:1},
					  _{x:3,y:1},
					  _{x:4,y:1},
					  _{x:5,y:1},
					  _{x:0,y:2},
					  _{x:1,y:2},
					  _{x:2,y:2},
					  _{x:3,y:2},
					  _{x:4,y:2},
					  _{x:5,y:2},
					  _{x:0,y:3},
					  _{x:1,y:3},
					  _{x:2,y:3},
					  _{x:3,y:3},
					  _{x:4,y:3},
					  _{x:5,y:3},
					  _{x:0,y:4},
					  _{x:1,y:4},
					  _{x:2,y:4},
					  _{x:3,y:4},
					  _{x:4,y:4},
					  _{x:5,y:4},
					  _{x:0,y:5},
					  _{x:1,y:5},
					  _{x:2,y:5},
					  _{x:3,y:5},
					  _{x:4,y:5},
					  _{x:5,y:5}
					],
				  eat_exit:_{c:_{x:1,y:1},e:_{id:exit}},
				  eat_walls:[ _{ c:_{x:5,y:5},
						 w:_{id:wall220}
					       },
					      _{ c:_{x:4,y:5},
						 w:_{id:wall219}
					       },
					      _{ c:_{x:3,y:5},
						 w:_{id:wall218}
					       },
					      _{ c:_{x:2,y:5},
						 w:_{id:wall217}
					       },
					      _{ c:_{x:1,y:5},
						 w:_{id:wall216}
					       },
					      _{ c:_{x:0,y:5},
						 w:_{id:wall215}
					       },
					      _{ c:_{x:5,y:4},
						 w:_{id:wall214}
					       },
					      _{ c:_{x:0,y:4},
						 w:_{id:wall213}
					       },
					      _{ c:_{x:5,y:3},
						 w:_{id:wall212}
					       },
					      _{ c:_{x:0,y:3},
						 w:_{id:wall211}
					       },
					      _{ c:_{x:5,y:2},
						 w:_{id:wall210}
					       },
					      _{ c:_{x:0,y:2},
						 w:_{id:wall209}
					       },
					      _{ c:_{x:5,y:1},
						 w:_{id:wall208}
					       },
					      _{ c:_{x:0,y:1},
						 w:_{id:wall207}
					       },
					      _{ c:_{x:5,y:0},
						 w:_{id:wall206}
					       },
					      _{ c:_{x:4,y:0},
						 w:_{id:wall205}
					       },
					      _{ c:_{x:3,y:0},
						 w:_{id:wall204}
					       },
					      _{ c:_{x:2,y:0},
						 w:_{id:wall203}
					       },
					      _{ c:_{x:1,y:0},
						 w:_{id:wall202}
					       },
					      _{ c:_{x:0,y:0},
						 w:_{id:wall201}
					       }
					    ]
				},
	      certain_fluents:_{ alive:[_{id:hunter}],
				 dir:[_{d:south,h:_{id:hunter}}],
				 fat_gold:[],
				 fat_hunter:_{ c:_{x:2,y:2},
					       h:_{id:hunter}
					     },
				 game_state:running,
				 has_arrow:[ _{ a:_{id:arrow11},
						h:_{id:hunter}
					      }
					   ],
				 has_gold:[],
				 score:0,
				 visited:[ _{ from:_{x:3,y:2},
					      to:_{x:2,y:2}
					    },
					   _{ from:_{x:2,y:2},
					      to:_{x:3,y:2}
					    },
					   _{ from:_{x:1,y:2},
					      to:_{x:2,y:2}
					    },
					   _{ from:_{x:1,y:3},
					      to:_{x:1,y:2}
					    },
					   _{ from:_{x:1,y:2},
					      to:_{x:1,y:3}
					    },
					   _{ from:_{x:1,y:1},
					      to:_{x:1,y:2}
					    }
					 ]
			       },
	      step:0,
	      uncertain_eternals:_{ eat_pit:[ _{ c:_{x:3,y:3},
						 p:_{id:true}
					       },
					      _{ c:_{x:4,y:2},
						 p:_{id:true}
					       },
					      _{ c:_{x:3,y:1},
						 p:_{id:true}
					       },
					      _{ c:_{x:1,y:1},
						 p:_{id:false}
					       },
					      _{ c:_{x:2,y:1},
						 p:_{id:false}
					       },
					      _{ c:_{x:1,y:2},
						 p:_{id:false}
					       },
					      _{ c:_{x:2,y:2},
						 p:_{id:false}
					       },
					      _{ c:_{x:1,y:3},
						 p:_{id:false}
					       },
					      _{ c:_{x:2,y:3},
						 p:_{id:false}
					       },
					      _{ c:_{x:1,y:4},
						 p:_{id:false}
					       },
					      _{ c:_{x:3,y:2},
						 p:_{id:false}
					       }
					    ],
				    eat_wumpus:[ _{ c:_{x:1,y:4},
						    w:_{id:true}
						  },
						 _{ c:_{x:1,y:1},
						    w:_{id:false}
						  },
						 _{ c:_{x:2,y:1},
						    w:_{id:false}
						  },
						 _{ c:_{x:1,y:2},
						    w:_{id:false}
						  },
						 _{ c:_{x:2,y:2},
						    w:_{id:false}
						  },
						 _{ c:_{x:1,y:3},
						    w:_{id:false}
						  },
						 _{ c:_{x:3,y:2},
						    w:_{id:false}
						  },
						 _{ c:_{x:2,y:3},
						    w:_{id:false}
						  },
						 _{ c:_{x:3,y:1},
						    w:_{id:false}
						  },
						 _{ c:_{x:4,y:2},
						    w:_{id:false}
						  },
						 _{ c:_{x:3,y:3},
						    w:_{id:false}
						  }
					       ]
				  },
	      uncertain_fluents:_{fatal:[]}
	    },
   percepts:[]
 }
La valeur de AdjSansWumpus est : [_2820{x:2,y:3},_2896{x:3,y:2},_2706{x:1,y:2},_2668{x:2,y:1}]
Cases Auth est : [_2668{x:2,y:1},_2820{x:2,y:3}]
La valeur de X est : 2
La valeur de Y est : 1
completed(64, 0.07408921700000004, 3684, 200, ok).
/*Sat Mar  9 15:28:50 2024*/ request(65, 1709994530.934, [peer(ip(127,0,0,1)),method(put),request_uri('/action'),path('/action'),http_version(1-1),host(localhost),port(8081),connection('keep-alive'),content_length(2920),sec_ch_ua('"Chromium";v="122", "Not(A:Brand";v="24", "Brave";v="122"'),sec_ch_ua_platform('"Linux"'),sec_ch_ua_mobile('?0'),user_agent('Mozilla/5.0 (X11; Linux x86_64) AppleWebKit/537.36 (KHTML, like Gecko) Chrome/122.0.0.0 Safari/537.36'),content_type('application/json'),sec_gpc('1'),origin('http://localhost:9000'),sec_fetch_site('same-site'),sec_fetch_mode(cors),sec_fetch_dest(empty),referer('http://localhost:9000/')]).
_{ beliefs:_{ certain_eternals:_{ cells:[ _{x:0,y:0},
					  _{x:1,y:0},
					  _{x:2,y:0},
					  _{x:3,y:0},
					  _{x:4,y:0},
					  _{x:5,y:0},
					  _{x:0,y:1},
					  _{x:1,y:1},
					  _{x:2,y:1},
					  _{x:3,y:1},
					  _{x:4,y:1},
					  _{x:5,y:1},
					  _{x:0,y:2},
					  _{x:1,y:2},
					  _{x:2,y:2},
					  _{x:3,y:2},
					  _{x:4,y:2},
					  _{x:5,y:2},
					  _{x:0,y:3},
					  _{x:1,y:3},
					  _{x:2,y:3},
					  _{x:3,y:3},
					  _{x:4,y:3},
					  _{x:5,y:3},
					  _{x:0,y:4},
					  _{x:1,y:4},
					  _{x:2,y:4},
					  _{x:3,y:4},
					  _{x:4,y:4},
					  _{x:5,y:4},
					  _{x:0,y:5},
					  _{x:1,y:5},
					  _{x:2,y:5},
					  _{x:3,y:5},
					  _{x:4,y:5},
					  _{x:5,y:5}
					],
				  eat_exit:_{c:_{x:1,y:1},e:_{id:exit}},
				  eat_walls:[ _{ c:_{x:5,y:5},
						 w:_{id:wall220}
					       },
					      _{ c:_{x:4,y:5},
						 w:_{id:wall219}
					       },
					      _{ c:_{x:3,y:5},
						 w:_{id:wall218}
					       },
					      _{ c:_{x:2,y:5},
						 w:_{id:wall217}
					       },
					      _{ c:_{x:1,y:5},
						 w:_{id:wall216}
					       },
					      _{ c:_{x:0,y:5},
						 w:_{id:wall215}
					       },
					      _{ c:_{x:5,y:4},
						 w:_{id:wall214}
					       },
					      _{ c:_{x:0,y:4},
						 w:_{id:wall213}
					       },
					      _{ c:_{x:5,y:3},
						 w:_{id:wall212}
					       },
					      _{ c:_{x:0,y:3},
						 w:_{id:wall211}
					       },
					      _{ c:_{x:5,y:2},
						 w:_{id:wall210}
					       },
					      _{ c:_{x:0,y:2},
						 w:_{id:wall209}
					       },
					      _{ c:_{x:5,y:1},
						 w:_{id:wall208}
					       },
					      _{ c:_{x:0,y:1},
						 w:_{id:wall207}
					       },
					      _{ c:_{x:5,y:0},
						 w:_{id:wall206}
					       },
					      _{ c:_{x:4,y:0},
						 w:_{id:wall205}
					       },
					      _{ c:_{x:3,y:0},
						 w:_{id:wall204}
					       },
					      _{ c:_{x:2,y:0},
						 w:_{id:wall203}
					       },
					      _{ c:_{x:1,y:0},
						 w:_{id:wall202}
					       },
					      _{ c:_{x:0,y:0},
						 w:_{id:wall201}
					       }
					    ]
				},
	      certain_fluents:_{ alive:[_{id:hunter}],
				 dir:[_{d:south,h:_{id:hunter}}],
				 fat_gold:[],
				 fat_hunter:_{ c:_{x:2,y:1},
					       h:_{id:hunter}
					     },
				 game_state:running,
				 has_arrow:[ _{ a:_{id:arrow11},
						h:_{id:hunter}
					      }
					   ],
				 has_gold:[],
				 score:0,
				 visited:[ _{ from:_{x:2,y:2},
					      to:_{x:2,y:1}
					    },
					   _{ from:_{x:3,y:2},
					      to:_{x:2,y:2}
					    },
					   _{ from:_{x:2,y:2},
					      to:_{x:3,y:2}
					    },
					   _{ from:_{x:1,y:2},
					      to:_{x:2,y:2}
					    },
					   _{ from:_{x:1,y:3},
					      to:_{x:1,y:2}
					    },
					   _{ from:_{x:1,y:2},
					      to:_{x:1,y:3}
					    },
					   _{ from:_{x:1,y:1},
					      to:_{x:1,y:2}
					    }
					 ]
			       },
	      step:0,
	      uncertain_eternals:_{ eat_pit:[ _{ c:_{x:3,y:3},
						 p:_{id:true}
					       },
					      _{ c:_{x:4,y:2},
						 p:_{id:true}
					       },
					      _{ c:_{x:3,y:1},
						 p:_{id:true}
					       },
					      _{ c:_{x:1,y:1},
						 p:_{id:false}
					       },
					      _{ c:_{x:2,y:1},
						 p:_{id:false}
					       },
					      _{ c:_{x:1,y:2},
						 p:_{id:false}
					       },
					      _{ c:_{x:2,y:2},
						 p:_{id:false}
					       },
					      _{ c:_{x:1,y:3},
						 p:_{id:false}
					       },
					      _{ c:_{x:2,y:3},
						 p:_{id:false}
					       },
					      _{ c:_{x:1,y:4},
						 p:_{id:false}
					       },
					      _{ c:_{x:3,y:2},
						 p:_{id:false}
					       }
					    ],
				    eat_wumpus:[ _{ c:_{x:1,y:4},
						    w:_{id:true}
						  },
						 _{ c:_{x:1,y:1},
						    w:_{id:false}
						  },
						 _{ c:_{x:2,y:1},
						    w:_{id:false}
						  },
						 _{ c:_{x:1,y:2},
						    w:_{id:false}
						  },
						 _{ c:_{x:2,y:2},
						    w:_{id:false}
						  },
						 _{ c:_{x:1,y:3},
						    w:_{id:false}
						  },
						 _{ c:_{x:3,y:2},
						    w:_{id:false}
						  },
						 _{ c:_{x:2,y:3},
						    w:_{id:false}
						  },
						 _{ c:_{x:3,y:1},
						    w:_{id:false}
						  },
						 _{ c:_{x:4,y:2},
						    w:_{id:false}
						  },
						 _{ c:_{x:3,y:3},
						    w:_{id:false}
						  }
					       ]
				  },
	      uncertain_fluents:_{fatal:[]}
	    },
   percepts:[breeze]
 }
La valeur de AdjSansWumpus est : [_2786{x:2,y:2},_2672{x:1,y:1}]
Cases Auth est : [_2224{x:2,y:2},_2476{x:1,y:1}]
La valeur de X est : 2
La valeur de Y est : 0
completed(65, 0.07640419800000003, 3689, 200, ok).
/*Sat Mar  9 15:28:52 2024*/ request(66, 1709994532.483, [peer(ip(127,0,0,1)),method(put),request_uri('/action'),path('/action'),http_version(1-1),host(localhost),port(8081),connection('keep-alive'),content_length(2919),sec_ch_ua('"Chromium";v="122", "Not(A:Brand";v="24", "Brave";v="122"'),sec_ch_ua_platform('"Linux"'),sec_ch_ua_mobile('?0'),user_agent('Mozilla/5.0 (X11; Linux x86_64) AppleWebKit/537.36 (KHTML, like Gecko) Chrome/122.0.0.0 Safari/537.36'),content_type('application/json'),sec_gpc('1'),origin('http://localhost:9000'),sec_fetch_site('same-site'),sec_fetch_mode(cors),sec_fetch_dest(empty),referer('http://localhost:9000/')]).
_{ beliefs:_{ certain_eternals:_{ cells:[ _{x:0,y:0},
					  _{x:1,y:0},
					  _{x:2,y:0},
					  _{x:3,y:0},
					  _{x:4,y:0},
					  _{x:5,y:0},
					  _{x:0,y:1},
					  _{x:1,y:1},
					  _{x:2,y:1},
					  _{x:3,y:1},
					  _{x:4,y:1},
					  _{x:5,y:1},
					  _{x:0,y:2},
					  _{x:1,y:2},
					  _{x:2,y:2},
					  _{x:3,y:2},
					  _{x:4,y:2},
					  _{x:5,y:2},
					  _{x:0,y:3},
					  _{x:1,y:3},
					  _{x:2,y:3},
					  _{x:3,y:3},
					  _{x:4,y:3},
					  _{x:5,y:3},
					  _{x:0,y:4},
					  _{x:1,y:4},
					  _{x:2,y:4},
					  _{x:3,y:4},
					  _{x:4,y:4},
					  _{x:5,y:4},
					  _{x:0,y:5},
					  _{x:1,y:5},
					  _{x:2,y:5},
					  _{x:3,y:5},
					  _{x:4,y:5},
					  _{x:5,y:5}
					],
				  eat_exit:_{c:_{x:1,y:1},e:_{id:exit}},
				  eat_walls:[ _{ c:_{x:5,y:5},
						 w:_{id:wall220}
					       },
					      _{ c:_{x:4,y:5},
						 w:_{id:wall219}
					       },
					      _{ c:_{x:3,y:5},
						 w:_{id:wall218}
					       },
					      _{ c:_{x:2,y:5},
						 w:_{id:wall217}
					       },
					      _{ c:_{x:1,y:5},
						 w:_{id:wall216}
					       },
					      _{ c:_{x:0,y:5},
						 w:_{id:wall215}
					       },
					      _{ c:_{x:5,y:4},
						 w:_{id:wall214}
					       },
					      _{ c:_{x:0,y:4},
						 w:_{id:wall213}
					       },
					      _{ c:_{x:5,y:3},
						 w:_{id:wall212}
					       },
					      _{ c:_{x:0,y:3},
						 w:_{id:wall211}
					       },
					      _{ c:_{x:5,y:2},
						 w:_{id:wall210}
					       },
					      _{ c:_{x:0,y:2},
						 w:_{id:wall209}
					       },
					      _{ c:_{x:5,y:1},
						 w:_{id:wall208}
					       },
					      _{ c:_{x:0,y:1},
						 w:_{id:wall207}
					       },
					      _{ c:_{x:5,y:0},
						 w:_{id:wall206}
					       },
					      _{ c:_{x:4,y:0},
						 w:_{id:wall205}
					       },
					      _{ c:_{x:3,y:0},
						 w:_{id:wall204}
					       },
					      _{ c:_{x:2,y:0},
						 w:_{id:wall203}
					       },
					      _{ c:_{x:1,y:0},
						 w:_{id:wall202}
					       },
					      _{ c:_{x:0,y:0},
						 w:_{id:wall201}
					       }
					    ]
				},
	      certain_fluents:_{ alive:[_{id:hunter}],
				 dir:[_{d:east,h:_{id:hunter}}],
				 fat_gold:[],
				 fat_hunter:_{ c:_{x:2,y:1},
					       h:_{id:hunter}
					     },
				 game_state:running,
				 has_arrow:[ _{ a:_{id:arrow11},
						h:_{id:hunter}
					      }
					   ],
				 has_gold:[],
				 score:0,
				 visited:[ _{ from:_{x:2,y:2},
					      to:_{x:2,y:1}
					    },
					   _{ from:_{x:3,y:2},
					      to:_{x:2,y:2}
					    },
					   _{ from:_{x:2,y:2},
					      to:_{x:3,y:2}
					    },
					   _{ from:_{x:1,y:2},
					      to:_{x:2,y:2}
					    },
					   _{ from:_{x:1,y:3},
					      to:_{x:1,y:2}
					    },
					   _{ from:_{x:1,y:2},
					      to:_{x:1,y:3}
					    },
					   _{ from:_{x:1,y:1},
					      to:_{x:1,y:2}
					    }
					 ]
			       },
	      step:0,
	      uncertain_eternals:_{ eat_pit:[ _{ c:_{x:3,y:3},
						 p:_{id:true}
					       },
					      _{ c:_{x:4,y:2},
						 p:_{id:true}
					       },
					      _{ c:_{x:3,y:1},
						 p:_{id:true}
					       },
					      _{ c:_{x:1,y:1},
						 p:_{id:false}
					       },
					      _{ c:_{x:2,y:1},
						 p:_{id:false}
					       },
					      _{ c:_{x:1,y:2},
						 p:_{id:false}
					       },
					      _{ c:_{x:2,y:2},
						 p:_{id:false}
					       },
					      _{ c:_{x:1,y:3},
						 p:_{id:false}
					       },
					      _{ c:_{x:2,y:3},
						 p:_{id:false}
					       },
					      _{ c:_{x:1,y:4},
						 p:_{id:false}
					       },
					      _{ c:_{x:3,y:2},
						 p:_{id:false}
					       }
					    ],
				    eat_wumpus:[ _{ c:_{x:1,y:4},
						    w:_{id:true}
						  },
						 _{ c:_{x:1,y:1},
						    w:_{id:false}
						  },
						 _{ c:_{x:2,y:1},
						    w:_{id:false}
						  },
						 _{ c:_{x:1,y:2},
						    w:_{id:false}
						  },
						 _{ c:_{x:2,y:2},
						    w:_{id:false}
						  },
						 _{ c:_{x:1,y:3},
						    w:_{id:false}
						  },
						 _{ c:_{x:3,y:2},
						    w:_{id:false}
						  },
						 _{ c:_{x:2,y:3},
						    w:_{id:false}
						  },
						 _{ c:_{x:3,y:1},
						    w:_{id:false}
						  },
						 _{ c:_{x:4,y:2},
						    w:_{id:false}
						  },
						 _{ c:_{x:3,y:3},
						    w:_{id:false}
						  }
					       ]
				  },
	      uncertain_fluents:_{fatal:[]}
	    },
   percepts:[breeze]
 }
La valeur de AdjSansWumpus est : [_2778{x:2,y:2},_2664{x:1,y:1}]
Cases Auth est : [_2216{x:2,y:2},_2468{x:1,y:1}]
La valeur de X est : 3
La valeur de Y est : 1
completed(66, 0.06325866499999999, 3690, 200, ok).
/*Sat Mar  9 15:28:53 2024*/ request(67, 1709994533.845, [peer(ip(127,0,0,1)),method(put),request_uri('/action'),path('/action'),http_version(1-1),host(localhost),port(8081),connection('keep-alive'),content_length(2920),sec_ch_ua('"Chromium";v="122", "Not(A:Brand";v="24", "Brave";v="122"'),sec_ch_ua_platform('"Linux"'),sec_ch_ua_mobile('?0'),user_agent('Mozilla/5.0 (X11; Linux x86_64) AppleWebKit/537.36 (KHTML, like Gecko) Chrome/122.0.0.0 Safari/537.36'),content_type('application/json'),sec_gpc('1'),origin('http://localhost:9000'),sec_fetch_site('same-site'),sec_fetch_mode(cors),sec_fetch_dest(empty),referer('http://localhost:9000/')]).
_{ beliefs:_{ certain_eternals:_{ cells:[ _{x:0,y:0},
					  _{x:1,y:0},
					  _{x:2,y:0},
					  _{x:3,y:0},
					  _{x:4,y:0},
					  _{x:5,y:0},
					  _{x:0,y:1},
					  _{x:1,y:1},
					  _{x:2,y:1},
					  _{x:3,y:1},
					  _{x:4,y:1},
					  _{x:5,y:1},
					  _{x:0,y:2},
					  _{x:1,y:2},
					  _{x:2,y:2},
					  _{x:3,y:2},
					  _{x:4,y:2},
					  _{x:5,y:2},
					  _{x:0,y:3},
					  _{x:1,y:3},
					  _{x:2,y:3},
					  _{x:3,y:3},
					  _{x:4,y:3},
					  _{x:5,y:3},
					  _{x:0,y:4},
					  _{x:1,y:4},
					  _{x:2,y:4},
					  _{x:3,y:4},
					  _{x:4,y:4},
					  _{x:5,y:4},
					  _{x:0,y:5},
					  _{x:1,y:5},
					  _{x:2,y:5},
					  _{x:3,y:5},
					  _{x:4,y:5},
					  _{x:5,y:5}
					],
				  eat_exit:_{c:_{x:1,y:1},e:_{id:exit}},
				  eat_walls:[ _{ c:_{x:5,y:5},
						 w:_{id:wall220}
					       },
					      _{ c:_{x:4,y:5},
						 w:_{id:wall219}
					       },
					      _{ c:_{x:3,y:5},
						 w:_{id:wall218}
					       },
					      _{ c:_{x:2,y:5},
						 w:_{id:wall217}
					       },
					      _{ c:_{x:1,y:5},
						 w:_{id:wall216}
					       },
					      _{ c:_{x:0,y:5},
						 w:_{id:wall215}
					       },
					      _{ c:_{x:5,y:4},
						 w:_{id:wall214}
					       },
					      _{ c:_{x:0,y:4},
						 w:_{id:wall213}
					       },
					      _{ c:_{x:5,y:3},
						 w:_{id:wall212}
					       },
					      _{ c:_{x:0,y:3},
						 w:_{id:wall211}
					       },
					      _{ c:_{x:5,y:2},
						 w:_{id:wall210}
					       },
					      _{ c:_{x:0,y:2},
						 w:_{id:wall209}
					       },
					      _{ c:_{x:5,y:1},
						 w:_{id:wall208}
					       },
					      _{ c:_{x:0,y:1},
						 w:_{id:wall207}
					       },
					      _{ c:_{x:5,y:0},
						 w:_{id:wall206}
					       },
					      _{ c:_{x:4,y:0},
						 w:_{id:wall205}
					       },
					      _{ c:_{x:3,y:0},
						 w:_{id:wall204}
					       },
					      _{ c:_{x:2,y:0},
						 w:_{id:wall203}
					       },
					      _{ c:_{x:1,y:0},
						 w:_{id:wall202}
					       },
					      _{ c:_{x:0,y:0},
						 w:_{id:wall201}
					       }
					    ]
				},
	      certain_fluents:_{ alive:[_{id:hunter}],
				 dir:[_{d:north,h:_{id:hunter}}],
				 fat_gold:[],
				 fat_hunter:_{ c:_{x:2,y:1},
					       h:_{id:hunter}
					     },
				 game_state:running,
				 has_arrow:[ _{ a:_{id:arrow11},
						h:_{id:hunter}
					      }
					   ],
				 has_gold:[],
				 score:0,
				 visited:[ _{ from:_{x:2,y:2},
					      to:_{x:2,y:1}
					    },
					   _{ from:_{x:3,y:2},
					      to:_{x:2,y:2}
					    },
					   _{ from:_{x:2,y:2},
					      to:_{x:3,y:2}
					    },
					   _{ from:_{x:1,y:2},
					      to:_{x:2,y:2}
					    },
					   _{ from:_{x:1,y:3},
					      to:_{x:1,y:2}
					    },
					   _{ from:_{x:1,y:2},
					      to:_{x:1,y:3}
					    },
					   _{ from:_{x:1,y:1},
					      to:_{x:1,y:2}
					    }
					 ]
			       },
	      step:0,
	      uncertain_eternals:_{ eat_pit:[ _{ c:_{x:3,y:3},
						 p:_{id:true}
					       },
					      _{ c:_{x:4,y:2},
						 p:_{id:true}
					       },
					      _{ c:_{x:3,y:1},
						 p:_{id:true}
					       },
					      _{ c:_{x:1,y:1},
						 p:_{id:false}
					       },
					      _{ c:_{x:2,y:1},
						 p:_{id:false}
					       },
					      _{ c:_{x:1,y:2},
						 p:_{id:false}
					       },
					      _{ c:_{x:2,y:2},
						 p:_{id:false}
					       },
					      _{ c:_{x:1,y:3},
						 p:_{id:false}
					       },
					      _{ c:_{x:2,y:3},
						 p:_{id:false}
					       },
					      _{ c:_{x:1,y:4},
						 p:_{id:false}
					       },
					      _{ c:_{x:3,y:2},
						 p:_{id:false}
					       }
					    ],
				    eat_wumpus:[ _{ c:_{x:1,y:4},
						    w:_{id:true}
						  },
						 _{ c:_{x:1,y:1},
						    w:_{id:false}
						  },
						 _{ c:_{x:2,y:1},
						    w:_{id:false}
						  },
						 _{ c:_{x:1,y:2},
						    w:_{id:false}
						  },
						 _{ c:_{x:2,y:2},
						    w:_{id:false}
						  },
						 _{ c:_{x:1,y:3},
						    w:_{id:false}
						  },
						 _{ c:_{x:3,y:2},
						    w:_{id:false}
						  },
						 _{ c:_{x:2,y:3},
						    w:_{id:false}
						  },
						 _{ c:_{x:3,y:1},
						    w:_{id:false}
						  },
						 _{ c:_{x:4,y:2},
						    w:_{id:false}
						  },
						 _{ c:_{x:3,y:3},
						    w:_{id:false}
						  }
					       ]
				  },
	      uncertain_fluents:_{fatal:[]}
	    },
   percepts:[breeze]
 }
La valeur de AdjSansWumpus est : [_2786{x:2,y:2},_2672{x:1,y:1}]
Cases Auth est : [_2224{x:2,y:2},_2476{x:1,y:1}]
La valeur de X est : 2
La valeur de Y est : 2
completed(67, 0.07287619899999997, 3744, 200, ok).
/*Sat Mar  9 15:28:55 2024*/ request(68, 1709994535.281, [peer(ip(127,0,0,1)),method(options),request_uri('/action'),path('/action'),http_version(1-1),host(localhost),port(8081),connection('keep-alive'),access_control_request_method('PUT'),access_control_request_headers('content-type'),origin('http://localhost:9000'),user_agent('Mozilla/5.0 (X11; Linux x86_64) AppleWebKit/537.36 (KHTML, like Gecko) Chrome/122.0.0.0 Safari/537.36'),sec_fetch_mode(cors),sec_fetch_site('same-site'),sec_fetch_dest(empty),referer('http://localhost:9000/')]).
completed(68, 0.003097819000000057, 0, 200, ok).
/*Sat Mar  9 15:28:55 2024*/ request(69, 1709994535.287, [peer(ip(127,0,0,1)),method(put),request_uri('/action'),path('/action'),http_version(1-1),host(localhost),port(8081),connection('keep-alive'),content_length(2954),sec_ch_ua('"Chromium";v="122", "Not(A:Brand";v="24", "Brave";v="122"'),sec_ch_ua_platform('"Linux"'),sec_ch_ua_mobile('?0'),user_agent('Mozilla/5.0 (X11; Linux x86_64) AppleWebKit/537.36 (KHTML, like Gecko) Chrome/122.0.0.0 Safari/537.36'),content_type('application/json'),sec_gpc('1'),origin('http://localhost:9000'),sec_fetch_site('same-site'),sec_fetch_mode(cors),sec_fetch_dest(empty),referer('http://localhost:9000/')]).
_{ beliefs:_{ certain_eternals:_{ cells:[ _{x:0,y:0},
					  _{x:1,y:0},
					  _{x:2,y:0},
					  _{x:3,y:0},
					  _{x:4,y:0},
					  _{x:5,y:0},
					  _{x:0,y:1},
					  _{x:1,y:1},
					  _{x:2,y:1},
					  _{x:3,y:1},
					  _{x:4,y:1},
					  _{x:5,y:1},
					  _{x:0,y:2},
					  _{x:1,y:2},
					  _{x:2,y:2},
					  _{x:3,y:2},
					  _{x:4,y:2},
					  _{x:5,y:2},
					  _{x:0,y:3},
					  _{x:1,y:3},
					  _{x:2,y:3},
					  _{x:3,y:3},
					  _{x:4,y:3},
					  _{x:5,y:3},
					  _{x:0,y:4},
					  _{x:1,y:4},
					  _{x:2,y:4},
					  _{x:3,y:4},
					  _{x:4,y:4},
					  _{x:5,y:4},
					  _{x:0,y:5},
					  _{x:1,y:5},
					  _{x:2,y:5},
					  _{x:3,y:5},
					  _{x:4,y:5},
					  _{x:5,y:5}
					],
				  eat_exit:_{c:_{x:1,y:1},e:_{id:exit}},
				  eat_walls:[ _{ c:_{x:5,y:5},
						 w:_{id:wall220}
					       },
					      _{ c:_{x:4,y:5},
						 w:_{id:wall219}
					       },
					      _{ c:_{x:3,y:5},
						 w:_{id:wall218}
					       },
					      _{ c:_{x:2,y:5},
						 w:_{id:wall217}
					       },
					      _{ c:_{x:1,y:5},
						 w:_{id:wall216}
					       },
					      _{ c:_{x:0,y:5},
						 w:_{id:wall215}
					       },
					      _{ c:_{x:5,y:4},
						 w:_{id:wall214}
					       },
					      _{ c:_{x:0,y:4},
						 w:_{id:wall213}
					       },
					      _{ c:_{x:5,y:3},
						 w:_{id:wall212}
					       },
					      _{ c:_{x:0,y:3},
						 w:_{id:wall211}
					       },
					      _{ c:_{x:5,y:2},
						 w:_{id:wall210}
					       },
					      _{ c:_{x:0,y:2},
						 w:_{id:wall209}
					       },
					      _{ c:_{x:5,y:1},
						 w:_{id:wall208}
					       },
					      _{ c:_{x:0,y:1},
						 w:_{id:wall207}
					       },
					      _{ c:_{x:5,y:0},
						 w:_{id:wall206}
					       },
					      _{ c:_{x:4,y:0},
						 w:_{id:wall205}
					       },
					      _{ c:_{x:3,y:0},
						 w:_{id:wall204}
					       },
					      _{ c:_{x:2,y:0},
						 w:_{id:wall203}
					       },
					      _{ c:_{x:1,y:0},
						 w:_{id:wall202}
					       },
					      _{ c:_{x:0,y:0},
						 w:_{id:wall201}
					       }
					    ]
				},
	      certain_fluents:_{ alive:[_{id:hunter}],
				 dir:[_{d:north,h:_{id:hunter}}],
				 fat_gold:[],
				 fat_hunter:_{ c:_{x:2,y:2},
					       h:_{id:hunter}
					     },
				 game_state:running,
				 has_arrow:[ _{ a:_{id:arrow11},
						h:_{id:hunter}
					      }
					   ],
				 has_gold:[],
				 score:0,
				 visited:[ _{ from:_{x:2,y:1},
					      to:_{x:2,y:2}
					    },
					   _{ from:_{x:2,y:2},
					      to:_{x:2,y:1}
					    },
					   _{ from:_{x:3,y:2},
					      to:_{x:2,y:2}
					    },
					   _{ from:_{x:2,y:2},
					      to:_{x:3,y:2}
					    },
					   _{ from:_{x:1,y:2},
					      to:_{x:2,y:2}
					    },
					   _{ from:_{x:1,y:3},
					      to:_{x:1,y:2}
					    },
					   _{ from:_{x:1,y:2},
					      to:_{x:1,y:3}
					    },
					   _{ from:_{x:1,y:1},
					      to:_{x:1,y:2}
					    }
					 ]
			       },
	      step:0,
	      uncertain_eternals:_{ eat_pit:[ _{ c:_{x:3,y:3},
						 p:_{id:true}
					       },
					      _{ c:_{x:4,y:2},
						 p:_{id:true}
					       },
					      _{ c:_{x:3,y:1},
						 p:_{id:true}
					       },
					      _{ c:_{x:1,y:1},
						 p:_{id:false}
					       },
					      _{ c:_{x:2,y:1},
						 p:_{id:false}
					       },
					      _{ c:_{x:1,y:2},
						 p:_{id:false}
					       },
					      _{ c:_{x:2,y:2},
						 p:_{id:false}
					       },
					      _{ c:_{x:1,y:3},
						 p:_{id:false}
					       },
					      _{ c:_{x:2,y:3},
						 p:_{id:false}
					       },
					      _{ c:_{x:1,y:4},
						 p:_{id:false}
					       },
					      _{ c:_{x:3,y:2},
						 p:_{id:false}
					       }
					    ],
				    eat_wumpus:[ _{ c:_{x:1,y:4},
						    w:_{id:true}
						  },
						 _{ c:_{x:1,y:1},
						    w:_{id:false}
						  },
						 _{ c:_{x:2,y:1},
						    w:_{id:false}
						  },
						 _{ c:_{x:1,y:2},
						    w:_{id:false}
						  },
						 _{ c:_{x:2,y:2},
						    w:_{id:false}
						  },
						 _{ c:_{x:1,y:3},
						    w:_{id:false}
						  },
						 _{ c:_{x:3,y:2},
						    w:_{id:false}
						  },
						 _{ c:_{x:2,y:3},
						    w:_{id:false}
						  },
						 _{ c:_{x:3,y:1},
						    w:_{id:false}
						  },
						 _{ c:_{x:4,y:2},
						    w:_{id:false}
						  },
						 _{ c:_{x:3,y:3},
						    w:_{id:false}
						  }
					       ]
				  },
	      uncertain_fluents:_{fatal:[]}
	    },
   percepts:[]
 }
La valeur de AdjSansWumpus est : [_2896{x:2,y:3},_2972{x:3,y:2},_2782{x:1,y:2},_2744{x:2,y:1}]
Cases Auth est : [_2896{x:2,y:3}]
La valeur de X est : 2
La valeur de Y est : 3
completed(69, 0.067288338, 3786, 200, ok).
/*Sat Mar  9 15:28:57 2024*/ request(70, 1709994537.443, [peer(ip(127,0,0,1)),method(put),request_uri('/action'),path('/action'),http_version(1-1),host(localhost),port(8081),connection('keep-alive'),content_length(2996),sec_ch_ua('"Chromium";v="122", "Not(A:Brand";v="24", "Brave";v="122"'),sec_ch_ua_platform('"Linux"'),sec_ch_ua_mobile('?0'),user_agent('Mozilla/5.0 (X11; Linux x86_64) AppleWebKit/537.36 (KHTML, like Gecko) Chrome/122.0.0.0 Safari/537.36'),content_type('application/json'),sec_gpc('1'),origin('http://localhost:9000'),sec_fetch_site('same-site'),sec_fetch_mode(cors),sec_fetch_dest(empty),referer('http://localhost:9000/')]).
_{ beliefs:_{ certain_eternals:_{ cells:[ _{x:0,y:0},
					  _{x:1,y:0},
					  _{x:2,y:0},
					  _{x:3,y:0},
					  _{x:4,y:0},
					  _{x:5,y:0},
					  _{x:0,y:1},
					  _{x:1,y:1},
					  _{x:2,y:1},
					  _{x:3,y:1},
					  _{x:4,y:1},
					  _{x:5,y:1},
					  _{x:0,y:2},
					  _{x:1,y:2},
					  _{x:2,y:2},
					  _{x:3,y:2},
					  _{x:4,y:2},
					  _{x:5,y:2},
					  _{x:0,y:3},
					  _{x:1,y:3},
					  _{x:2,y:3},
					  _{x:3,y:3},
					  _{x:4,y:3},
					  _{x:5,y:3},
					  _{x:0,y:4},
					  _{x:1,y:4},
					  _{x:2,y:4},
					  _{x:3,y:4},
					  _{x:4,y:4},
					  _{x:5,y:4},
					  _{x:0,y:5},
					  _{x:1,y:5},
					  _{x:2,y:5},
					  _{x:3,y:5},
					  _{x:4,y:5},
					  _{x:5,y:5}
					],
				  eat_exit:_{c:_{x:1,y:1},e:_{id:exit}},
				  eat_walls:[ _{ c:_{x:5,y:5},
						 w:_{id:wall220}
					       },
					      _{ c:_{x:4,y:5},
						 w:_{id:wall219}
					       },
					      _{ c:_{x:3,y:5},
						 w:_{id:wall218}
					       },
					      _{ c:_{x:2,y:5},
						 w:_{id:wall217}
					       },
					      _{ c:_{x:1,y:5},
						 w:_{id:wall216}
					       },
					      _{ c:_{x:0,y:5},
						 w:_{id:wall215}
					       },
					      _{ c:_{x:5,y:4},
						 w:_{id:wall214}
					       },
					      _{ c:_{x:0,y:4},
						 w:_{id:wall213}
					       },
					      _{ c:_{x:5,y:3},
						 w:_{id:wall212}
					       },
					      _{ c:_{x:0,y:3},
						 w:_{id:wall211}
					       },
					      _{ c:_{x:5,y:2},
						 w:_{id:wall210}
					       },
					      _{ c:_{x:0,y:2},
						 w:_{id:wall209}
					       },
					      _{ c:_{x:5,y:1},
						 w:_{id:wall208}
					       },
					      _{ c:_{x:0,y:1},
						 w:_{id:wall207}
					       },
					      _{ c:_{x:5,y:0},
						 w:_{id:wall206}
					       },
					      _{ c:_{x:4,y:0},
						 w:_{id:wall205}
					       },
					      _{ c:_{x:3,y:0},
						 w:_{id:wall204}
					       },
					      _{ c:_{x:2,y:0},
						 w:_{id:wall203}
					       },
					      _{ c:_{x:1,y:0},
						 w:_{id:wall202}
					       },
					      _{ c:_{x:0,y:0},
						 w:_{id:wall201}
					       }
					    ]
				},
	      certain_fluents:_{ alive:[_{id:hunter}],
				 dir:[_{d:north,h:_{id:hunter}}],
				 fat_gold:[],
				 fat_hunter:_{ c:_{x:2,y:3},
					       h:_{id:hunter}
					     },
				 game_state:running,
				 has_arrow:[ _{ a:_{id:arrow11},
						h:_{id:hunter}
					      }
					   ],
				 has_gold:[],
				 score:0,
				 visited:[ _{ from:_{x:2,y:2},
					      to:_{x:2,y:3}
					    },
					   _{ from:_{x:2,y:1},
					      to:_{x:2,y:2}
					    },
					   _{ from:_{x:2,y:2},
					      to:_{x:2,y:1}
					    },
					   _{ from:_{x:3,y:2},
					      to:_{x:2,y:2}
					    },
					   _{ from:_{x:2,y:2},
					      to:_{x:3,y:2}
					    },
					   _{ from:_{x:1,y:2},
					      to:_{x:2,y:2}
					    },
					   _{ from:_{x:1,y:3},
					      to:_{x:1,y:2}
					    },
					   _{ from:_{x:1,y:2},
					      to:_{x:1,y:3}
					    },
					   _{ from:_{x:1,y:1},
					      to:_{x:1,y:2}
					    }
					 ]
			       },
	      step:0,
	      uncertain_eternals:_{ eat_pit:[ _{ c:_{x:3,y:3},
						 p:_{id:true}
					       },
					      _{ c:_{x:4,y:2},
						 p:_{id:true}
					       },
					      _{ c:_{x:3,y:1},
						 p:_{id:true}
					       },
					      _{ c:_{x:1,y:1},
						 p:_{id:false}
					       },
					      _{ c:_{x:2,y:1},
						 p:_{id:false}
					       },
					      _{ c:_{x:1,y:2},
						 p:_{id:false}
					       },
					      _{ c:_{x:2,y:2},
						 p:_{id:false}
					       },
					      _{ c:_{x:1,y:3},
						 p:_{id:false}
					       },
					      _{ c:_{x:2,y:3},
						 p:_{id:false}
					       },
					      _{ c:_{x:1,y:4},
						 p:_{id:false}
					       },
					      _{ c:_{x:3,y:2},
						 p:_{id:false}
					       }
					    ],
				    eat_wumpus:[ _{ c:_{x:1,y:4},
						    w:_{id:true}
						  },
						 _{ c:_{x:1,y:1},
						    w:_{id:false}
						  },
						 _{ c:_{x:2,y:1},
						    w:_{id:false}
						  },
						 _{ c:_{x:1,y:2},
						    w:_{id:false}
						  },
						 _{ c:_{x:2,y:2},
						    w:_{id:false}
						  },
						 _{ c:_{x:1,y:3},
						    w:_{id:false}
						  },
						 _{ c:_{x:3,y:2},
						    w:_{id:false}
						  },
						 _{ c:_{x:2,y:3},
						    w:_{id:false}
						  },
						 _{ c:_{x:3,y:1},
						    w:_{id:false}
						  },
						 _{ c:_{x:4,y:2},
						    w:_{id:false}
						  },
						 _{ c:_{x:3,y:3},
						    w:_{id:false}
						  }
					       ]
				  },
	      uncertain_fluents:_{fatal:[]}
	    },
   percepts:[]
 }
La valeur de AdjSansWumpus est : [_31090{x:2,y:4},_2652{x:3,y:3},_2918{x:1,y:3},_2880{x:2,y:2}]
Cases Auth est : [_2652{x:3,y:3},_31090{x:2,y:4}]
La valeur de X est : 2
La valeur de Y est : 4
completed(70, 0.07831895900000002, 3928, 200, ok).
/*Sat Mar  9 15:28:59 2024*/ request(71, 1709994539.371, [peer(ip(127,0,0,1)),method(put),request_uri('/action'),path('/action'),http_version(1-1),host(localhost),port(8081),connection('keep-alive'),content_length(3140),sec_ch_ua('"Chromium";v="122", "Not(A:Brand";v="24", "Brave";v="122"'),sec_ch_ua_platform('"Linux"'),sec_ch_ua_mobile('?0'),user_agent('Mozilla/5.0 (X11; Linux x86_64) AppleWebKit/537.36 (KHTML, like Gecko) Chrome/122.0.0.0 Safari/537.36'),content_type('application/json'),sec_gpc('1'),origin('http://localhost:9000'),sec_fetch_site('same-site'),sec_fetch_mode(cors),sec_fetch_dest(empty),referer('http://localhost:9000/')]).
_{ beliefs:_{ certain_eternals:_{ cells:[ _{x:0,y:0},
					  _{x:1,y:0},
					  _{x:2,y:0},
					  _{x:3,y:0},
					  _{x:4,y:0},
					  _{x:5,y:0},
					  _{x:0,y:1},
					  _{x:1,y:1},
					  _{x:2,y:1},
					  _{x:3,y:1},
					  _{x:4,y:1},
					  _{x:5,y:1},
					  _{x:0,y:2},
					  _{x:1,y:2},
					  _{x:2,y:2},
					  _{x:3,y:2},
					  _{x:4,y:2},
					  _{x:5,y:2},
					  _{x:0,y:3},
					  _{x:1,y:3},
					  _{x:2,y:3},
					  _{x:3,y:3},
					  _{x:4,y:3},
					  _{x:5,y:3},
					  _{x:0,y:4},
					  _{x:1,y:4},
					  _{x:2,y:4},
					  _{x:3,y:4},
					  _{x:4,y:4},
					  _{x:5,y:4},
					  _{x:0,y:5},
					  _{x:1,y:5},
					  _{x:2,y:5},
					  _{x:3,y:5},
					  _{x:4,y:5},
					  _{x:5,y:5}
					],
				  eat_exit:_{c:_{x:1,y:1},e:_{id:exit}},
				  eat_walls:[ _{ c:_{x:5,y:5},
						 w:_{id:wall220}
					       },
					      _{ c:_{x:4,y:5},
						 w:_{id:wall219}
					       },
					      _{ c:_{x:3,y:5},
						 w:_{id:wall218}
					       },
					      _{ c:_{x:2,y:5},
						 w:_{id:wall217}
					       },
					      _{ c:_{x:1,y:5},
						 w:_{id:wall216}
					       },
					      _{ c:_{x:0,y:5},
						 w:_{id:wall215}
					       },
					      _{ c:_{x:5,y:4},
						 w:_{id:wall214}
					       },
					      _{ c:_{x:0,y:4},
						 w:_{id:wall213}
					       },
					      _{ c:_{x:5,y:3},
						 w:_{id:wall212}
					       },
					      _{ c:_{x:0,y:3},
						 w:_{id:wall211}
					       },
					      _{ c:_{x:5,y:2},
						 w:_{id:wall210}
					       },
					      _{ c:_{x:0,y:2},
						 w:_{id:wall209}
					       },
					      _{ c:_{x:5,y:1},
						 w:_{id:wall208}
					       },
					      _{ c:_{x:0,y:1},
						 w:_{id:wall207}
					       },
					      _{ c:_{x:5,y:0},
						 w:_{id:wall206}
					       },
					      _{ c:_{x:4,y:0},
						 w:_{id:wall205}
					       },
					      _{ c:_{x:3,y:0},
						 w:_{id:wall204}
					       },
					      _{ c:_{x:2,y:0},
						 w:_{id:wall203}
					       },
					      _{ c:_{x:1,y:0},
						 w:_{id:wall202}
					       },
					      _{ c:_{x:0,y:0},
						 w:_{id:wall201}
					       }
					    ]
				},
	      certain_fluents:_{ alive:[_{id:hunter}],
				 dir:[_{d:north,h:_{id:hunter}}],
				 fat_gold:[],
				 fat_hunter:_{ c:_{x:2,y:4},
					       h:_{id:hunter}
					     },
				 game_state:running,
				 has_arrow:[ _{ a:_{id:arrow11},
						h:_{id:hunter}
					      }
					   ],
				 has_gold:[],
				 score:0,
				 visited:[ _{ from:_{x:2,y:3},
					      to:_{x:2,y:4}
					    },
					   _{ from:_{x:2,y:2},
					      to:_{x:2,y:3}
					    },
					   _{ from:_{x:2,y:1},
					      to:_{x:2,y:2}
					    },
					   _{ from:_{x:2,y:2},
					      to:_{x:2,y:1}
					    },
					   _{ from:_{x:3,y:2},
					      to:_{x:2,y:2}
					    },
					   _{ from:_{x:2,y:2},
					      to:_{x:3,y:2}
					    },
					   _{ from:_{x:1,y:2},
					      to:_{x:2,y:2}
					    },
					   _{ from:_{x:1,y:3},
					      to:_{x:1,y:2}
					    },
					   _{ from:_{x:1,y:2},
					      to:_{x:1,y:3}
					    },
					   _{ from:_{x:1,y:1},
					      to:_{x:1,y:2}
					    }
					 ]
			       },
	      step:0,
	      uncertain_eternals:_{ eat_pit:[ _{ c:_{x:4,y:2},
						 p:_{id:true}
					       },
					      _{ c:_{x:3,y:1},
						 p:_{id:true}
					       },
					      _{ c:_{x:1,y:1},
						 p:_{id:false}
					       },
					      _{ c:_{x:2,y:1},
						 p:_{id:false}
					       },
					      _{ c:_{x:1,y:2},
						 p:_{id:false}
					       },
					      _{ c:_{x:2,y:2},
						 p:_{id:false}
					       },
					      _{ c:_{x:1,y:3},
						 p:_{id:false}
					       },
					      _{ c:_{x:2,y:3},
						 p:_{id:false}
					       },
					      _{ c:_{x:1,y:4},
						 p:_{id:false}
					       },
					      _{ c:_{x:3,y:2},
						 p:_{id:false}
					       },
					      _{ c:_{x:3,y:3},
						 p:_{id:false}
					       },
					      _{ c:_{x:2,y:4},
						 p:_{id:false}
					       }
					    ],
				    eat_wumpus:[ _{ c:_{x:1,y:4},
						    w:_{id:true}
						  },
						 _{ c:_{x:1,y:1},
						    w:_{id:false}
						  },
						 _{ c:_{x:2,y:1},
						    w:_{id:false}
						  },
						 _{ c:_{x:1,y:2},
						    w:_{id:false}
						  },
						 _{ c:_{x:2,y:2},
						    w:_{id:false}
						  },
						 _{ c:_{x:1,y:3},
						    w:_{id:false}
						  },
						 _{ c:_{x:3,y:2},
						    w:_{id:false}
						  },
						 _{ c:_{x:2,y:3},
						    w:_{id:false}
						  },
						 _{ c:_{x:3,y:1},
						    w:_{id:false}
						  },
						 _{ c:_{x:4,y:2},
						    w:_{id:false}
						  },
						 _{ c:_{x:3,y:3},
						    w:_{id:false}
						  },
						 _{ c:_{x:2,y:4},
						    w:_{id:false}
						  }
					       ]
				  },
	      uncertain_fluents:_{fatal:[]}
	    },
   percepts:[glitter,breeze,stench]
 }
completed(71, 0.04911733699999998, 4044, 200, ok).
/*Sat Mar  9 15:29:01 2024*/ request(72, 1709994541.427, [peer(ip(127,0,0,1)),method(options),request_uri('/action'),path('/action'),http_version(1-1),host(localhost),port(8081),connection('keep-alive'),access_control_request_method('PUT'),access_control_request_headers('content-type'),origin('http://localhost:9000'),user_agent('Mozilla/5.0 (X11; Linux x86_64) AppleWebKit/537.36 (KHTML, like Gecko) Chrome/122.0.0.0 Safari/537.36'),sec_fetch_mode(cors),sec_fetch_site('same-site'),sec_fetch_dest(empty),referer('http://localhost:9000/')]).
completed(72, 0.004679703000000035, 0, 200, ok).
/*Sat Mar  9 15:29:01 2024*/ request(73, 1709994541.436, [peer(ip(127,0,0,1)),method(put),request_uri('/action'),path('/action'),http_version(1-1),host(localhost),port(8081),connection('keep-alive'),content_length(3204),sec_ch_ua('"Chromium";v="122", "Not(A:Brand";v="24", "Brave";v="122"'),sec_ch_ua_platform('"Linux"'),sec_ch_ua_mobile('?0'),user_agent('Mozilla/5.0 (X11; Linux x86_64) AppleWebKit/537.36 (KHTML, like Gecko) Chrome/122.0.0.0 Safari/537.36'),content_type('application/json'),sec_gpc('1'),origin('http://localhost:9000'),sec_fetch_site('same-site'),sec_fetch_mode(cors),sec_fetch_dest(empty),referer('http://localhost:9000/')]).
_{ beliefs:_{ certain_eternals:_{ cells:[ _{x:0,y:0},
					  _{x:1,y:0},
					  _{x:2,y:0},
					  _{x:3,y:0},
					  _{x:4,y:0},
					  _{x:5,y:0},
					  _{x:0,y:1},
					  _{x:1,y:1},
					  _{x:2,y:1},
					  _{x:3,y:1},
					  _{x:4,y:1},
					  _{x:5,y:1},
					  _{x:0,y:2},
					  _{x:1,y:2},
					  _{x:2,y:2},
					  _{x:3,y:2},
					  _{x:4,y:2},
					  _{x:5,y:2},
					  _{x:0,y:3},
					  _{x:1,y:3},
					  _{x:2,y:3},
					  _{x:3,y:3},
					  _{x:4,y:3},
					  _{x:5,y:3},
					  _{x:0,y:4},
					  _{x:1,y:4},
					  _{x:2,y:4},
					  _{x:3,y:4},
					  _{x:4,y:4},
					  _{x:5,y:4},
					  _{x:0,y:5},
					  _{x:1,y:5},
					  _{x:2,y:5},
					  _{x:3,y:5},
					  _{x:4,y:5},
					  _{x:5,y:5}
					],
				  eat_exit:_{c:_{x:1,y:1},e:_{id:exit}},
				  eat_walls:[ _{ c:_{x:5,y:5},
						 w:_{id:wall220}
					       },
					      _{ c:_{x:4,y:5},
						 w:_{id:wall219}
					       },
					      _{ c:_{x:3,y:5},
						 w:_{id:wall218}
					       },
					      _{ c:_{x:2,y:5},
						 w:_{id:wall217}
					       },
					      _{ c:_{x:1,y:5},
						 w:_{id:wall216}
					       },
					      _{ c:_{x:0,y:5},
						 w:_{id:wall215}
					       },
					      _{ c:_{x:5,y:4},
						 w:_{id:wall214}
					       },
					      _{ c:_{x:0,y:4},
						 w:_{id:wall213}
					       },
					      _{ c:_{x:5,y:3},
						 w:_{id:wall212}
					       },
					      _{ c:_{x:0,y:3},
						 w:_{id:wall211}
					       },
					      _{ c:_{x:5,y:2},
						 w:_{id:wall210}
					       },
					      _{ c:_{x:0,y:2},
						 w:_{id:wall209}
					       },
					      _{ c:_{x:5,y:1},
						 w:_{id:wall208}
					       },
					      _{ c:_{x:0,y:1},
						 w:_{id:wall207}
					       },
					      _{ c:_{x:5,y:0},
						 w:_{id:wall206}
					       },
					      _{ c:_{x:4,y:0},
						 w:_{id:wall205}
					       },
					      _{ c:_{x:3,y:0},
						 w:_{id:wall204}
					       },
					      _{ c:_{x:2,y:0},
						 w:_{id:wall203}
					       },
					      _{ c:_{x:1,y:0},
						 w:_{id:wall202}
					       },
					      _{ c:_{x:0,y:0},
						 w:_{id:wall201}
					       }
					    ]
				},
	      certain_fluents:_{ alive:[_{id:hunter}],
				 dir:[_{d:north,h:_{id:hunter}}],
				 fat_gold:[],
				 fat_hunter:_{ c:_{x:2,y:4},
					       h:_{id:hunter}
					     },
				 game_state:running,
				 has_arrow:[ _{ a:_{id:arrow11},
						h:_{id:hunter}
					      }
					   ],
				 has_gold:true,
				 score:0,
				 visited:[ _{ from:_{x:2,y:3},
					      to:_{x:2,y:4}
					    },
					   _{ from:_{x:2,y:2},
					      to:_{x:2,y:3}
					    },
					   _{ from:_{x:2,y:1},
					      to:_{x:2,y:2}
					    },
					   _{ from:_{x:2,y:2},
					      to:_{x:2,y:1}
					    },
					   _{ from:_{x:3,y:2},
					      to:_{x:2,y:2}
					    },
					   _{ from:_{x:2,y:2},
					      to:_{x:3,y:2}
					    },
					   _{ from:_{x:1,y:2},
					      to:_{x:2,y:2}
					    },
					   _{ from:_{x:1,y:3},
					      to:_{x:1,y:2}
					    },
					   _{ from:_{x:1,y:2},
					      to:_{x:1,y:3}
					    },
					   _{ from:_{x:1,y:1},
					      to:_{x:1,y:2}
					    }
					 ]
			       },
	      step:0,
	      uncertain_eternals:_{ eat_pit:[ _{ c:_{x:4,y:2},
						 p:_{id:true}
					       },
					      _{ c:_{x:3,y:1},
						 p:_{id:true}
					       },
					      _{ c:_{x:3,y:4},
						 p:_{id:true}
					       },
					      _{ c:_{x:1,y:1},
						 p:_{id:false}
					       },
					      _{ c:_{x:2,y:1},
						 p:_{id:false}
					       },
					      _{ c:_{x:1,y:2},
						 p:_{id:false}
					       },
					      _{ c:_{x:2,y:2},
						 p:_{id:false}
					       },
					      _{ c:_{x:1,y:3},
						 p:_{id:false}
					       },
					      _{ c:_{x:2,y:3},
						 p:_{id:false}
					       },
					      _{ c:_{x:1,y:4},
						 p:_{id:false}
					       },
					      _{ c:_{x:3,y:2},
						 p:_{id:false}
					       },
					      _{ c:_{x:3,y:3},
						 p:_{id:false}
					       },
					      _{ c:_{x:2,y:4},
						 p:_{id:false}
					       }
					    ],
				    eat_wumpus:[ _{ c:_{x:1,y:4},
						    w:_{id:true}
						  },
						 _{ c:_{x:3,y:4},
						    w:_{id:true}
						  },
						 _{ c:_{x:1,y:1},
						    w:_{id:false}
						  },
						 _{ c:_{x:2,y:1},
						    w:_{id:false}
						  },
						 _{ c:_{x:1,y:2},
						    w:_{id:false}
						  },
						 _{ c:_{x:2,y:2},
						    w:_{id:false}
						  },
						 _{ c:_{x:1,y:3},
						    w:_{id:false}
						  },
						 _{ c:_{x:3,y:2},
						    w:_{id:false}
						  },
						 _{ c:_{x:2,y:3},
						    w:_{id:false}
						  },
						 _{ c:_{x:3,y:1},
						    w:_{id:false}
						  },
						 _{ c:_{x:4,y:2},
						    w:_{id:false}
						  },
						 _{ c:_{x:3,y:3},
						    w:_{id:false}
						  },
						 _{ c:_{x:2,y:4},
						    w:_{id:false}
						  }
					       ]
				  },
	      uncertain_fluents:_{fatal:[]}
	    },
   percepts:[breeze,stench]
 }
completed(73, 0.07478970399999996, 4033, 200, ok).
/*Sat Mar  9 15:29:02 2024*/ request(74, 1709994542.911, [peer(ip(127,0,0,1)),method(put),request_uri('/action'),path('/action'),http_version(1-1),host(localhost),port(8081),connection('keep-alive'),content_length(3203),sec_ch_ua('"Chromium";v="122", "Not(A:Brand";v="24", "Brave";v="122"'),sec_ch_ua_platform('"Linux"'),sec_ch_ua_mobile('?0'),user_agent('Mozilla/5.0 (X11; Linux x86_64) AppleWebKit/537.36 (KHTML, like Gecko) Chrome/122.0.0.0 Safari/537.36'),content_type('application/json'),sec_gpc('1'),origin('http://localhost:9000'),sec_fetch_site('same-site'),sec_fetch_mode(cors),sec_fetch_dest(empty),referer('http://localhost:9000/')]).
_{ beliefs:_{ certain_eternals:_{ cells:[ _{x:0,y:0},
					  _{x:1,y:0},
					  _{x:2,y:0},
					  _{x:3,y:0},
					  _{x:4,y:0},
					  _{x:5,y:0},
					  _{x:0,y:1},
					  _{x:1,y:1},
					  _{x:2,y:1},
					  _{x:3,y:1},
					  _{x:4,y:1},
					  _{x:5,y:1},
					  _{x:0,y:2},
					  _{x:1,y:2},
					  _{x:2,y:2},
					  _{x:3,y:2},
					  _{x:4,y:2},
					  _{x:5,y:2},
					  _{x:0,y:3},
					  _{x:1,y:3},
					  _{x:2,y:3},
					  _{x:3,y:3},
					  _{x:4,y:3},
					  _{x:5,y:3},
					  _{x:0,y:4},
					  _{x:1,y:4},
					  _{x:2,y:4},
					  _{x:3,y:4},
					  _{x:4,y:4},
					  _{x:5,y:4},
					  _{x:0,y:5},
					  _{x:1,y:5},
					  _{x:2,y:5},
					  _{x:3,y:5},
					  _{x:4,y:5},
					  _{x:5,y:5}
					],
				  eat_exit:_{c:_{x:1,y:1},e:_{id:exit}},
				  eat_walls:[ _{ c:_{x:5,y:5},
						 w:_{id:wall220}
					       },
					      _{ c:_{x:4,y:5},
						 w:_{id:wall219}
					       },
					      _{ c:_{x:3,y:5},
						 w:_{id:wall218}
					       },
					      _{ c:_{x:2,y:5},
						 w:_{id:wall217}
					       },
					      _{ c:_{x:1,y:5},
						 w:_{id:wall216}
					       },
					      _{ c:_{x:0,y:5},
						 w:_{id:wall215}
					       },
					      _{ c:_{x:5,y:4},
						 w:_{id:wall214}
					       },
					      _{ c:_{x:0,y:4},
						 w:_{id:wall213}
					       },
					      _{ c:_{x:5,y:3},
						 w:_{id:wall212}
					       },
					      _{ c:_{x:0,y:3},
						 w:_{id:wall211}
					       },
					      _{ c:_{x:5,y:2},
						 w:_{id:wall210}
					       },
					      _{ c:_{x:0,y:2},
						 w:_{id:wall209}
					       },
					      _{ c:_{x:5,y:1},
						 w:_{id:wall208}
					       },
					      _{ c:_{x:0,y:1},
						 w:_{id:wall207}
					       },
					      _{ c:_{x:5,y:0},
						 w:_{id:wall206}
					       },
					      _{ c:_{x:4,y:0},
						 w:_{id:wall205}
					       },
					      _{ c:_{x:3,y:0},
						 w:_{id:wall204}
					       },
					      _{ c:_{x:2,y:0},
						 w:_{id:wall203}
					       },
					      _{ c:_{x:1,y:0},
						 w:_{id:wall202}
					       },
					      _{ c:_{x:0,y:0},
						 w:_{id:wall201}
					       }
					    ]
				},
	      certain_fluents:_{ alive:[_{id:hunter}],
				 dir:[_{d:east,h:_{id:hunter}}],
				 fat_gold:[],
				 fat_hunter:_{ c:_{x:2,y:4},
					       h:_{id:hunter}
					     },
				 game_state:running,
				 has_arrow:[ _{ a:_{id:arrow11},
						h:_{id:hunter}
					      }
					   ],
				 has_gold:true,
				 score:0,
				 visited:[ _{ from:_{x:2,y:3},
					      to:_{x:2,y:4}
					    },
					   _{ from:_{x:2,y:2},
					      to:_{x:2,y:3}
					    },
					   _{ from:_{x:2,y:1},
					      to:_{x:2,y:2}
					    },
					   _{ from:_{x:2,y:2},
					      to:_{x:2,y:1}
					    },
					   _{ from:_{x:3,y:2},
					      to:_{x:2,y:2}
					    },
					   _{ from:_{x:2,y:2},
					      to:_{x:3,y:2}
					    },
					   _{ from:_{x:1,y:2},
					      to:_{x:2,y:2}
					    },
					   _{ from:_{x:1,y:3},
					      to:_{x:1,y:2}
					    },
					   _{ from:_{x:1,y:2},
					      to:_{x:1,y:3}
					    },
					   _{ from:_{x:1,y:1},
					      to:_{x:1,y:2}
					    }
					 ]
			       },
	      step:0,
	      uncertain_eternals:_{ eat_pit:[ _{ c:_{x:4,y:2},
						 p:_{id:true}
					       },
					      _{ c:_{x:3,y:1},
						 p:_{id:true}
					       },
					      _{ c:_{x:3,y:4},
						 p:_{id:true}
					       },
					      _{ c:_{x:1,y:1},
						 p:_{id:false}
					       },
					      _{ c:_{x:2,y:1},
						 p:_{id:false}
					       },
					      _{ c:_{x:1,y:2},
						 p:_{id:false}
					       },
					      _{ c:_{x:2,y:2},
						 p:_{id:false}
					       },
					      _{ c:_{x:1,y:3},
						 p:_{id:false}
					       },
					      _{ c:_{x:2,y:3},
						 p:_{id:false}
					       },
					      _{ c:_{x:1,y:4},
						 p:_{id:false}
					       },
					      _{ c:_{x:3,y:2},
						 p:_{id:false}
					       },
					      _{ c:_{x:3,y:3},
						 p:_{id:false}
					       },
					      _{ c:_{x:2,y:4},
						 p:_{id:false}
					       }
					    ],
				    eat_wumpus:[ _{ c:_{x:1,y:4},
						    w:_{id:true}
						  },
						 _{ c:_{x:3,y:4},
						    w:_{id:true}
						  },
						 _{ c:_{x:1,y:1},
						    w:_{id:false}
						  },
						 _{ c:_{x:2,y:1},
						    w:_{id:false}
						  },
						 _{ c:_{x:1,y:2},
						    w:_{id:false}
						  },
						 _{ c:_{x:2,y:2},
						    w:_{id:false}
						  },
						 _{ c:_{x:1,y:3},
						    w:_{id:false}
						  },
						 _{ c:_{x:3,y:2},
						    w:_{id:false}
						  },
						 _{ c:_{x:2,y:3},
						    w:_{id:false}
						  },
						 _{ c:_{x:3,y:1},
						    w:_{id:false}
						  },
						 _{ c:_{x:4,y:2},
						    w:_{id:false}
						  },
						 _{ c:_{x:3,y:3},
						    w:_{id:false}
						  },
						 _{ c:_{x:2,y:4},
						    w:_{id:false}
						  }
					       ]
				  },
	      uncertain_fluents:_{fatal:[]}
	    },
   percepts:[breeze,stench]
 }
completed(74, 0.07220501899999998, 4034, 200, ok).
/*Sat Mar  9 15:29:04 2024*/ request(75, 1709994544.090, [peer(ip(127,0,0,1)),method(put),request_uri('/action'),path('/action'),http_version(1-1),host(localhost),port(8081),connection('keep-alive'),content_length(3204),sec_ch_ua('"Chromium";v="122", "Not(A:Brand";v="24", "Brave";v="122"'),sec_ch_ua_platform('"Linux"'),sec_ch_ua_mobile('?0'),user_agent('Mozilla/5.0 (X11; Linux x86_64) AppleWebKit/537.36 (KHTML, like Gecko) Chrome/122.0.0.0 Safari/537.36'),content_type('application/json'),sec_gpc('1'),origin('http://localhost:9000'),sec_fetch_site('same-site'),sec_fetch_mode(cors),sec_fetch_dest(empty),referer('http://localhost:9000/')]).
_{ beliefs:_{ certain_eternals:_{ cells:[ _{x:0,y:0},
					  _{x:1,y:0},
					  _{x:2,y:0},
					  _{x:3,y:0},
					  _{x:4,y:0},
					  _{x:5,y:0},
					  _{x:0,y:1},
					  _{x:1,y:1},
					  _{x:2,y:1},
					  _{x:3,y:1},
					  _{x:4,y:1},
					  _{x:5,y:1},
					  _{x:0,y:2},
					  _{x:1,y:2},
					  _{x:2,y:2},
					  _{x:3,y:2},
					  _{x:4,y:2},
					  _{x:5,y:2},
					  _{x:0,y:3},
					  _{x:1,y:3},
					  _{x:2,y:3},
					  _{x:3,y:3},
					  _{x:4,y:3},
					  _{x:5,y:3},
					  _{x:0,y:4},
					  _{x:1,y:4},
					  _{x:2,y:4},
					  _{x:3,y:4},
					  _{x:4,y:4},
					  _{x:5,y:4},
					  _{x:0,y:5},
					  _{x:1,y:5},
					  _{x:2,y:5},
					  _{x:3,y:5},
					  _{x:4,y:5},
					  _{x:5,y:5}
					],
				  eat_exit:_{c:_{x:1,y:1},e:_{id:exit}},
				  eat_walls:[ _{ c:_{x:5,y:5},
						 w:_{id:wall220}
					       },
					      _{ c:_{x:4,y:5},
						 w:_{id:wall219}
					       },
					      _{ c:_{x:3,y:5},
						 w:_{id:wall218}
					       },
					      _{ c:_{x:2,y:5},
						 w:_{id:wall217}
					       },
					      _{ c:_{x:1,y:5},
						 w:_{id:wall216}
					       },
					      _{ c:_{x:0,y:5},
						 w:_{id:wall215}
					       },
					      _{ c:_{x:5,y:4},
						 w:_{id:wall214}
					       },
					      _{ c:_{x:0,y:4},
						 w:_{id:wall213}
					       },
					      _{ c:_{x:5,y:3},
						 w:_{id:wall212}
					       },
					      _{ c:_{x:0,y:3},
						 w:_{id:wall211}
					       },
					      _{ c:_{x:5,y:2},
						 w:_{id:wall210}
					       },
					      _{ c:_{x:0,y:2},
						 w:_{id:wall209}
					       },
					      _{ c:_{x:5,y:1},
						 w:_{id:wall208}
					       },
					      _{ c:_{x:0,y:1},
						 w:_{id:wall207}
					       },
					      _{ c:_{x:5,y:0},
						 w:_{id:wall206}
					       },
					      _{ c:_{x:4,y:0},
						 w:_{id:wall205}
					       },
					      _{ c:_{x:3,y:0},
						 w:_{id:wall204}
					       },
					      _{ c:_{x:2,y:0},
						 w:_{id:wall203}
					       },
					      _{ c:_{x:1,y:0},
						 w:_{id:wall202}
					       },
					      _{ c:_{x:0,y:0},
						 w:_{id:wall201}
					       }
					    ]
				},
	      certain_fluents:_{ alive:[_{id:hunter}],
				 dir:[_{d:south,h:_{id:hunter}}],
				 fat_gold:[],
				 fat_hunter:_{ c:_{x:2,y:4},
					       h:_{id:hunter}
					     },
				 game_state:running,
				 has_arrow:[ _{ a:_{id:arrow11},
						h:_{id:hunter}
					      }
					   ],
				 has_gold:true,
				 score:0,
				 visited:[ _{ from:_{x:2,y:3},
					      to:_{x:2,y:4}
					    },
					   _{ from:_{x:2,y:2},
					      to:_{x:2,y:3}
					    },
					   _{ from:_{x:2,y:1},
					      to:_{x:2,y:2}
					    },
					   _{ from:_{x:2,y:2},
					      to:_{x:2,y:1}
					    },
					   _{ from:_{x:3,y:2},
					      to:_{x:2,y:2}
					    },
					   _{ from:_{x:2,y:2},
					      to:_{x:3,y:2}
					    },
					   _{ from:_{x:1,y:2},
					      to:_{x:2,y:2}
					    },
					   _{ from:_{x:1,y:3},
					      to:_{x:1,y:2}
					    },
					   _{ from:_{x:1,y:2},
					      to:_{x:1,y:3}
					    },
					   _{ from:_{x:1,y:1},
					      to:_{x:1,y:2}
					    }
					 ]
			       },
	      step:0,
	      uncertain_eternals:_{ eat_pit:[ _{ c:_{x:4,y:2},
						 p:_{id:true}
					       },
					      _{ c:_{x:3,y:1},
						 p:_{id:true}
					       },
					      _{ c:_{x:3,y:4},
						 p:_{id:true}
					       },
					      _{ c:_{x:1,y:1},
						 p:_{id:false}
					       },
					      _{ c:_{x:2,y:1},
						 p:_{id:false}
					       },
					      _{ c:_{x:1,y:2},
						 p:_{id:false}
					       },
					      _{ c:_{x:2,y:2},
						 p:_{id:false}
					       },
					      _{ c:_{x:1,y:3},
						 p:_{id:false}
					       },
					      _{ c:_{x:2,y:3},
						 p:_{id:false}
					       },
					      _{ c:_{x:1,y:4},
						 p:_{id:false}
					       },
					      _{ c:_{x:3,y:2},
						 p:_{id:false}
					       },
					      _{ c:_{x:3,y:3},
						 p:_{id:false}
					       },
					      _{ c:_{x:2,y:4},
						 p:_{id:false}
					       }
					    ],
				    eat_wumpus:[ _{ c:_{x:1,y:4},
						    w:_{id:true}
						  },
						 _{ c:_{x:3,y:4},
						    w:_{id:true}
						  },
						 _{ c:_{x:1,y:1},
						    w:_{id:false}
						  },
						 _{ c:_{x:2,y:1},
						    w:_{id:false}
						  },
						 _{ c:_{x:1,y:2},
						    w:_{id:false}
						  },
						 _{ c:_{x:2,y:2},
						    w:_{id:false}
						  },
						 _{ c:_{x:1,y:3},
						    w:_{id:false}
						  },
						 _{ c:_{x:3,y:2},
						    w:_{id:false}
						  },
						 _{ c:_{x:2,y:3},
						    w:_{id:false}
						  },
						 _{ c:_{x:3,y:1},
						    w:_{id:false}
						  },
						 _{ c:_{x:4,y:2},
						    w:_{id:false}
						  },
						 _{ c:_{x:3,y:3},
						    w:_{id:false}
						  },
						 _{ c:_{x:2,y:4},
						    w:_{id:false}
						  }
					       ]
				  },
	      uncertain_fluents:_{fatal:[]}
	    },
   percepts:[breeze,stench]
 }
completed(75, 0.0651144749999999, 3985, 200, ok).
/*Sat Mar  9 15:29:05 2024*/ request(76, 1709994545.080, [peer(ip(127,0,0,1)),method(put),request_uri('/action'),path('/action'),http_version(1-1),host(localhost),port(8081),connection('keep-alive'),content_length(3145),sec_ch_ua('"Chromium";v="122", "Not(A:Brand";v="24", "Brave";v="122"'),sec_ch_ua_platform('"Linux"'),sec_ch_ua_mobile('?0'),user_agent('Mozilla/5.0 (X11; Linux x86_64) AppleWebKit/537.36 (KHTML, like Gecko) Chrome/122.0.0.0 Safari/537.36'),content_type('application/json'),sec_gpc('1'),origin('http://localhost:9000'),sec_fetch_site('same-site'),sec_fetch_mode(cors),sec_fetch_dest(empty),referer('http://localhost:9000/')]).
_{ beliefs:_{ certain_eternals:_{ cells:[ _{x:0,y:0},
					  _{x:1,y:0},
					  _{x:2,y:0},
					  _{x:3,y:0},
					  _{x:4,y:0},
					  _{x:5,y:0},
					  _{x:0,y:1},
					  _{x:1,y:1},
					  _{x:2,y:1},
					  _{x:3,y:1},
					  _{x:4,y:1},
					  _{x:5,y:1},
					  _{x:0,y:2},
					  _{x:1,y:2},
					  _{x:2,y:2},
					  _{x:3,y:2},
					  _{x:4,y:2},
					  _{x:5,y:2},
					  _{x:0,y:3},
					  _{x:1,y:3},
					  _{x:2,y:3},
					  _{x:3,y:3},
					  _{x:4,y:3},
					  _{x:5,y:3},
					  _{x:0,y:4},
					  _{x:1,y:4},
					  _{x:2,y:4},
					  _{x:3,y:4},
					  _{x:4,y:4},
					  _{x:5,y:4},
					  _{x:0,y:5},
					  _{x:1,y:5},
					  _{x:2,y:5},
					  _{x:3,y:5},
					  _{x:4,y:5},
					  _{x:5,y:5}
					],
				  eat_exit:_{c:_{x:1,y:1},e:_{id:exit}},
				  eat_walls:[ _{ c:_{x:5,y:5},
						 w:_{id:wall220}
					       },
					      _{ c:_{x:4,y:5},
						 w:_{id:wall219}
					       },
					      _{ c:_{x:3,y:5},
						 w:_{id:wall218}
					       },
					      _{ c:_{x:2,y:5},
						 w:_{id:wall217}
					       },
					      _{ c:_{x:1,y:5},
						 w:_{id:wall216}
					       },
					      _{ c:_{x:0,y:5},
						 w:_{id:wall215}
					       },
					      _{ c:_{x:5,y:4},
						 w:_{id:wall214}
					       },
					      _{ c:_{x:0,y:4},
						 w:_{id:wall213}
					       },
					      _{ c:_{x:5,y:3},
						 w:_{id:wall212}
					       },
					      _{ c:_{x:0,y:3},
						 w:_{id:wall211}
					       },
					      _{ c:_{x:5,y:2},
						 w:_{id:wall210}
					       },
					      _{ c:_{x:0,y:2},
						 w:_{id:wall209}
					       },
					      _{ c:_{x:5,y:1},
						 w:_{id:wall208}
					       },
					      _{ c:_{x:0,y:1},
						 w:_{id:wall207}
					       },
					      _{ c:_{x:5,y:0},
						 w:_{id:wall206}
					       },
					      _{ c:_{x:4,y:0},
						 w:_{id:wall205}
					       },
					      _{ c:_{x:3,y:0},
						 w:_{id:wall204}
					       },
					      _{ c:_{x:2,y:0},
						 w:_{id:wall203}
					       },
					      _{ c:_{x:1,y:0},
						 w:_{id:wall202}
					       },
					      _{ c:_{x:0,y:0},
						 w:_{id:wall201}
					       }
					    ]
				},
	      certain_fluents:_{ alive:[_{id:hunter}],
				 dir:[_{d:south,h:_{id:hunter}}],
				 fat_gold:[],
				 fat_hunter:_{ c:_{x:2,y:3},
					       h:_{id:hunter}
					     },
				 game_state:running,
				 has_arrow:[ _{ a:_{id:arrow11},
						h:_{id:hunter}
					      }
					   ],
				 has_gold:true,
				 score:0,
				 visited:[ _{ from:_{x:2,y:2},
					      to:_{x:2,y:3}
					    },
					   _{ from:_{x:2,y:1},
					      to:_{x:2,y:2}
					    },
					   _{ from:_{x:2,y:2},
					      to:_{x:2,y:1}
					    },
					   _{ from:_{x:3,y:2},
					      to:_{x:2,y:2}
					    },
					   _{ from:_{x:2,y:2},
					      to:_{x:3,y:2}
					    },
					   _{ from:_{x:1,y:2},
					      to:_{x:2,y:2}
					    },
					   _{ from:_{x:1,y:3},
					      to:_{x:1,y:2}
					    },
					   _{ from:_{x:1,y:2},
					      to:_{x:1,y:3}
					    },
					   _{ from:_{x:1,y:1},
					      to:_{x:1,y:2}
					    }
					 ]
			       },
	      step:0,
	      uncertain_eternals:_{ eat_pit:[ _{ c:_{x:4,y:2},
						 p:_{id:true}
					       },
					      _{ c:_{x:3,y:1},
						 p:_{id:true}
					       },
					      _{ c:_{x:3,y:4},
						 p:_{id:true}
					       },
					      _{ c:_{x:1,y:1},
						 p:_{id:false}
					       },
					      _{ c:_{x:2,y:1},
						 p:_{id:false}
					       },
					      _{ c:_{x:1,y:2},
						 p:_{id:false}
					       },
					      _{ c:_{x:2,y:2},
						 p:_{id:false}
					       },
					      _{ c:_{x:1,y:3},
						 p:_{id:false}
					       },
					      _{ c:_{x:2,y:3},
						 p:_{id:false}
					       },
					      _{ c:_{x:1,y:4},
						 p:_{id:false}
					       },
					      _{ c:_{x:3,y:2},
						 p:_{id:false}
					       },
					      _{ c:_{x:3,y:3},
						 p:_{id:false}
					       },
					      _{ c:_{x:2,y:4},
						 p:_{id:false}
					       }
					    ],
				    eat_wumpus:[ _{ c:_{x:1,y:4},
						    w:_{id:true}
						  },
						 _{ c:_{x:3,y:4},
						    w:_{id:true}
						  },
						 _{ c:_{x:1,y:1},
						    w:_{id:false}
						  },
						 _{ c:_{x:2,y:1},
						    w:_{id:false}
						  },
						 _{ c:_{x:1,y:2},
						    w:_{id:false}
						  },
						 _{ c:_{x:2,y:2},
						    w:_{id:false}
						  },
						 _{ c:_{x:1,y:3},
						    w:_{id:false}
						  },
						 _{ c:_{x:3,y:2},
						    w:_{id:false}
						  },
						 _{ c:_{x:2,y:3},
						    w:_{id:false}
						  },
						 _{ c:_{x:3,y:1},
						    w:_{id:false}
						  },
						 _{ c:_{x:4,y:2},
						    w:_{id:false}
						  },
						 _{ c:_{x:3,y:3},
						    w:_{id:false}
						  },
						 _{ c:_{x:2,y:4},
						    w:_{id:false}
						  }
					       ]
				  },
	      uncertain_fluents:_{fatal:[]}
	    },
   percepts:[]
 }
completed(76, 0.058128398000000026, 3915, 200, ok).
/*Sat Mar  9 15:29:06 2024*/ request(77, 1709994546.259, [peer(ip(127,0,0,1)),method(put),request_uri('/action'),path('/action'),http_version(1-1),host(localhost),port(8081),connection('keep-alive'),content_length(3103),sec_ch_ua('"Chromium";v="122", "Not(A:Brand";v="24", "Brave";v="122"'),sec_ch_ua_platform('"Linux"'),sec_ch_ua_mobile('?0'),user_agent('Mozilla/5.0 (X11; Linux x86_64) AppleWebKit/537.36 (KHTML, like Gecko) Chrome/122.0.0.0 Safari/537.36'),content_type('application/json'),sec_gpc('1'),origin('http://localhost:9000'),sec_fetch_site('same-site'),sec_fetch_mode(cors),sec_fetch_dest(empty),referer('http://localhost:9000/')]).
_{ beliefs:_{ certain_eternals:_{ cells:[ _{x:0,y:0},
					  _{x:1,y:0},
					  _{x:2,y:0},
					  _{x:3,y:0},
					  _{x:4,y:0},
					  _{x:5,y:0},
					  _{x:0,y:1},
					  _{x:1,y:1},
					  _{x:2,y:1},
					  _{x:3,y:1},
					  _{x:4,y:1},
					  _{x:5,y:1},
					  _{x:0,y:2},
					  _{x:1,y:2},
					  _{x:2,y:2},
					  _{x:3,y:2},
					  _{x:4,y:2},
					  _{x:5,y:2},
					  _{x:0,y:3},
					  _{x:1,y:3},
					  _{x:2,y:3},
					  _{x:3,y:3},
					  _{x:4,y:3},
					  _{x:5,y:3},
					  _{x:0,y:4},
					  _{x:1,y:4},
					  _{x:2,y:4},
					  _{x:3,y:4},
					  _{x:4,y:4},
					  _{x:5,y:4},
					  _{x:0,y:5},
					  _{x:1,y:5},
					  _{x:2,y:5},
					  _{x:3,y:5},
					  _{x:4,y:5},
					  _{x:5,y:5}
					],
				  eat_exit:_{c:_{x:1,y:1},e:_{id:exit}},
				  eat_walls:[ _{ c:_{x:5,y:5},
						 w:_{id:wall220}
					       },
					      _{ c:_{x:4,y:5},
						 w:_{id:wall219}
					       },
					      _{ c:_{x:3,y:5},
						 w:_{id:wall218}
					       },
					      _{ c:_{x:2,y:5},
						 w:_{id:wall217}
					       },
					      _{ c:_{x:1,y:5},
						 w:_{id:wall216}
					       },
					      _{ c:_{x:0,y:5},
						 w:_{id:wall215}
					       },
					      _{ c:_{x:5,y:4},
						 w:_{id:wall214}
					       },
					      _{ c:_{x:0,y:4},
						 w:_{id:wall213}
					       },
					      _{ c:_{x:5,y:3},
						 w:_{id:wall212}
					       },
					      _{ c:_{x:0,y:3},
						 w:_{id:wall211}
					       },
					      _{ c:_{x:5,y:2},
						 w:_{id:wall210}
					       },
					      _{ c:_{x:0,y:2},
						 w:_{id:wall209}
					       },
					      _{ c:_{x:5,y:1},
						 w:_{id:wall208}
					       },
					      _{ c:_{x:0,y:1},
						 w:_{id:wall207}
					       },
					      _{ c:_{x:5,y:0},
						 w:_{id:wall206}
					       },
					      _{ c:_{x:4,y:0},
						 w:_{id:wall205}
					       },
					      _{ c:_{x:3,y:0},
						 w:_{id:wall204}
					       },
					      _{ c:_{x:2,y:0},
						 w:_{id:wall203}
					       },
					      _{ c:_{x:1,y:0},
						 w:_{id:wall202}
					       },
					      _{ c:_{x:0,y:0},
						 w:_{id:wall201}
					       }
					    ]
				},
	      certain_fluents:_{ alive:[_{id:hunter}],
				 dir:[_{d:south,h:_{id:hunter}}],
				 fat_gold:[],
				 fat_hunter:_{ c:_{x:2,y:2},
					       h:_{id:hunter}
					     },
				 game_state:running,
				 has_arrow:[ _{ a:_{id:arrow11},
						h:_{id:hunter}
					      }
					   ],
				 has_gold:true,
				 score:0,
				 visited:[ _{ from:_{x:2,y:1},
					      to:_{x:2,y:2}
					    },
					   _{ from:_{x:2,y:2},
					      to:_{x:2,y:1}
					    },
					   _{ from:_{x:3,y:2},
					      to:_{x:2,y:2}
					    },
					   _{ from:_{x:2,y:2},
					      to:_{x:3,y:2}
					    },
					   _{ from:_{x:1,y:2},
					      to:_{x:2,y:2}
					    },
					   _{ from:_{x:1,y:3},
					      to:_{x:1,y:2}
					    },
					   _{ from:_{x:1,y:2},
					      to:_{x:1,y:3}
					    },
					   _{ from:_{x:1,y:1},
					      to:_{x:1,y:2}
					    }
					 ]
			       },
	      step:0,
	      uncertain_eternals:_{ eat_pit:[ _{ c:_{x:4,y:2},
						 p:_{id:true}
					       },
					      _{ c:_{x:3,y:1},
						 p:_{id:true}
					       },
					      _{ c:_{x:3,y:4},
						 p:_{id:true}
					       },
					      _{ c:_{x:1,y:1},
						 p:_{id:false}
					       },
					      _{ c:_{x:2,y:1},
						 p:_{id:false}
					       },
					      _{ c:_{x:1,y:2},
						 p:_{id:false}
					       },
					      _{ c:_{x:2,y:2},
						 p:_{id:false}
					       },
					      _{ c:_{x:1,y:3},
						 p:_{id:false}
					       },
					      _{ c:_{x:2,y:3},
						 p:_{id:false}
					       },
					      _{ c:_{x:1,y:4},
						 p:_{id:false}
					       },
					      _{ c:_{x:3,y:2},
						 p:_{id:false}
					       },
					      _{ c:_{x:3,y:3},
						 p:_{id:false}
					       },
					      _{ c:_{x:2,y:4},
						 p:_{id:false}
					       }
					    ],
				    eat_wumpus:[ _{ c:_{x:1,y:4},
						    w:_{id:true}
						  },
						 _{ c:_{x:3,y:4},
						    w:_{id:true}
						  },
						 _{ c:_{x:1,y:1},
						    w:_{id:false}
						  },
						 _{ c:_{x:2,y:1},
						    w:_{id:false}
						  },
						 _{ c:_{x:1,y:2},
						    w:_{id:false}
						  },
						 _{ c:_{x:2,y:2},
						    w:_{id:false}
						  },
						 _{ c:_{x:1,y:3},
						    w:_{id:false}
						  },
						 _{ c:_{x:3,y:2},
						    w:_{id:false}
						  },
						 _{ c:_{x:2,y:3},
						    w:_{id:false}
						  },
						 _{ c:_{x:3,y:1},
						    w:_{id:false}
						  },
						 _{ c:_{x:4,y:2},
						    w:_{id:false}
						  },
						 _{ c:_{x:3,y:3},
						    w:_{id:false}
						  },
						 _{ c:_{x:2,y:4},
						    w:_{id:false}
						  }
					       ]
				  },
	      uncertain_fluents:_{fatal:[]}
	    },
   percepts:[]
 }
completed(77, 0.07810579699999987, 3864, 200, ok).
/*Sat Mar  9 15:29:07 2024*/ request(78, 1709994547.357, [peer(ip(127,0,0,1)),method(options),request_uri('/action'),path('/action'),http_version(1-1),host(localhost),port(8081),connection('keep-alive'),access_control_request_method('PUT'),access_control_request_headers('content-type'),origin('http://localhost:9000'),user_agent('Mozilla/5.0 (X11; Linux x86_64) AppleWebKit/537.36 (KHTML, like Gecko) Chrome/122.0.0.0 Safari/537.36'),sec_fetch_mode(cors),sec_fetch_site('same-site'),sec_fetch_dest(empty),referer('http://localhost:9000/')]).
completed(78, 0.003720067000000049, 0, 200, ok).
/*Sat Mar  9 15:29:07 2024*/ request(79, 1709994547.365, [peer(ip(127,0,0,1)),method(put),request_uri('/action'),path('/action'),http_version(1-1),host(localhost),port(8081),connection('keep-alive'),content_length(3069),sec_ch_ua('"Chromium";v="122", "Not(A:Brand";v="24", "Brave";v="122"'),sec_ch_ua_platform('"Linux"'),sec_ch_ua_mobile('?0'),user_agent('Mozilla/5.0 (X11; Linux x86_64) AppleWebKit/537.36 (KHTML, like Gecko) Chrome/122.0.0.0 Safari/537.36'),content_type('application/json'),sec_gpc('1'),origin('http://localhost:9000'),sec_fetch_site('same-site'),sec_fetch_mode(cors),sec_fetch_dest(empty),referer('http://localhost:9000/')]).
_{ beliefs:_{ certain_eternals:_{ cells:[ _{x:0,y:0},
					  _{x:1,y:0},
					  _{x:2,y:0},
					  _{x:3,y:0},
					  _{x:4,y:0},
					  _{x:5,y:0},
					  _{x:0,y:1},
					  _{x:1,y:1},
					  _{x:2,y:1},
					  _{x:3,y:1},
					  _{x:4,y:1},
					  _{x:5,y:1},
					  _{x:0,y:2},
					  _{x:1,y:2},
					  _{x:2,y:2},
					  _{x:3,y:2},
					  _{x:4,y:2},
					  _{x:5,y:2},
					  _{x:0,y:3},
					  _{x:1,y:3},
					  _{x:2,y:3},
					  _{x:3,y:3},
					  _{x:4,y:3},
					  _{x:5,y:3},
					  _{x:0,y:4},
					  _{x:1,y:4},
					  _{x:2,y:4},
					  _{x:3,y:4},
					  _{x:4,y:4},
					  _{x:5,y:4},
					  _{x:0,y:5},
					  _{x:1,y:5},
					  _{x:2,y:5},
					  _{x:3,y:5},
					  _{x:4,y:5},
					  _{x:5,y:5}
					],
				  eat_exit:_{c:_{x:1,y:1},e:_{id:exit}},
				  eat_walls:[ _{ c:_{x:5,y:5},
						 w:_{id:wall220}
					       },
					      _{ c:_{x:4,y:5},
						 w:_{id:wall219}
					       },
					      _{ c:_{x:3,y:5},
						 w:_{id:wall218}
					       },
					      _{ c:_{x:2,y:5},
						 w:_{id:wall217}
					       },
					      _{ c:_{x:1,y:5},
						 w:_{id:wall216}
					       },
					      _{ c:_{x:0,y:5},
						 w:_{id:wall215}
					       },
					      _{ c:_{x:5,y:4},
						 w:_{id:wall214}
					       },
					      _{ c:_{x:0,y:4},
						 w:_{id:wall213}
					       },
					      _{ c:_{x:5,y:3},
						 w:_{id:wall212}
					       },
					      _{ c:_{x:0,y:3},
						 w:_{id:wall211}
					       },
					      _{ c:_{x:5,y:2},
						 w:_{id:wall210}
					       },
					      _{ c:_{x:0,y:2},
						 w:_{id:wall209}
					       },
					      _{ c:_{x:5,y:1},
						 w:_{id:wall208}
					       },
					      _{ c:_{x:0,y:1},
						 w:_{id:wall207}
					       },
					      _{ c:_{x:5,y:0},
						 w:_{id:wall206}
					       },
					      _{ c:_{x:4,y:0},
						 w:_{id:wall205}
					       },
					      _{ c:_{x:3,y:0},
						 w:_{id:wall204}
					       },
					      _{ c:_{x:2,y:0},
						 w:_{id:wall203}
					       },
					      _{ c:_{x:1,y:0},
						 w:_{id:wall202}
					       },
					      _{ c:_{x:0,y:0},
						 w:_{id:wall201}
					       }
					    ]
				},
	      certain_fluents:_{ alive:[_{id:hunter}],
				 dir:[_{d:south,h:_{id:hunter}}],
				 fat_gold:[],
				 fat_hunter:_{ c:_{x:2,y:1},
					       h:_{id:hunter}
					     },
				 game_state:running,
				 has_arrow:[ _{ a:_{id:arrow11},
						h:_{id:hunter}
					      }
					   ],
				 has_gold:true,
				 score:0,
				 visited:[ _{ from:_{x:2,y:2},
					      to:_{x:2,y:1}
					    },
					   _{ from:_{x:3,y:2},
					      to:_{x:2,y:2}
					    },
					   _{ from:_{x:2,y:2},
					      to:_{x:3,y:2}
					    },
					   _{ from:_{x:1,y:2},
					      to:_{x:2,y:2}
					    },
					   _{ from:_{x:1,y:3},
					      to:_{x:1,y:2}
					    },
					   _{ from:_{x:1,y:2},
					      to:_{x:1,y:3}
					    },
					   _{ from:_{x:1,y:1},
					      to:_{x:1,y:2}
					    }
					 ]
			       },
	      step:0,
	      uncertain_eternals:_{ eat_pit:[ _{ c:_{x:4,y:2},
						 p:_{id:true}
					       },
					      _{ c:_{x:3,y:1},
						 p:_{id:true}
					       },
					      _{ c:_{x:3,y:4},
						 p:_{id:true}
					       },
					      _{ c:_{x:1,y:1},
						 p:_{id:false}
					       },
					      _{ c:_{x:2,y:1},
						 p:_{id:false}
					       },
					      _{ c:_{x:1,y:2},
						 p:_{id:false}
					       },
					      _{ c:_{x:2,y:2},
						 p:_{id:false}
					       },
					      _{ c:_{x:1,y:3},
						 p:_{id:false}
					       },
					      _{ c:_{x:2,y:3},
						 p:_{id:false}
					       },
					      _{ c:_{x:1,y:4},
						 p:_{id:false}
					       },
					      _{ c:_{x:3,y:2},
						 p:_{id:false}
					       },
					      _{ c:_{x:3,y:3},
						 p:_{id:false}
					       },
					      _{ c:_{x:2,y:4},
						 p:_{id:false}
					       }
					    ],
				    eat_wumpus:[ _{ c:_{x:1,y:4},
						    w:_{id:true}
						  },
						 _{ c:_{x:3,y:4},
						    w:_{id:true}
						  },
						 _{ c:_{x:1,y:1},
						    w:_{id:false}
						  },
						 _{ c:_{x:2,y:1},
						    w:_{id:false}
						  },
						 _{ c:_{x:1,y:2},
						    w:_{id:false}
						  },
						 _{ c:_{x:2,y:2},
						    w:_{id:false}
						  },
						 _{ c:_{x:1,y:3},
						    w:_{id:false}
						  },
						 _{ c:_{x:3,y:2},
						    w:_{id:false}
						  },
						 _{ c:_{x:2,y:3},
						    w:_{id:false}
						  },
						 _{ c:_{x:3,y:1},
						    w:_{id:false}
						  },
						 _{ c:_{x:4,y:2},
						    w:_{id:false}
						  },
						 _{ c:_{x:3,y:3},
						    w:_{id:false}
						  },
						 _{ c:_{x:2,y:4},
						    w:_{id:false}
						  }
					       ]
				  },
	      uncertain_fluents:_{fatal:[]}
	    },
   percepts:[breeze]
 }
completed(79, 0.06892224599999985, 3870, 200, ok).
/*Sat Mar  9 15:29:08 2024*/ request(80, 1709994548.930, [peer(ip(127,0,0,1)),method(put),request_uri('/action'),path('/action'),http_version(1-1),host(localhost),port(8081),connection('keep-alive'),content_length(3068),sec_ch_ua('"Chromium";v="122", "Not(A:Brand";v="24", "Brave";v="122"'),sec_ch_ua_platform('"Linux"'),sec_ch_ua_mobile('?0'),user_agent('Mozilla/5.0 (X11; Linux x86_64) AppleWebKit/537.36 (KHTML, like Gecko) Chrome/122.0.0.0 Safari/537.36'),content_type('application/json'),sec_gpc('1'),origin('http://localhost:9000'),sec_fetch_site('same-site'),sec_fetch_mode(cors),sec_fetch_dest(empty),referer('http://localhost:9000/')]).
_{ beliefs:_{ certain_eternals:_{ cells:[ _{x:0,y:0},
					  _{x:1,y:0},
					  _{x:2,y:0},
					  _{x:3,y:0},
					  _{x:4,y:0},
					  _{x:5,y:0},
					  _{x:0,y:1},
					  _{x:1,y:1},
					  _{x:2,y:1},
					  _{x:3,y:1},
					  _{x:4,y:1},
					  _{x:5,y:1},
					  _{x:0,y:2},
					  _{x:1,y:2},
					  _{x:2,y:2},
					  _{x:3,y:2},
					  _{x:4,y:2},
					  _{x:5,y:2},
					  _{x:0,y:3},
					  _{x:1,y:3},
					  _{x:2,y:3},
					  _{x:3,y:3},
					  _{x:4,y:3},
					  _{x:5,y:3},
					  _{x:0,y:4},
					  _{x:1,y:4},
					  _{x:2,y:4},
					  _{x:3,y:4},
					  _{x:4,y:4},
					  _{x:5,y:4},
					  _{x:0,y:5},
					  _{x:1,y:5},
					  _{x:2,y:5},
					  _{x:3,y:5},
					  _{x:4,y:5},
					  _{x:5,y:5}
					],
				  eat_exit:_{c:_{x:1,y:1},e:_{id:exit}},
				  eat_walls:[ _{ c:_{x:5,y:5},
						 w:_{id:wall220}
					       },
					      _{ c:_{x:4,y:5},
						 w:_{id:wall219}
					       },
					      _{ c:_{x:3,y:5},
						 w:_{id:wall218}
					       },
					      _{ c:_{x:2,y:5},
						 w:_{id:wall217}
					       },
					      _{ c:_{x:1,y:5},
						 w:_{id:wall216}
					       },
					      _{ c:_{x:0,y:5},
						 w:_{id:wall215}
					       },
					      _{ c:_{x:5,y:4},
						 w:_{id:wall214}
					       },
					      _{ c:_{x:0,y:4},
						 w:_{id:wall213}
					       },
					      _{ c:_{x:5,y:3},
						 w:_{id:wall212}
					       },
					      _{ c:_{x:0,y:3},
						 w:_{id:wall211}
					       },
					      _{ c:_{x:5,y:2},
						 w:_{id:wall210}
					       },
					      _{ c:_{x:0,y:2},
						 w:_{id:wall209}
					       },
					      _{ c:_{x:5,y:1},
						 w:_{id:wall208}
					       },
					      _{ c:_{x:0,y:1},
						 w:_{id:wall207}
					       },
					      _{ c:_{x:5,y:0},
						 w:_{id:wall206}
					       },
					      _{ c:_{x:4,y:0},
						 w:_{id:wall205}
					       },
					      _{ c:_{x:3,y:0},
						 w:_{id:wall204}
					       },
					      _{ c:_{x:2,y:0},
						 w:_{id:wall203}
					       },
					      _{ c:_{x:1,y:0},
						 w:_{id:wall202}
					       },
					      _{ c:_{x:0,y:0},
						 w:_{id:wall201}
					       }
					    ]
				},
	      certain_fluents:_{ alive:[_{id:hunter}],
				 dir:[_{d:west,h:_{id:hunter}}],
				 fat_gold:[],
				 fat_hunter:_{ c:_{x:2,y:1},
					       h:_{id:hunter}
					     },
				 game_state:running,
				 has_arrow:[ _{ a:_{id:arrow11},
						h:_{id:hunter}
					      }
					   ],
				 has_gold:true,
				 score:0,
				 visited:[ _{ from:_{x:2,y:2},
					      to:_{x:2,y:1}
					    },
					   _{ from:_{x:3,y:2},
					      to:_{x:2,y:2}
					    },
					   _{ from:_{x:2,y:2},
					      to:_{x:3,y:2}
					    },
					   _{ from:_{x:1,y:2},
					      to:_{x:2,y:2}
					    },
					   _{ from:_{x:1,y:3},
					      to:_{x:1,y:2}
					    },
					   _{ from:_{x:1,y:2},
					      to:_{x:1,y:3}
					    },
					   _{ from:_{x:1,y:1},
					      to:_{x:1,y:2}
					    }
					 ]
			       },
	      step:0,
	      uncertain_eternals:_{ eat_pit:[ _{ c:_{x:4,y:2},
						 p:_{id:true}
					       },
					      _{ c:_{x:3,y:1},
						 p:_{id:true}
					       },
					      _{ c:_{x:3,y:4},
						 p:_{id:true}
					       },
					      _{ c:_{x:1,y:1},
						 p:_{id:false}
					       },
					      _{ c:_{x:2,y:1},
						 p:_{id:false}
					       },
					      _{ c:_{x:1,y:2},
						 p:_{id:false}
					       },
					      _{ c:_{x:2,y:2},
						 p:_{id:false}
					       },
					      _{ c:_{x:1,y:3},
						 p:_{id:false}
					       },
					      _{ c:_{x:2,y:3},
						 p:_{id:false}
					       },
					      _{ c:_{x:1,y:4},
						 p:_{id:false}
					       },
					      _{ c:_{x:3,y:2},
						 p:_{id:false}
					       },
					      _{ c:_{x:3,y:3},
						 p:_{id:false}
					       },
					      _{ c:_{x:2,y:4},
						 p:_{id:false}
					       }
					    ],
				    eat_wumpus:[ _{ c:_{x:1,y:4},
						    w:_{id:true}
						  },
						 _{ c:_{x:3,y:4},
						    w:_{id:true}
						  },
						 _{ c:_{x:1,y:1},
						    w:_{id:false}
						  },
						 _{ c:_{x:2,y:1},
						    w:_{id:false}
						  },
						 _{ c:_{x:1,y:2},
						    w:_{id:false}
						  },
						 _{ c:_{x:2,y:2},
						    w:_{id:false}
						  },
						 _{ c:_{x:1,y:3},
						    w:_{id:false}
						  },
						 _{ c:_{x:3,y:2},
						    w:_{id:false}
						  },
						 _{ c:_{x:2,y:3},
						    w:_{id:false}
						  },
						 _{ c:_{x:3,y:1},
						    w:_{id:false}
						  },
						 _{ c:_{x:4,y:2},
						    w:_{id:false}
						  },
						 _{ c:_{x:3,y:3},
						    w:_{id:false}
						  },
						 _{ c:_{x:2,y:4},
						    w:_{id:false}
						  }
					       ]
				  },
	      uncertain_fluents:_{fatal:[]}
	    },
   percepts:[breeze]
 }
completed(80, 0.07457301099999997, 3871, 200, ok).
/*Sat Mar  9 15:29:10 2024*/ request(81, 1709994550.245, [peer(ip(127,0,0,1)),method(put),request_uri('/action'),path('/action'),http_version(1-1),host(localhost),port(8081),connection('keep-alive'),content_length(3069),sec_ch_ua('"Chromium";v="122", "Not(A:Brand";v="24", "Brave";v="122"'),sec_ch_ua_platform('"Linux"'),sec_ch_ua_mobile('?0'),user_agent('Mozilla/5.0 (X11; Linux x86_64) AppleWebKit/537.36 (KHTML, like Gecko) Chrome/122.0.0.0 Safari/537.36'),content_type('application/json'),sec_gpc('1'),origin('http://localhost:9000'),sec_fetch_site('same-site'),sec_fetch_mode(cors),sec_fetch_dest(empty),referer('http://localhost:9000/')]).
_{ beliefs:_{ certain_eternals:_{ cells:[ _{x:0,y:0},
					  _{x:1,y:0},
					  _{x:2,y:0},
					  _{x:3,y:0},
					  _{x:4,y:0},
					  _{x:5,y:0},
					  _{x:0,y:1},
					  _{x:1,y:1},
					  _{x:2,y:1},
					  _{x:3,y:1},
					  _{x:4,y:1},
					  _{x:5,y:1},
					  _{x:0,y:2},
					  _{x:1,y:2},
					  _{x:2,y:2},
					  _{x:3,y:2},
					  _{x:4,y:2},
					  _{x:5,y:2},
					  _{x:0,y:3},
					  _{x:1,y:3},
					  _{x:2,y:3},
					  _{x:3,y:3},
					  _{x:4,y:3},
					  _{x:5,y:3},
					  _{x:0,y:4},
					  _{x:1,y:4},
					  _{x:2,y:4},
					  _{x:3,y:4},
					  _{x:4,y:4},
					  _{x:5,y:4},
					  _{x:0,y:5},
					  _{x:1,y:5},
					  _{x:2,y:5},
					  _{x:3,y:5},
					  _{x:4,y:5},
					  _{x:5,y:5}
					],
				  eat_exit:_{c:_{x:1,y:1},e:_{id:exit}},
				  eat_walls:[ _{ c:_{x:5,y:5},
						 w:_{id:wall220}
					       },
					      _{ c:_{x:4,y:5},
						 w:_{id:wall219}
					       },
					      _{ c:_{x:3,y:5},
						 w:_{id:wall218}
					       },
					      _{ c:_{x:2,y:5},
						 w:_{id:wall217}
					       },
					      _{ c:_{x:1,y:5},
						 w:_{id:wall216}
					       },
					      _{ c:_{x:0,y:5},
						 w:_{id:wall215}
					       },
					      _{ c:_{x:5,y:4},
						 w:_{id:wall214}
					       },
					      _{ c:_{x:0,y:4},
						 w:_{id:wall213}
					       },
					      _{ c:_{x:5,y:3},
						 w:_{id:wall212}
					       },
					      _{ c:_{x:0,y:3},
						 w:_{id:wall211}
					       },
					      _{ c:_{x:5,y:2},
						 w:_{id:wall210}
					       },
					      _{ c:_{x:0,y:2},
						 w:_{id:wall209}
					       },
					      _{ c:_{x:5,y:1},
						 w:_{id:wall208}
					       },
					      _{ c:_{x:0,y:1},
						 w:_{id:wall207}
					       },
					      _{ c:_{x:5,y:0},
						 w:_{id:wall206}
					       },
					      _{ c:_{x:4,y:0},
						 w:_{id:wall205}
					       },
					      _{ c:_{x:3,y:0},
						 w:_{id:wall204}
					       },
					      _{ c:_{x:2,y:0},
						 w:_{id:wall203}
					       },
					      _{ c:_{x:1,y:0},
						 w:_{id:wall202}
					       },
					      _{ c:_{x:0,y:0},
						 w:_{id:wall201}
					       }
					    ]
				},
	      certain_fluents:_{ alive:[_{id:hunter}],
				 dir:[_{d:north,h:_{id:hunter}}],
				 fat_gold:[],
				 fat_hunter:_{ c:_{x:2,y:1},
					       h:_{id:hunter}
					     },
				 game_state:running,
				 has_arrow:[ _{ a:_{id:arrow11},
						h:_{id:hunter}
					      }
					   ],
				 has_gold:true,
				 score:0,
				 visited:[ _{ from:_{x:2,y:2},
					      to:_{x:2,y:1}
					    },
					   _{ from:_{x:3,y:2},
					      to:_{x:2,y:2}
					    },
					   _{ from:_{x:2,y:2},
					      to:_{x:3,y:2}
					    },
					   _{ from:_{x:1,y:2},
					      to:_{x:2,y:2}
					    },
					   _{ from:_{x:1,y:3},
					      to:_{x:1,y:2}
					    },
					   _{ from:_{x:1,y:2},
					      to:_{x:1,y:3}
					    },
					   _{ from:_{x:1,y:1},
					      to:_{x:1,y:2}
					    }
					 ]
			       },
	      step:0,
	      uncertain_eternals:_{ eat_pit:[ _{ c:_{x:4,y:2},
						 p:_{id:true}
					       },
					      _{ c:_{x:3,y:1},
						 p:_{id:true}
					       },
					      _{ c:_{x:3,y:4},
						 p:_{id:true}
					       },
					      _{ c:_{x:1,y:1},
						 p:_{id:false}
					       },
					      _{ c:_{x:2,y:1},
						 p:_{id:false}
					       },
					      _{ c:_{x:1,y:2},
						 p:_{id:false}
					       },
					      _{ c:_{x:2,y:2},
						 p:_{id:false}
					       },
					      _{ c:_{x:1,y:3},
						 p:_{id:false}
					       },
					      _{ c:_{x:2,y:3},
						 p:_{id:false}
					       },
					      _{ c:_{x:1,y:4},
						 p:_{id:false}
					       },
					      _{ c:_{x:3,y:2},
						 p:_{id:false}
					       },
					      _{ c:_{x:3,y:3},
						 p:_{id:false}
					       },
					      _{ c:_{x:2,y:4},
						 p:_{id:false}
					       }
					    ],
				    eat_wumpus:[ _{ c:_{x:1,y:4},
						    w:_{id:true}
						  },
						 _{ c:_{x:3,y:4},
						    w:_{id:true}
						  },
						 _{ c:_{x:1,y:1},
						    w:_{id:false}
						  },
						 _{ c:_{x:2,y:1},
						    w:_{id:false}
						  },
						 _{ c:_{x:1,y:2},
						    w:_{id:false}
						  },
						 _{ c:_{x:2,y:2},
						    w:_{id:false}
						  },
						 _{ c:_{x:1,y:3},
						    w:_{id:false}
						  },
						 _{ c:_{x:3,y:2},
						    w:_{id:false}
						  },
						 _{ c:_{x:2,y:3},
						    w:_{id:false}
						  },
						 _{ c:_{x:3,y:1},
						    w:_{id:false}
						  },
						 _{ c:_{x:4,y:2},
						    w:_{id:false}
						  },
						 _{ c:_{x:3,y:3},
						    w:_{id:false}
						  },
						 _{ c:_{x:2,y:4},
						    w:_{id:false}
						  }
					       ]
				  },
	      uncertain_fluents:_{fatal:[]}
	    },
   percepts:[breeze]
 }
completed(81, 0.07775392300000017, 3822, 200, ok).
/*Sat Mar  9 15:29:11 2024*/ request(82, 1709994551.900, [peer(ip(127,0,0,1)),method(put),request_uri('/action'),path('/action'),http_version(1-1),host(localhost),port(8081),connection('keep-alive'),content_length(3019),sec_ch_ua('"Chromium";v="122", "Not(A:Brand";v="24", "Brave";v="122"'),sec_ch_ua_platform('"Linux"'),sec_ch_ua_mobile('?0'),user_agent('Mozilla/5.0 (X11; Linux x86_64) AppleWebKit/537.36 (KHTML, like Gecko) Chrome/122.0.0.0 Safari/537.36'),content_type('application/json'),sec_gpc('1'),origin('http://localhost:9000'),sec_fetch_site('same-site'),sec_fetch_mode(cors),sec_fetch_dest(empty),referer('http://localhost:9000/')]).
_{ beliefs:_{ certain_eternals:_{ cells:[ _{x:0,y:0},
					  _{x:1,y:0},
					  _{x:2,y:0},
					  _{x:3,y:0},
					  _{x:4,y:0},
					  _{x:5,y:0},
					  _{x:0,y:1},
					  _{x:1,y:1},
					  _{x:2,y:1},
					  _{x:3,y:1},
					  _{x:4,y:1},
					  _{x:5,y:1},
					  _{x:0,y:2},
					  _{x:1,y:2},
					  _{x:2,y:2},
					  _{x:3,y:2},
					  _{x:4,y:2},
					  _{x:5,y:2},
					  _{x:0,y:3},
					  _{x:1,y:3},
					  _{x:2,y:3},
					  _{x:3,y:3},
					  _{x:4,y:3},
					  _{x:5,y:3},
					  _{x:0,y:4},
					  _{x:1,y:4},
					  _{x:2,y:4},
					  _{x:3,y:4},
					  _{x:4,y:4},
					  _{x:5,y:4},
					  _{x:0,y:5},
					  _{x:1,y:5},
					  _{x:2,y:5},
					  _{x:3,y:5},
					  _{x:4,y:5},
					  _{x:5,y:5}
					],
				  eat_exit:_{c:_{x:1,y:1},e:_{id:exit}},
				  eat_walls:[ _{ c:_{x:5,y:5},
						 w:_{id:wall220}
					       },
					      _{ c:_{x:4,y:5},
						 w:_{id:wall219}
					       },
					      _{ c:_{x:3,y:5},
						 w:_{id:wall218}
					       },
					      _{ c:_{x:2,y:5},
						 w:_{id:wall217}
					       },
					      _{ c:_{x:1,y:5},
						 w:_{id:wall216}
					       },
					      _{ c:_{x:0,y:5},
						 w:_{id:wall215}
					       },
					      _{ c:_{x:5,y:4},
						 w:_{id:wall214}
					       },
					      _{ c:_{x:0,y:4},
						 w:_{id:wall213}
					       },
					      _{ c:_{x:5,y:3},
						 w:_{id:wall212}
					       },
					      _{ c:_{x:0,y:3},
						 w:_{id:wall211}
					       },
					      _{ c:_{x:5,y:2},
						 w:_{id:wall210}
					       },
					      _{ c:_{x:0,y:2},
						 w:_{id:wall209}
					       },
					      _{ c:_{x:5,y:1},
						 w:_{id:wall208}
					       },
					      _{ c:_{x:0,y:1},
						 w:_{id:wall207}
					       },
					      _{ c:_{x:5,y:0},
						 w:_{id:wall206}
					       },
					      _{ c:_{x:4,y:0},
						 w:_{id:wall205}
					       },
					      _{ c:_{x:3,y:0},
						 w:_{id:wall204}
					       },
					      _{ c:_{x:2,y:0},
						 w:_{id:wall203}
					       },
					      _{ c:_{x:1,y:0},
						 w:_{id:wall202}
					       },
					      _{ c:_{x:0,y:0},
						 w:_{id:wall201}
					       }
					    ]
				},
	      certain_fluents:_{ alive:[_{id:hunter}],
				 dir:[_{d:north,h:_{id:hunter}}],
				 fat_gold:[],
				 fat_hunter:_{ c:_{x:2,y:2},
					       h:_{id:hunter}
					     },
				 game_state:running,
				 has_arrow:[ _{ a:_{id:arrow11},
						h:_{id:hunter}
					      }
					   ],
				 has_gold:true,
				 score:0,
				 visited:[ _{ from:_{x:3,y:2},
					      to:_{x:2,y:2}
					    },
					   _{ from:_{x:2,y:2},
					      to:_{x:3,y:2}
					    },
					   _{ from:_{x:1,y:2},
					      to:_{x:2,y:2}
					    },
					   _{ from:_{x:1,y:3},
					      to:_{x:1,y:2}
					    },
					   _{ from:_{x:1,y:2},
					      to:_{x:1,y:3}
					    },
					   _{ from:_{x:1,y:1},
					      to:_{x:1,y:2}
					    }
					 ]
			       },
	      step:0,
	      uncertain_eternals:_{ eat_pit:[ _{ c:_{x:4,y:2},
						 p:_{id:true}
					       },
					      _{ c:_{x:3,y:1},
						 p:_{id:true}
					       },
					      _{ c:_{x:3,y:4},
						 p:_{id:true}
					       },
					      _{ c:_{x:1,y:1},
						 p:_{id:false}
					       },
					      _{ c:_{x:2,y:1},
						 p:_{id:false}
					       },
					      _{ c:_{x:1,y:2},
						 p:_{id:false}
					       },
					      _{ c:_{x:2,y:2},
						 p:_{id:false}
					       },
					      _{ c:_{x:1,y:3},
						 p:_{id:false}
					       },
					      _{ c:_{x:2,y:3},
						 p:_{id:false}
					       },
					      _{ c:_{x:1,y:4},
						 p:_{id:false}
					       },
					      _{ c:_{x:3,y:2},
						 p:_{id:false}
					       },
					      _{ c:_{x:3,y:3},
						 p:_{id:false}
					       },
					      _{ c:_{x:2,y:4},
						 p:_{id:false}
					       }
					    ],
				    eat_wumpus:[ _{ c:_{x:1,y:4},
						    w:_{id:true}
						  },
						 _{ c:_{x:3,y:4},
						    w:_{id:true}
						  },
						 _{ c:_{x:1,y:1},
						    w:_{id:false}
						  },
						 _{ c:_{x:2,y:1},
						    w:_{id:false}
						  },
						 _{ c:_{x:1,y:2},
						    w:_{id:false}
						  },
						 _{ c:_{x:2,y:2},
						    w:_{id:false}
						  },
						 _{ c:_{x:1,y:3},
						    w:_{id:false}
						  },
						 _{ c:_{x:3,y:2},
						    w:_{id:false}
						  },
						 _{ c:_{x:2,y:3},
						    w:_{id:false}
						  },
						 _{ c:_{x:3,y:1},
						    w:_{id:false}
						  },
						 _{ c:_{x:4,y:2},
						    w:_{id:false}
						  },
						 _{ c:_{x:3,y:3},
						    w:_{id:false}
						  },
						 _{ c:_{x:2,y:4},
						    w:_{id:false}
						  }
					       ]
				  },
	      uncertain_fluents:_{fatal:[]}
	    },
   percepts:[]
 }
completed(82, 0.060896861999999996, 3810, 200, ok).
/*Sat Mar  9 15:29:13 2024*/ request(83, 1709994553.537, [peer(ip(127,0,0,1)),method(options),request_uri('/action'),path('/action'),http_version(1-1),host(localhost),port(8081),connection('keep-alive'),access_control_request_method('PUT'),access_control_request_headers('content-type'),origin('http://localhost:9000'),user_agent('Mozilla/5.0 (X11; Linux x86_64) AppleWebKit/537.36 (KHTML, like Gecko) Chrome/122.0.0.0 Safari/537.36'),sec_fetch_mode(cors),sec_fetch_site('same-site'),sec_fetch_dest(empty),referer('http://localhost:9000/')]).
completed(83, 0.005854793000000025, 0, 200, ok).
/*Sat Mar  9 15:29:13 2024*/ request(84, 1709994553.548, [peer(ip(127,0,0,1)),method(put),request_uri('/action'),path('/action'),http_version(1-1),host(localhost),port(8081),connection('keep-alive'),content_length(3018),sec_ch_ua('"Chromium";v="122", "Not(A:Brand";v="24", "Brave";v="122"'),sec_ch_ua_platform('"Linux"'),sec_ch_ua_mobile('?0'),user_agent('Mozilla/5.0 (X11; Linux x86_64) AppleWebKit/537.36 (KHTML, like Gecko) Chrome/122.0.0.0 Safari/537.36'),content_type('application/json'),sec_gpc('1'),origin('http://localhost:9000'),sec_fetch_site('same-site'),sec_fetch_mode(cors),sec_fetch_dest(empty),referer('http://localhost:9000/')]).
_{ beliefs:_{ certain_eternals:_{ cells:[ _{x:0,y:0},
					  _{x:1,y:0},
					  _{x:2,y:0},
					  _{x:3,y:0},
					  _{x:4,y:0},
					  _{x:5,y:0},
					  _{x:0,y:1},
					  _{x:1,y:1},
					  _{x:2,y:1},
					  _{x:3,y:1},
					  _{x:4,y:1},
					  _{x:5,y:1},
					  _{x:0,y:2},
					  _{x:1,y:2},
					  _{x:2,y:2},
					  _{x:3,y:2},
					  _{x:4,y:2},
					  _{x:5,y:2},
					  _{x:0,y:3},
					  _{x:1,y:3},
					  _{x:2,y:3},
					  _{x:3,y:3},
					  _{x:4,y:3},
					  _{x:5,y:3},
					  _{x:0,y:4},
					  _{x:1,y:4},
					  _{x:2,y:4},
					  _{x:3,y:4},
					  _{x:4,y:4},
					  _{x:5,y:4},
					  _{x:0,y:5},
					  _{x:1,y:5},
					  _{x:2,y:5},
					  _{x:3,y:5},
					  _{x:4,y:5},
					  _{x:5,y:5}
					],
				  eat_exit:_{c:_{x:1,y:1},e:_{id:exit}},
				  eat_walls:[ _{ c:_{x:5,y:5},
						 w:_{id:wall220}
					       },
					      _{ c:_{x:4,y:5},
						 w:_{id:wall219}
					       },
					      _{ c:_{x:3,y:5},
						 w:_{id:wall218}
					       },
					      _{ c:_{x:2,y:5},
						 w:_{id:wall217}
					       },
					      _{ c:_{x:1,y:5},
						 w:_{id:wall216}
					       },
					      _{ c:_{x:0,y:5},
						 w:_{id:wall215}
					       },
					      _{ c:_{x:5,y:4},
						 w:_{id:wall214}
					       },
					      _{ c:_{x:0,y:4},
						 w:_{id:wall213}
					       },
					      _{ c:_{x:5,y:3},
						 w:_{id:wall212}
					       },
					      _{ c:_{x:0,y:3},
						 w:_{id:wall211}
					       },
					      _{ c:_{x:5,y:2},
						 w:_{id:wall210}
					       },
					      _{ c:_{x:0,y:2},
						 w:_{id:wall209}
					       },
					      _{ c:_{x:5,y:1},
						 w:_{id:wall208}
					       },
					      _{ c:_{x:0,y:1},
						 w:_{id:wall207}
					       },
					      _{ c:_{x:5,y:0},
						 w:_{id:wall206}
					       },
					      _{ c:_{x:4,y:0},
						 w:_{id:wall205}
					       },
					      _{ c:_{x:3,y:0},
						 w:_{id:wall204}
					       },
					      _{ c:_{x:2,y:0},
						 w:_{id:wall203}
					       },
					      _{ c:_{x:1,y:0},
						 w:_{id:wall202}
					       },
					      _{ c:_{x:0,y:0},
						 w:_{id:wall201}
					       }
					    ]
				},
	      certain_fluents:_{ alive:[_{id:hunter}],
				 dir:[_{d:east,h:_{id:hunter}}],
				 fat_gold:[],
				 fat_hunter:_{ c:_{x:2,y:2},
					       h:_{id:hunter}
					     },
				 game_state:running,
				 has_arrow:[ _{ a:_{id:arrow11},
						h:_{id:hunter}
					      }
					   ],
				 has_gold:true,
				 score:0,
				 visited:[ _{ from:_{x:3,y:2},
					      to:_{x:2,y:2}
					    },
					   _{ from:_{x:2,y:2},
					      to:_{x:3,y:2}
					    },
					   _{ from:_{x:1,y:2},
					      to:_{x:2,y:2}
					    },
					   _{ from:_{x:1,y:3},
					      to:_{x:1,y:2}
					    },
					   _{ from:_{x:1,y:2},
					      to:_{x:1,y:3}
					    },
					   _{ from:_{x:1,y:1},
					      to:_{x:1,y:2}
					    }
					 ]
			       },
	      step:0,
	      uncertain_eternals:_{ eat_pit:[ _{ c:_{x:4,y:2},
						 p:_{id:true}
					       },
					      _{ c:_{x:3,y:1},
						 p:_{id:true}
					       },
					      _{ c:_{x:3,y:4},
						 p:_{id:true}
					       },
					      _{ c:_{x:1,y:1},
						 p:_{id:false}
					       },
					      _{ c:_{x:2,y:1},
						 p:_{id:false}
					       },
					      _{ c:_{x:1,y:2},
						 p:_{id:false}
					       },
					      _{ c:_{x:2,y:2},
						 p:_{id:false}
					       },
					      _{ c:_{x:1,y:3},
						 p:_{id:false}
					       },
					      _{ c:_{x:2,y:3},
						 p:_{id:false}
					       },
					      _{ c:_{x:1,y:4},
						 p:_{id:false}
					       },
					      _{ c:_{x:3,y:2},
						 p:_{id:false}
					       },
					      _{ c:_{x:3,y:3},
						 p:_{id:false}
					       },
					      _{ c:_{x:2,y:4},
						 p:_{id:false}
					       }
					    ],
				    eat_wumpus:[ _{ c:_{x:1,y:4},
						    w:_{id:true}
						  },
						 _{ c:_{x:3,y:4},
						    w:_{id:true}
						  },
						 _{ c:_{x:1,y:1},
						    w:_{id:false}
						  },
						 _{ c:_{x:2,y:1},
						    w:_{id:false}
						  },
						 _{ c:_{x:1,y:2},
						    w:_{id:false}
						  },
						 _{ c:_{x:2,y:2},
						    w:_{id:false}
						  },
						 _{ c:_{x:1,y:3},
						    w:_{id:false}
						  },
						 _{ c:_{x:3,y:2},
						    w:_{id:false}
						  },
						 _{ c:_{x:2,y:3},
						    w:_{id:false}
						  },
						 _{ c:_{x:3,y:1},
						    w:_{id:false}
						  },
						 _{ c:_{x:4,y:2},
						    w:_{id:false}
						  },
						 _{ c:_{x:3,y:3},
						    w:_{id:false}
						  },
						 _{ c:_{x:2,y:4},
						    w:_{id:false}
						  }
					       ]
				  },
	      uncertain_fluents:_{fatal:[]}
	    },
   percepts:[]
 }
completed(84, 0.07453302800000006, 3761, 200, ok).
/*Sat Mar  9 15:29:13 2024*/ request(85, 1709994553.817, [peer(ip(127,0,0,1)),method(put),request_uri('/action'),path('/action'),http_version(1-1),host(localhost),port(8081),connection('keep-alive'),content_length(2976),sec_ch_ua('"Chromium";v="122", "Not(A:Brand";v="24", "Brave";v="122"'),sec_ch_ua_platform('"Linux"'),sec_ch_ua_mobile('?0'),user_agent('Mozilla/5.0 (X11; Linux x86_64) AppleWebKit/537.36 (KHTML, like Gecko) Chrome/122.0.0.0 Safari/537.36'),content_type('application/json'),sec_gpc('1'),origin('http://localhost:9000'),sec_fetch_site('same-site'),sec_fetch_mode(cors),sec_fetch_dest(empty),referer('http://localhost:9000/')]).
_{ beliefs:_{ certain_eternals:_{ cells:[ _{x:0,y:0},
					  _{x:1,y:0},
					  _{x:2,y:0},
					  _{x:3,y:0},
					  _{x:4,y:0},
					  _{x:5,y:0},
					  _{x:0,y:1},
					  _{x:1,y:1},
					  _{x:2,y:1},
					  _{x:3,y:1},
					  _{x:4,y:1},
					  _{x:5,y:1},
					  _{x:0,y:2},
					  _{x:1,y:2},
					  _{x:2,y:2},
					  _{x:3,y:2},
					  _{x:4,y:2},
					  _{x:5,y:2},
					  _{x:0,y:3},
					  _{x:1,y:3},
					  _{x:2,y:3},
					  _{x:3,y:3},
					  _{x:4,y:3},
					  _{x:5,y:3},
					  _{x:0,y:4},
					  _{x:1,y:4},
					  _{x:2,y:4},
					  _{x:3,y:4},
					  _{x:4,y:4},
					  _{x:5,y:4},
					  _{x:0,y:5},
					  _{x:1,y:5},
					  _{x:2,y:5},
					  _{x:3,y:5},
					  _{x:4,y:5},
					  _{x:5,y:5}
					],
				  eat_exit:_{c:_{x:1,y:1},e:_{id:exit}},
				  eat_walls:[ _{ c:_{x:5,y:5},
						 w:_{id:wall220}
					       },
					      _{ c:_{x:4,y:5},
						 w:_{id:wall219}
					       },
					      _{ c:_{x:3,y:5},
						 w:_{id:wall218}
					       },
					      _{ c:_{x:2,y:5},
						 w:_{id:wall217}
					       },
					      _{ c:_{x:1,y:5},
						 w:_{id:wall216}
					       },
					      _{ c:_{x:0,y:5},
						 w:_{id:wall215}
					       },
					      _{ c:_{x:5,y:4},
						 w:_{id:wall214}
					       },
					      _{ c:_{x:0,y:4},
						 w:_{id:wall213}
					       },
					      _{ c:_{x:5,y:3},
						 w:_{id:wall212}
					       },
					      _{ c:_{x:0,y:3},
						 w:_{id:wall211}
					       },
					      _{ c:_{x:5,y:2},
						 w:_{id:wall210}
					       },
					      _{ c:_{x:0,y:2},
						 w:_{id:wall209}
					       },
					      _{ c:_{x:5,y:1},
						 w:_{id:wall208}
					       },
					      _{ c:_{x:0,y:1},
						 w:_{id:wall207}
					       },
					      _{ c:_{x:5,y:0},
						 w:_{id:wall206}
					       },
					      _{ c:_{x:4,y:0},
						 w:_{id:wall205}
					       },
					      _{ c:_{x:3,y:0},
						 w:_{id:wall204}
					       },
					      _{ c:_{x:2,y:0},
						 w:_{id:wall203}
					       },
					      _{ c:_{x:1,y:0},
						 w:_{id:wall202}
					       },
					      _{ c:_{x:0,y:0},
						 w:_{id:wall201}
					       }
					    ]
				},
	      certain_fluents:_{ alive:[_{id:hunter}],
				 dir:[_{d:east,h:_{id:hunter}}],
				 fat_gold:[],
				 fat_hunter:_{ c:_{x:3,y:2},
					       h:_{id:hunter}
					     },
				 game_state:running,
				 has_arrow:[ _{ a:_{id:arrow11},
						h:_{id:hunter}
					      }
					   ],
				 has_gold:true,
				 score:0,
				 visited:[ _{ from:_{x:2,y:2},
					      to:_{x:3,y:2}
					    },
					   _{ from:_{x:1,y:2},
					      to:_{x:2,y:2}
					    },
					   _{ from:_{x:1,y:3},
					      to:_{x:1,y:2}
					    },
					   _{ from:_{x:1,y:2},
					      to:_{x:1,y:3}
					    },
					   _{ from:_{x:1,y:1},
					      to:_{x:1,y:2}
					    }
					 ]
			       },
	      step:0,
	      uncertain_eternals:_{ eat_pit:[ _{ c:_{x:4,y:2},
						 p:_{id:true}
					       },
					      _{ c:_{x:3,y:1},
						 p:_{id:true}
					       },
					      _{ c:_{x:3,y:4},
						 p:_{id:true}
					       },
					      _{ c:_{x:1,y:1},
						 p:_{id:false}
					       },
					      _{ c:_{x:2,y:1},
						 p:_{id:false}
					       },
					      _{ c:_{x:1,y:2},
						 p:_{id:false}
					       },
					      _{ c:_{x:2,y:2},
						 p:_{id:false}
					       },
					      _{ c:_{x:1,y:3},
						 p:_{id:false}
					       },
					      _{ c:_{x:2,y:3},
						 p:_{id:false}
					       },
					      _{ c:_{x:1,y:4},
						 p:_{id:false}
					       },
					      _{ c:_{x:3,y:2},
						 p:_{id:false}
					       },
					      _{ c:_{x:3,y:3},
						 p:_{id:false}
					       },
					      _{ c:_{x:2,y:4},
						 p:_{id:false}
					       }
					    ],
				    eat_wumpus:[ _{ c:_{x:1,y:4},
						    w:_{id:true}
						  },
						 _{ c:_{x:3,y:4},
						    w:_{id:true}
						  },
						 _{ c:_{x:1,y:1},
						    w:_{id:false}
						  },
						 _{ c:_{x:2,y:1},
						    w:_{id:false}
						  },
						 _{ c:_{x:1,y:2},
						    w:_{id:false}
						  },
						 _{ c:_{x:2,y:2},
						    w:_{id:false}
						  },
						 _{ c:_{x:1,y:3},
						    w:_{id:false}
						  },
						 _{ c:_{x:3,y:2},
						    w:_{id:false}
						  },
						 _{ c:_{x:2,y:3},
						    w:_{id:false}
						  },
						 _{ c:_{x:3,y:1},
						    w:_{id:false}
						  },
						 _{ c:_{x:4,y:2},
						    w:_{id:false}
						  },
						 _{ c:_{x:3,y:3},
						    w:_{id:false}
						  },
						 _{ c:_{x:2,y:4},
						    w:_{id:false}
						  }
					       ]
				  },
	      uncertain_fluents:_{fatal:[]}
	    },
   percepts:[]
 }
completed(85, 0.07141348500000011, 3762, 200, ok).
/*Sat Mar  9 15:29:17 2024*/ request(86, 1709994557.819, [peer(ip(127,0,0,1)),method(put),request_uri('/action'),path('/action'),http_version(1-1),host(localhost),port(8081),connection('keep-alive'),content_length(2987),sec_ch_ua('"Chromium";v="122", "Not(A:Brand";v="24", "Brave";v="122"'),sec_ch_ua_platform('"Linux"'),sec_ch_ua_mobile('?0'),user_agent('Mozilla/5.0 (X11; Linux x86_64) AppleWebKit/537.36 (KHTML, like Gecko) Chrome/122.0.0.0 Safari/537.36'),content_type('application/json'),sec_gpc('1'),origin('http://localhost:9000'),sec_fetch_site('same-site'),sec_fetch_mode(cors),sec_fetch_dest(empty),referer('http://localhost:9000/')]).
_{ beliefs:_{ certain_eternals:_{ cells:[ _{x:0,y:0},
					  _{x:1,y:0},
					  _{x:2,y:0},
					  _{x:3,y:0},
					  _{x:4,y:0},
					  _{x:5,y:0},
					  _{x:0,y:1},
					  _{x:1,y:1},
					  _{x:2,y:1},
					  _{x:3,y:1},
					  _{x:4,y:1},
					  _{x:5,y:1},
					  _{x:0,y:2},
					  _{x:1,y:2},
					  _{x:2,y:2},
					  _{x:3,y:2},
					  _{x:4,y:2},
					  _{x:5,y:2},
					  _{x:0,y:3},
					  _{x:1,y:3},
					  _{x:2,y:3},
					  _{x:3,y:3},
					  _{x:4,y:3},
					  _{x:5,y:3},
					  _{x:0,y:4},
					  _{x:1,y:4},
					  _{x:2,y:4},
					  _{x:3,y:4},
					  _{x:4,y:4},
					  _{x:5,y:4},
					  _{x:0,y:5},
					  _{x:1,y:5},
					  _{x:2,y:5},
					  _{x:3,y:5},
					  _{x:4,y:5},
					  _{x:5,y:5}
					],
				  eat_exit:_{c:_{x:1,y:1},e:_{id:exit}},
				  eat_walls:[ _{ c:_{x:5,y:5},
						 w:_{id:wall220}
					       },
					      _{ c:_{x:4,y:5},
						 w:_{id:wall219}
					       },
					      _{ c:_{x:3,y:5},
						 w:_{id:wall218}
					       },
					      _{ c:_{x:2,y:5},
						 w:_{id:wall217}
					       },
					      _{ c:_{x:1,y:5},
						 w:_{id:wall216}
					       },
					      _{ c:_{x:0,y:5},
						 w:_{id:wall215}
					       },
					      _{ c:_{x:5,y:4},
						 w:_{id:wall214}
					       },
					      _{ c:_{x:0,y:4},
						 w:_{id:wall213}
					       },
					      _{ c:_{x:5,y:3},
						 w:_{id:wall212}
					       },
					      _{ c:_{x:0,y:3},
						 w:_{id:wall211}
					       },
					      _{ c:_{x:5,y:2},
						 w:_{id:wall210}
					       },
					      _{ c:_{x:0,y:2},
						 w:_{id:wall209}
					       },
					      _{ c:_{x:5,y:1},
						 w:_{id:wall208}
					       },
					      _{ c:_{x:0,y:1},
						 w:_{id:wall207}
					       },
					      _{ c:_{x:5,y:0},
						 w:_{id:wall206}
					       },
					      _{ c:_{x:4,y:0},
						 w:_{id:wall205}
					       },
					      _{ c:_{x:3,y:0},
						 w:_{id:wall204}
					       },
					      _{ c:_{x:2,y:0},
						 w:_{id:wall203}
					       },
					      _{ c:_{x:1,y:0},
						 w:_{id:wall202}
					       },
					      _{ c:_{x:0,y:0},
						 w:_{id:wall201}
					       }
					    ]
				},
	      certain_fluents:_{ alive:[_{id:hunter}],
				 dir:[_{d:south,h:_{id:hunter}}],
				 fat_gold:[],
				 fat_hunter:_{ c:_{x:3,y:2},
					       h:_{id:hunter}
					     },
				 game_state:running,
				 has_arrow:[ _{ a:_{id:arrow11},
						h:_{id:hunter}
					      }
					   ],
				 has_gold:true,
				 score:0,
				 visited:[ _{ from:_{x:2,y:2},
					      to:_{x:3,y:2}
					    },
					   _{ from:_{x:1,y:2},
					      to:_{x:2,y:2}
					    },
					   _{ from:_{x:1,y:3},
					      to:_{x:1,y:2}
					    },
					   _{ from:_{x:1,y:2},
					      to:_{x:1,y:3}
					    },
					   _{ from:_{x:1,y:1},
					      to:_{x:1,y:2}
					    }
					 ]
			       },
	      step:0,
	      uncertain_eternals:_{ eat_pit:[ _{ c:_{x:3,y:4},
						 p:_{id:true}
					       },
					      _{ c:_{x:1,y:1},
						 p:_{id:false}
					       },
					      _{ c:_{x:2,y:1},
						 p:_{id:false}
					       },
					      _{ c:_{x:1,y:2},
						 p:_{id:false}
					       },
					      _{ c:_{x:2,y:2},
						 p:_{id:false}
					       },
					      _{ c:_{x:1,y:3},
						 p:_{id:false}
					       },
					      _{ c:_{x:2,y:3},
						 p:_{id:false}
					       },
					      _{ c:_{x:1,y:4},
						 p:_{id:false}
					       },
					      _{ c:_{x:3,y:2},
						 p:_{id:false}
					       },
					      _{ c:_{x:3,y:3},
						 p:_{id:false}
					       },
					      _{ c:_{x:2,y:4},
						 p:_{id:false}
					       },
					      _{ c:_{x:3,y:1},
						 p:_{id:false}
					       },
					      _{ c:_{x:4,y:2},
						 p:_{id:false}
					       }
					    ],
				    eat_wumpus:[ _{ c:_{x:1,y:4},
						    w:_{id:true}
						  },
						 _{ c:_{x:3,y:4},
						    w:_{id:true}
						  },
						 _{ c:_{x:1,y:1},
						    w:_{id:false}
						  },
						 _{ c:_{x:2,y:1},
						    w:_{id:false}
						  },
						 _{ c:_{x:1,y:2},
						    w:_{id:false}
						  },
						 _{ c:_{x:2,y:2},
						    w:_{id:false}
						  },
						 _{ c:_{x:1,y:3},
						    w:_{id:false}
						  },
						 _{ c:_{x:3,y:2},
						    w:_{id:false}
						  },
						 _{ c:_{x:2,y:3},
						    w:_{id:false}
						  },
						 _{ c:_{x:3,y:1},
						    w:_{id:false}
						  },
						 _{ c:_{x:4,y:2},
						    w:_{id:false}
						  },
						 _{ c:_{x:3,y:3},
						    w:_{id:false}
						  },
						 _{ c:_{x:2,y:4},
						    w:_{id:false}
						  }
					       ]
				  },
	      uncertain_fluents:_{fatal:[]}
	    },
   percepts:[breeze]
 }
completed(86, 0.07916787100000011, 3770, 200, ok).
/*Sat Mar  9 15:29:19 2024*/ request(87, 1709994559.139, [peer(ip(127,0,0,1)),method(options),request_uri('/action'),path('/action'),http_version(1-1),host(localhost),port(8081),connection('keep-alive'),access_control_request_method('PUT'),access_control_request_headers('content-type'),origin('http://localhost:9000'),user_agent('Mozilla/5.0 (X11; Linux x86_64) AppleWebKit/537.36 (KHTML, like Gecko) Chrome/122.0.0.0 Safari/537.36'),sec_fetch_mode(cors),sec_fetch_site('same-site'),sec_fetch_dest(empty),referer('http://localhost:9000/')]).
completed(87, 0.0019286080000000538, 0, 200, ok).
/*Sat Mar  9 15:29:19 2024*/ request(88, 1709994559.143, [peer(ip(127,0,0,1)),method(put),request_uri('/action'),path('/action'),http_version(1-1),host(localhost),port(8081),connection('keep-alive'),content_length(2986),sec_ch_ua('"Chromium";v="122", "Not(A:Brand";v="24", "Brave";v="122"'),sec_ch_ua_platform('"Linux"'),sec_ch_ua_mobile('?0'),user_agent('Mozilla/5.0 (X11; Linux x86_64) AppleWebKit/537.36 (KHTML, like Gecko) Chrome/122.0.0.0 Safari/537.36'),content_type('application/json'),sec_gpc('1'),origin('http://localhost:9000'),sec_fetch_site('same-site'),sec_fetch_mode(cors),sec_fetch_dest(empty),referer('http://localhost:9000/')]).
_{ beliefs:_{ certain_eternals:_{ cells:[ _{x:0,y:0},
					  _{x:1,y:0},
					  _{x:2,y:0},
					  _{x:3,y:0},
					  _{x:4,y:0},
					  _{x:5,y:0},
					  _{x:0,y:1},
					  _{x:1,y:1},
					  _{x:2,y:1},
					  _{x:3,y:1},
					  _{x:4,y:1},
					  _{x:5,y:1},
					  _{x:0,y:2},
					  _{x:1,y:2},
					  _{x:2,y:2},
					  _{x:3,y:2},
					  _{x:4,y:2},
					  _{x:5,y:2},
					  _{x:0,y:3},
					  _{x:1,y:3},
					  _{x:2,y:3},
					  _{x:3,y:3},
					  _{x:4,y:3},
					  _{x:5,y:3},
					  _{x:0,y:4},
					  _{x:1,y:4},
					  _{x:2,y:4},
					  _{x:3,y:4},
					  _{x:4,y:4},
					  _{x:5,y:4},
					  _{x:0,y:5},
					  _{x:1,y:5},
					  _{x:2,y:5},
					  _{x:3,y:5},
					  _{x:4,y:5},
					  _{x:5,y:5}
					],
				  eat_exit:_{c:_{x:1,y:1},e:_{id:exit}},
				  eat_walls:[ _{ c:_{x:5,y:5},
						 w:_{id:wall220}
					       },
					      _{ c:_{x:4,y:5},
						 w:_{id:wall219}
					       },
					      _{ c:_{x:3,y:5},
						 w:_{id:wall218}
					       },
					      _{ c:_{x:2,y:5},
						 w:_{id:wall217}
					       },
					      _{ c:_{x:1,y:5},
						 w:_{id:wall216}
					       },
					      _{ c:_{x:0,y:5},
						 w:_{id:wall215}
					       },
					      _{ c:_{x:5,y:4},
						 w:_{id:wall214}
					       },
					      _{ c:_{x:0,y:4},
						 w:_{id:wall213}
					       },
					      _{ c:_{x:5,y:3},
						 w:_{id:wall212}
					       },
					      _{ c:_{x:0,y:3},
						 w:_{id:wall211}
					       },
					      _{ c:_{x:5,y:2},
						 w:_{id:wall210}
					       },
					      _{ c:_{x:0,y:2},
						 w:_{id:wall209}
					       },
					      _{ c:_{x:5,y:1},
						 w:_{id:wall208}
					       },
					      _{ c:_{x:0,y:1},
						 w:_{id:wall207}
					       },
					      _{ c:_{x:5,y:0},
						 w:_{id:wall206}
					       },
					      _{ c:_{x:4,y:0},
						 w:_{id:wall205}
					       },
					      _{ c:_{x:3,y:0},
						 w:_{id:wall204}
					       },
					      _{ c:_{x:2,y:0},
						 w:_{id:wall203}
					       },
					      _{ c:_{x:1,y:0},
						 w:_{id:wall202}
					       },
					      _{ c:_{x:0,y:0},
						 w:_{id:wall201}
					       }
					    ]
				},
	      certain_fluents:_{ alive:[_{id:hunter}],
				 dir:[_{d:west,h:_{id:hunter}}],
				 fat_gold:[],
				 fat_hunter:_{ c:_{x:3,y:2},
					       h:_{id:hunter}
					     },
				 game_state:running,
				 has_arrow:[ _{ a:_{id:arrow11},
						h:_{id:hunter}
					      }
					   ],
				 has_gold:true,
				 score:0,
				 visited:[ _{ from:_{x:2,y:2},
					      to:_{x:3,y:2}
					    },
					   _{ from:_{x:1,y:2},
					      to:_{x:2,y:2}
					    },
					   _{ from:_{x:1,y:3},
					      to:_{x:1,y:2}
					    },
					   _{ from:_{x:1,y:2},
					      to:_{x:1,y:3}
					    },
					   _{ from:_{x:1,y:1},
					      to:_{x:1,y:2}
					    }
					 ]
			       },
	      step:0,
	      uncertain_eternals:_{ eat_pit:[ _{ c:_{x:3,y:4},
						 p:_{id:true}
					       },
					      _{ c:_{x:1,y:1},
						 p:_{id:false}
					       },
					      _{ c:_{x:2,y:1},
						 p:_{id:false}
					       },
					      _{ c:_{x:1,y:2},
						 p:_{id:false}
					       },
					      _{ c:_{x:2,y:2},
						 p:_{id:false}
					       },
					      _{ c:_{x:1,y:3},
						 p:_{id:false}
					       },
					      _{ c:_{x:2,y:3},
						 p:_{id:false}
					       },
					      _{ c:_{x:1,y:4},
						 p:_{id:false}
					       },
					      _{ c:_{x:3,y:2},
						 p:_{id:false}
					       },
					      _{ c:_{x:3,y:3},
						 p:_{id:false}
					       },
					      _{ c:_{x:2,y:4},
						 p:_{id:false}
					       },
					      _{ c:_{x:3,y:1},
						 p:_{id:false}
					       },
					      _{ c:_{x:4,y:2},
						 p:_{id:false}
					       }
					    ],
				    eat_wumpus:[ _{ c:_{x:1,y:4},
						    w:_{id:true}
						  },
						 _{ c:_{x:3,y:4},
						    w:_{id:true}
						  },
						 _{ c:_{x:1,y:1},
						    w:_{id:false}
						  },
						 _{ c:_{x:2,y:1},
						    w:_{id:false}
						  },
						 _{ c:_{x:1,y:2},
						    w:_{id:false}
						  },
						 _{ c:_{x:2,y:2},
						    w:_{id:false}
						  },
						 _{ c:_{x:1,y:3},
						    w:_{id:false}
						  },
						 _{ c:_{x:3,y:2},
						    w:_{id:false}
						  },
						 _{ c:_{x:2,y:3},
						    w:_{id:false}
						  },
						 _{ c:_{x:3,y:1},
						    w:_{id:false}
						  },
						 _{ c:_{x:4,y:2},
						    w:_{id:false}
						  },
						 _{ c:_{x:3,y:3},
						    w:_{id:false}
						  },
						 _{ c:_{x:2,y:4},
						    w:_{id:false}
						  }
					       ]
				  },
	      uncertain_fluents:_{fatal:[]}
	    },
   percepts:[breeze]
 }
completed(88, 0.07623305000000014, 3721, 200, ok).
/*Sat Mar  9 15:29:20 2024*/ request(89, 1709994560.447, [peer(ip(127,0,0,1)),method(put),request_uri('/action'),path('/action'),http_version(1-1),host(localhost),port(8081),connection('keep-alive'),content_length(2936),sec_ch_ua('"Chromium";v="122", "Not(A:Brand";v="24", "Brave";v="122"'),sec_ch_ua_platform('"Linux"'),sec_ch_ua_mobile('?0'),user_agent('Mozilla/5.0 (X11; Linux x86_64) AppleWebKit/537.36 (KHTML, like Gecko) Chrome/122.0.0.0 Safari/537.36'),content_type('application/json'),sec_gpc('1'),origin('http://localhost:9000'),sec_fetch_site('same-site'),sec_fetch_mode(cors),sec_fetch_dest(empty),referer('http://localhost:9000/')]).
_{ beliefs:_{ certain_eternals:_{ cells:[ _{x:0,y:0},
					  _{x:1,y:0},
					  _{x:2,y:0},
					  _{x:3,y:0},
					  _{x:4,y:0},
					  _{x:5,y:0},
					  _{x:0,y:1},
					  _{x:1,y:1},
					  _{x:2,y:1},
					  _{x:3,y:1},
					  _{x:4,y:1},
					  _{x:5,y:1},
					  _{x:0,y:2},
					  _{x:1,y:2},
					  _{x:2,y:2},
					  _{x:3,y:2},
					  _{x:4,y:2},
					  _{x:5,y:2},
					  _{x:0,y:3},
					  _{x:1,y:3},
					  _{x:2,y:3},
					  _{x:3,y:3},
					  _{x:4,y:3},
					  _{x:5,y:3},
					  _{x:0,y:4},
					  _{x:1,y:4},
					  _{x:2,y:4},
					  _{x:3,y:4},
					  _{x:4,y:4},
					  _{x:5,y:4},
					  _{x:0,y:5},
					  _{x:1,y:5},
					  _{x:2,y:5},
					  _{x:3,y:5},
					  _{x:4,y:5},
					  _{x:5,y:5}
					],
				  eat_exit:_{c:_{x:1,y:1},e:_{id:exit}},
				  eat_walls:[ _{ c:_{x:5,y:5},
						 w:_{id:wall220}
					       },
					      _{ c:_{x:4,y:5},
						 w:_{id:wall219}
					       },
					      _{ c:_{x:3,y:5},
						 w:_{id:wall218}
					       },
					      _{ c:_{x:2,y:5},
						 w:_{id:wall217}
					       },
					      _{ c:_{x:1,y:5},
						 w:_{id:wall216}
					       },
					      _{ c:_{x:0,y:5},
						 w:_{id:wall215}
					       },
					      _{ c:_{x:5,y:4},
						 w:_{id:wall214}
					       },
					      _{ c:_{x:0,y:4},
						 w:_{id:wall213}
					       },
					      _{ c:_{x:5,y:3},
						 w:_{id:wall212}
					       },
					      _{ c:_{x:0,y:3},
						 w:_{id:wall211}
					       },
					      _{ c:_{x:5,y:2},
						 w:_{id:wall210}
					       },
					      _{ c:_{x:0,y:2},
						 w:_{id:wall209}
					       },
					      _{ c:_{x:5,y:1},
						 w:_{id:wall208}
					       },
					      _{ c:_{x:0,y:1},
						 w:_{id:wall207}
					       },
					      _{ c:_{x:5,y:0},
						 w:_{id:wall206}
					       },
					      _{ c:_{x:4,y:0},
						 w:_{id:wall205}
					       },
					      _{ c:_{x:3,y:0},
						 w:_{id:wall204}
					       },
					      _{ c:_{x:2,y:0},
						 w:_{id:wall203}
					       },
					      _{ c:_{x:1,y:0},
						 w:_{id:wall202}
					       },
					      _{ c:_{x:0,y:0},
						 w:_{id:wall201}
					       }
					    ]
				},
	      certain_fluents:_{ alive:[_{id:hunter}],
				 dir:[_{d:west,h:_{id:hunter}}],
				 fat_gold:[],
				 fat_hunter:_{ c:_{x:2,y:2},
					       h:_{id:hunter}
					     },
				 game_state:running,
				 has_arrow:[ _{ a:_{id:arrow11},
						h:_{id:hunter}
					      }
					   ],
				 has_gold:true,
				 score:0,
				 visited:[ _{ from:_{x:1,y:2},
					      to:_{x:2,y:2}
					    },
					   _{ from:_{x:1,y:3},
					      to:_{x:1,y:2}
					    },
					   _{ from:_{x:1,y:2},
					      to:_{x:1,y:3}
					    },
					   _{ from:_{x:1,y:1},
					      to:_{x:1,y:2}
					    }
					 ]
			       },
	      step:0,
	      uncertain_eternals:_{ eat_pit:[ _{ c:_{x:3,y:4},
						 p:_{id:true}
					       },
					      _{ c:_{x:1,y:1},
						 p:_{id:false}
					       },
					      _{ c:_{x:2,y:1},
						 p:_{id:false}
					       },
					      _{ c:_{x:1,y:2},
						 p:_{id:false}
					       },
					      _{ c:_{x:2,y:2},
						 p:_{id:false}
					       },
					      _{ c:_{x:1,y:3},
						 p:_{id:false}
					       },
					      _{ c:_{x:2,y:3},
						 p:_{id:false}
					       },
					      _{ c:_{x:1,y:4},
						 p:_{id:false}
					       },
					      _{ c:_{x:3,y:2},
						 p:_{id:false}
					       },
					      _{ c:_{x:3,y:3},
						 p:_{id:false}
					       },
					      _{ c:_{x:2,y:4},
						 p:_{id:false}
					       },
					      _{ c:_{x:3,y:1},
						 p:_{id:false}
					       },
					      _{ c:_{x:4,y:2},
						 p:_{id:false}
					       }
					    ],
				    eat_wumpus:[ _{ c:_{x:1,y:4},
						    w:_{id:true}
						  },
						 _{ c:_{x:3,y:4},
						    w:_{id:true}
						  },
						 _{ c:_{x:1,y:1},
						    w:_{id:false}
						  },
						 _{ c:_{x:2,y:1},
						    w:_{id:false}
						  },
						 _{ c:_{x:1,y:2},
						    w:_{id:false}
						  },
						 _{ c:_{x:2,y:2},
						    w:_{id:false}
						  },
						 _{ c:_{x:1,y:3},
						    w:_{id:false}
						  },
						 _{ c:_{x:3,y:2},
						    w:_{id:false}
						  },
						 _{ c:_{x:2,y:3},
						    w:_{id:false}
						  },
						 _{ c:_{x:3,y:1},
						    w:_{id:false}
						  },
						 _{ c:_{x:4,y:2},
						    w:_{id:false}
						  },
						 _{ c:_{x:3,y:3},
						    w:_{id:false}
						  },
						 _{ c:_{x:2,y:4},
						    w:_{id:false}
						  }
					       ]
				  },
	      uncertain_fluents:_{fatal:[]}
	    },
   percepts:[]
 }
completed(89, 0.07539659700000001, 3661, 200, ok).
/*Sat Mar  9 15:29:21 2024*/ request(90, 1709994561.460, [peer(ip(127,0,0,1)),method(put),request_uri('/action'),path('/action'),http_version(1-1),host(localhost),port(8081),connection('keep-alive'),content_length(2894),sec_ch_ua('"Chromium";v="122", "Not(A:Brand";v="24", "Brave";v="122"'),sec_ch_ua_platform('"Linux"'),sec_ch_ua_mobile('?0'),user_agent('Mozilla/5.0 (X11; Linux x86_64) AppleWebKit/537.36 (KHTML, like Gecko) Chrome/122.0.0.0 Safari/537.36'),content_type('application/json'),sec_gpc('1'),origin('http://localhost:9000'),sec_fetch_site('same-site'),sec_fetch_mode(cors),sec_fetch_dest(empty),referer('http://localhost:9000/')]).
_{ beliefs:_{ certain_eternals:_{ cells:[ _{x:0,y:0},
					  _{x:1,y:0},
					  _{x:2,y:0},
					  _{x:3,y:0},
					  _{x:4,y:0},
					  _{x:5,y:0},
					  _{x:0,y:1},
					  _{x:1,y:1},
					  _{x:2,y:1},
					  _{x:3,y:1},
					  _{x:4,y:1},
					  _{x:5,y:1},
					  _{x:0,y:2},
					  _{x:1,y:2},
					  _{x:2,y:2},
					  _{x:3,y:2},
					  _{x:4,y:2},
					  _{x:5,y:2},
					  _{x:0,y:3},
					  _{x:1,y:3},
					  _{x:2,y:3},
					  _{x:3,y:3},
					  _{x:4,y:3},
					  _{x:5,y:3},
					  _{x:0,y:4},
					  _{x:1,y:4},
					  _{x:2,y:4},
					  _{x:3,y:4},
					  _{x:4,y:4},
					  _{x:5,y:4},
					  _{x:0,y:5},
					  _{x:1,y:5},
					  _{x:2,y:5},
					  _{x:3,y:5},
					  _{x:4,y:5},
					  _{x:5,y:5}
					],
				  eat_exit:_{c:_{x:1,y:1},e:_{id:exit}},
				  eat_walls:[ _{ c:_{x:5,y:5},
						 w:_{id:wall220}
					       },
					      _{ c:_{x:4,y:5},
						 w:_{id:wall219}
					       },
					      _{ c:_{x:3,y:5},
						 w:_{id:wall218}
					       },
					      _{ c:_{x:2,y:5},
						 w:_{id:wall217}
					       },
					      _{ c:_{x:1,y:5},
						 w:_{id:wall216}
					       },
					      _{ c:_{x:0,y:5},
						 w:_{id:wall215}
					       },
					      _{ c:_{x:5,y:4},
						 w:_{id:wall214}
					       },
					      _{ c:_{x:0,y:4},
						 w:_{id:wall213}
					       },
					      _{ c:_{x:5,y:3},
						 w:_{id:wall212}
					       },
					      _{ c:_{x:0,y:3},
						 w:_{id:wall211}
					       },
					      _{ c:_{x:5,y:2},
						 w:_{id:wall210}
					       },
					      _{ c:_{x:0,y:2},
						 w:_{id:wall209}
					       },
					      _{ c:_{x:5,y:1},
						 w:_{id:wall208}
					       },
					      _{ c:_{x:0,y:1},
						 w:_{id:wall207}
					       },
					      _{ c:_{x:5,y:0},
						 w:_{id:wall206}
					       },
					      _{ c:_{x:4,y:0},
						 w:_{id:wall205}
					       },
					      _{ c:_{x:3,y:0},
						 w:_{id:wall204}
					       },
					      _{ c:_{x:2,y:0},
						 w:_{id:wall203}
					       },
					      _{ c:_{x:1,y:0},
						 w:_{id:wall202}
					       },
					      _{ c:_{x:0,y:0},
						 w:_{id:wall201}
					       }
					    ]
				},
	      certain_fluents:_{ alive:[_{id:hunter}],
				 dir:[_{d:west,h:_{id:hunter}}],
				 fat_gold:[],
				 fat_hunter:_{ c:_{x:1,y:2},
					       h:_{id:hunter}
					     },
				 game_state:running,
				 has_arrow:[ _{ a:_{id:arrow11},
						h:_{id:hunter}
					      }
					   ],
				 has_gold:true,
				 score:0,
				 visited:[ _{ from:_{x:1,y:3},
					      to:_{x:1,y:2}
					    },
					   _{ from:_{x:1,y:2},
					      to:_{x:1,y:3}
					    },
					   _{ from:_{x:1,y:1},
					      to:_{x:1,y:2}
					    }
					 ]
			       },
	      step:0,
	      uncertain_eternals:_{ eat_pit:[ _{ c:_{x:3,y:4},
						 p:_{id:true}
					       },
					      _{ c:_{x:1,y:1},
						 p:_{id:false}
					       },
					      _{ c:_{x:2,y:1},
						 p:_{id:false}
					       },
					      _{ c:_{x:1,y:2},
						 p:_{id:false}
					       },
					      _{ c:_{x:2,y:2},
						 p:_{id:false}
					       },
					      _{ c:_{x:1,y:3},
						 p:_{id:false}
					       },
					      _{ c:_{x:2,y:3},
						 p:_{id:false}
					       },
					      _{ c:_{x:1,y:4},
						 p:_{id:false}
					       },
					      _{ c:_{x:3,y:2},
						 p:_{id:false}
					       },
					      _{ c:_{x:3,y:3},
						 p:_{id:false}
					       },
					      _{ c:_{x:2,y:4},
						 p:_{id:false}
					       },
					      _{ c:_{x:3,y:1},
						 p:_{id:false}
					       },
					      _{ c:_{x:4,y:2},
						 p:_{id:false}
					       }
					    ],
				    eat_wumpus:[ _{ c:_{x:1,y:4},
						    w:_{id:true}
						  },
						 _{ c:_{x:3,y:4},
						    w:_{id:true}
						  },
						 _{ c:_{x:1,y:1},
						    w:_{id:false}
						  },
						 _{ c:_{x:2,y:1},
						    w:_{id:false}
						  },
						 _{ c:_{x:1,y:2},
						    w:_{id:false}
						  },
						 _{ c:_{x:2,y:2},
						    w:_{id:false}
						  },
						 _{ c:_{x:1,y:3},
						    w:_{id:false}
						  },
						 _{ c:_{x:3,y:2},
						    w:_{id:false}
						  },
						 _{ c:_{x:2,y:3},
						    w:_{id:false}
						  },
						 _{ c:_{x:3,y:1},
						    w:_{id:false}
						  },
						 _{ c:_{x:4,y:2},
						    w:_{id:false}
						  },
						 _{ c:_{x:3,y:3},
						    w:_{id:false}
						  },
						 _{ c:_{x:2,y:4},
						    w:_{id:false}
						  }
					       ]
				  },
	      uncertain_fluents:_{fatal:[]}
	    },
   percepts:[]
 }
completed(90, 0.07377516800000006, 3660, 200, ok).
/*Sat Mar  9 15:29:22 2024*/ request(91, 1709994562.906, [peer(ip(127,0,0,1)),method(put),request_uri('/action'),path('/action'),http_version(1-1),host(localhost),port(8081),connection('keep-alive'),content_length(2895),sec_ch_ua('"Chromium";v="122", "Not(A:Brand";v="24", "Brave";v="122"'),sec_ch_ua_platform('"Linux"'),sec_ch_ua_mobile('?0'),user_agent('Mozilla/5.0 (X11; Linux x86_64) AppleWebKit/537.36 (KHTML, like Gecko) Chrome/122.0.0.0 Safari/537.36'),content_type('application/json'),sec_gpc('1'),origin('http://localhost:9000'),sec_fetch_site('same-site'),sec_fetch_mode(cors),sec_fetch_dest(empty),referer('http://localhost:9000/')]).
_{ beliefs:_{ certain_eternals:_{ cells:[ _{x:0,y:0},
					  _{x:1,y:0},
					  _{x:2,y:0},
					  _{x:3,y:0},
					  _{x:4,y:0},
					  _{x:5,y:0},
					  _{x:0,y:1},
					  _{x:1,y:1},
					  _{x:2,y:1},
					  _{x:3,y:1},
					  _{x:4,y:1},
					  _{x:5,y:1},
					  _{x:0,y:2},
					  _{x:1,y:2},
					  _{x:2,y:2},
					  _{x:3,y:2},
					  _{x:4,y:2},
					  _{x:5,y:2},
					  _{x:0,y:3},
					  _{x:1,y:3},
					  _{x:2,y:3},
					  _{x:3,y:3},
					  _{x:4,y:3},
					  _{x:5,y:3},
					  _{x:0,y:4},
					  _{x:1,y:4},
					  _{x:2,y:4},
					  _{x:3,y:4},
					  _{x:4,y:4},
					  _{x:5,y:4},
					  _{x:0,y:5},
					  _{x:1,y:5},
					  _{x:2,y:5},
					  _{x:3,y:5},
					  _{x:4,y:5},
					  _{x:5,y:5}
					],
				  eat_exit:_{c:_{x:1,y:1},e:_{id:exit}},
				  eat_walls:[ _{ c:_{x:5,y:5},
						 w:_{id:wall220}
					       },
					      _{ c:_{x:4,y:5},
						 w:_{id:wall219}
					       },
					      _{ c:_{x:3,y:5},
						 w:_{id:wall218}
					       },
					      _{ c:_{x:2,y:5},
						 w:_{id:wall217}
					       },
					      _{ c:_{x:1,y:5},
						 w:_{id:wall216}
					       },
					      _{ c:_{x:0,y:5},
						 w:_{id:wall215}
					       },
					      _{ c:_{x:5,y:4},
						 w:_{id:wall214}
					       },
					      _{ c:_{x:0,y:4},
						 w:_{id:wall213}
					       },
					      _{ c:_{x:5,y:3},
						 w:_{id:wall212}
					       },
					      _{ c:_{x:0,y:3},
						 w:_{id:wall211}
					       },
					      _{ c:_{x:5,y:2},
						 w:_{id:wall210}
					       },
					      _{ c:_{x:0,y:2},
						 w:_{id:wall209}
					       },
					      _{ c:_{x:5,y:1},
						 w:_{id:wall208}
					       },
					      _{ c:_{x:0,y:1},
						 w:_{id:wall207}
					       },
					      _{ c:_{x:5,y:0},
						 w:_{id:wall206}
					       },
					      _{ c:_{x:4,y:0},
						 w:_{id:wall205}
					       },
					      _{ c:_{x:3,y:0},
						 w:_{id:wall204}
					       },
					      _{ c:_{x:2,y:0},
						 w:_{id:wall203}
					       },
					      _{ c:_{x:1,y:0},
						 w:_{id:wall202}
					       },
					      _{ c:_{x:0,y:0},
						 w:_{id:wall201}
					       }
					    ]
				},
	      certain_fluents:_{ alive:[_{id:hunter}],
				 dir:[_{d:north,h:_{id:hunter}}],
				 fat_gold:[],
				 fat_hunter:_{ c:_{x:1,y:2},
					       h:_{id:hunter}
					     },
				 game_state:running,
				 has_arrow:[ _{ a:_{id:arrow11},
						h:_{id:hunter}
					      }
					   ],
				 has_gold:true,
				 score:0,
				 visited:[ _{ from:_{x:1,y:3},
					      to:_{x:1,y:2}
					    },
					   _{ from:_{x:1,y:2},
					      to:_{x:1,y:3}
					    },
					   _{ from:_{x:1,y:1},
					      to:_{x:1,y:2}
					    }
					 ]
			       },
	      step:0,
	      uncertain_eternals:_{ eat_pit:[ _{ c:_{x:3,y:4},
						 p:_{id:true}
					       },
					      _{ c:_{x:1,y:1},
						 p:_{id:false}
					       },
					      _{ c:_{x:2,y:1},
						 p:_{id:false}
					       },
					      _{ c:_{x:1,y:2},
						 p:_{id:false}
					       },
					      _{ c:_{x:2,y:2},
						 p:_{id:false}
					       },
					      _{ c:_{x:1,y:3},
						 p:_{id:false}
					       },
					      _{ c:_{x:2,y:3},
						 p:_{id:false}
					       },
					      _{ c:_{x:1,y:4},
						 p:_{id:false}
					       },
					      _{ c:_{x:3,y:2},
						 p:_{id:false}
					       },
					      _{ c:_{x:3,y:3},
						 p:_{id:false}
					       },
					      _{ c:_{x:2,y:4},
						 p:_{id:false}
					       },
					      _{ c:_{x:3,y:1},
						 p:_{id:false}
					       },
					      _{ c:_{x:4,y:2},
						 p:_{id:false}
					       }
					    ],
				    eat_wumpus:[ _{ c:_{x:1,y:4},
						    w:_{id:true}
						  },
						 _{ c:_{x:3,y:4},
						    w:_{id:true}
						  },
						 _{ c:_{x:1,y:1},
						    w:_{id:false}
						  },
						 _{ c:_{x:2,y:1},
						    w:_{id:false}
						  },
						 _{ c:_{x:1,y:2},
						    w:_{id:false}
						  },
						 _{ c:_{x:2,y:2},
						    w:_{id:false}
						  },
						 _{ c:_{x:1,y:3},
						    w:_{id:false}
						  },
						 _{ c:_{x:3,y:2},
						    w:_{id:false}
						  },
						 _{ c:_{x:2,y:3},
						    w:_{id:false}
						  },
						 _{ c:_{x:3,y:1},
						    w:_{id:false}
						  },
						 _{ c:_{x:4,y:2},
						    w:_{id:false}
						  },
						 _{ c:_{x:3,y:3},
						    w:_{id:false}
						  },
						 _{ c:_{x:2,y:4},
						    w:_{id:false}
						  }
					       ]
				  },
	      uncertain_fluents:_{fatal:[]}
	    },
   percepts:[]
 }
completed(91, 0.07569157100000001, 3611, 200, ok).
/*Sat Mar  9 15:29:24 2024*/ request(92, 1709994564.014, [peer(ip(127,0,0,1)),method(put),request_uri('/action'),path('/action'),http_version(1-1),host(localhost),port(8081),connection('keep-alive'),content_length(2861),sec_ch_ua('"Chromium";v="122", "Not(A:Brand";v="24", "Brave";v="122"'),sec_ch_ua_platform('"Linux"'),sec_ch_ua_mobile('?0'),user_agent('Mozilla/5.0 (X11; Linux x86_64) AppleWebKit/537.36 (KHTML, like Gecko) Chrome/122.0.0.0 Safari/537.36'),content_type('application/json'),sec_gpc('1'),origin('http://localhost:9000'),sec_fetch_site('same-site'),sec_fetch_mode(cors),sec_fetch_dest(empty),referer('http://localhost:9000/')]).
_{ beliefs:_{ certain_eternals:_{ cells:[ _{x:0,y:0},
					  _{x:1,y:0},
					  _{x:2,y:0},
					  _{x:3,y:0},
					  _{x:4,y:0},
					  _{x:5,y:0},
					  _{x:0,y:1},
					  _{x:1,y:1},
					  _{x:2,y:1},
					  _{x:3,y:1},
					  _{x:4,y:1},
					  _{x:5,y:1},
					  _{x:0,y:2},
					  _{x:1,y:2},
					  _{x:2,y:2},
					  _{x:3,y:2},
					  _{x:4,y:2},
					  _{x:5,y:2},
					  _{x:0,y:3},
					  _{x:1,y:3},
					  _{x:2,y:3},
					  _{x:3,y:3},
					  _{x:4,y:3},
					  _{x:5,y:3},
					  _{x:0,y:4},
					  _{x:1,y:4},
					  _{x:2,y:4},
					  _{x:3,y:4},
					  _{x:4,y:4},
					  _{x:5,y:4},
					  _{x:0,y:5},
					  _{x:1,y:5},
					  _{x:2,y:5},
					  _{x:3,y:5},
					  _{x:4,y:5},
					  _{x:5,y:5}
					],
				  eat_exit:_{c:_{x:1,y:1},e:_{id:exit}},
				  eat_walls:[ _{ c:_{x:5,y:5},
						 w:_{id:wall220}
					       },
					      _{ c:_{x:4,y:5},
						 w:_{id:wall219}
					       },
					      _{ c:_{x:3,y:5},
						 w:_{id:wall218}
					       },
					      _{ c:_{x:2,y:5},
						 w:_{id:wall217}
					       },
					      _{ c:_{x:1,y:5},
						 w:_{id:wall216}
					       },
					      _{ c:_{x:0,y:5},
						 w:_{id:wall215}
					       },
					      _{ c:_{x:5,y:4},
						 w:_{id:wall214}
					       },
					      _{ c:_{x:0,y:4},
						 w:_{id:wall213}
					       },
					      _{ c:_{x:5,y:3},
						 w:_{id:wall212}
					       },
					      _{ c:_{x:0,y:3},
						 w:_{id:wall211}
					       },
					      _{ c:_{x:5,y:2},
						 w:_{id:wall210}
					       },
					      _{ c:_{x:0,y:2},
						 w:_{id:wall209}
					       },
					      _{ c:_{x:5,y:1},
						 w:_{id:wall208}
					       },
					      _{ c:_{x:0,y:1},
						 w:_{id:wall207}
					       },
					      _{ c:_{x:5,y:0},
						 w:_{id:wall206}
					       },
					      _{ c:_{x:4,y:0},
						 w:_{id:wall205}
					       },
					      _{ c:_{x:3,y:0},
						 w:_{id:wall204}
					       },
					      _{ c:_{x:2,y:0},
						 w:_{id:wall203}
					       },
					      _{ c:_{x:1,y:0},
						 w:_{id:wall202}
					       },
					      _{ c:_{x:0,y:0},
						 w:_{id:wall201}
					       }
					    ]
				},
	      certain_fluents:_{ alive:[_{id:hunter}],
				 dir:[_{d:north,h:_{id:hunter}}],
				 fat_gold:[],
				 fat_hunter:_{ c:_{x:1,y:3},
					       h:_{id:hunter}
					     },
				 game_state:running,
				 has_arrow:[ _{ a:_{id:arrow11},
						h:_{id:hunter}
					      }
					   ],
				 has_gold:true,
				 score:0,
				 visited:[ _{ from:_{x:1,y:2},
					      to:_{x:1,y:3}
					    },
					   _{ from:_{x:1,y:1},
					      to:_{x:1,y:2}
					    }
					 ]
			       },
	      step:0,
	      uncertain_eternals:_{ eat_pit:[ _{ c:_{x:3,y:4},
						 p:_{id:true}
					       },
					      _{ c:_{x:1,y:1},
						 p:_{id:false}
					       },
					      _{ c:_{x:2,y:1},
						 p:_{id:false}
					       },
					      _{ c:_{x:1,y:2},
						 p:_{id:false}
					       },
					      _{ c:_{x:2,y:2},
						 p:_{id:false}
					       },
					      _{ c:_{x:1,y:3},
						 p:_{id:false}
					       },
					      _{ c:_{x:2,y:3},
						 p:_{id:false}
					       },
					      _{ c:_{x:1,y:4},
						 p:_{id:false}
					       },
					      _{ c:_{x:3,y:2},
						 p:_{id:false}
					       },
					      _{ c:_{x:3,y:3},
						 p:_{id:false}
					       },
					      _{ c:_{x:2,y:4},
						 p:_{id:false}
					       },
					      _{ c:_{x:3,y:1},
						 p:_{id:false}
					       },
					      _{ c:_{x:4,y:2},
						 p:_{id:false}
					       }
					    ],
				    eat_wumpus:[ _{ c:_{x:1,y:4},
						    w:_{id:true}
						  },
						 _{ c:_{x:3,y:4},
						    w:_{id:true}
						  },
						 _{ c:_{x:1,y:1},
						    w:_{id:false}
						  },
						 _{ c:_{x:2,y:1},
						    w:_{id:false}
						  },
						 _{ c:_{x:1,y:2},
						    w:_{id:false}
						  },
						 _{ c:_{x:2,y:2},
						    w:_{id:false}
						  },
						 _{ c:_{x:1,y:3},
						    w:_{id:false}
						  },
						 _{ c:_{x:3,y:2},
						    w:_{id:false}
						  },
						 _{ c:_{x:2,y:3},
						    w:_{id:false}
						  },
						 _{ c:_{x:3,y:1},
						    w:_{id:false}
						  },
						 _{ c:_{x:4,y:2},
						    w:_{id:false}
						  },
						 _{ c:_{x:3,y:3},
						    w:_{id:false}
						  },
						 _{ c:_{x:2,y:4},
						    w:_{id:false}
						  }
					       ]
				  },
	      uncertain_fluents:_{fatal:[]}
	    },
   percepts:[stench]
 }
completed(92, 0.05909114800000004, 3617, 200, ok).
/*Sat Mar  9 15:29:25 2024*/ request(93, 1709994565.502, [peer(ip(127,0,0,1)),method(options),request_uri('/action'),path('/action'),http_version(1-1),host(localhost),port(8081),connection('keep-alive'),access_control_request_method('PUT'),access_control_request_headers('content-type'),origin('http://localhost:9000'),user_agent('Mozilla/5.0 (X11; Linux x86_64) AppleWebKit/537.36 (KHTML, like Gecko) Chrome/122.0.0.0 Safari/537.36'),sec_fetch_mode(cors),sec_fetch_site('same-site'),sec_fetch_dest(empty),referer('http://localhost:9000/')]).
completed(93, 0.003694640999999943, 0, 200, ok).
/*Sat Mar  9 15:29:25 2024*/ request(94, 1709994565.509, [peer(ip(127,0,0,1)),method(put),request_uri('/action'),path('/action'),http_version(1-1),host(localhost),port(8081),connection('keep-alive'),content_length(2860),sec_ch_ua('"Chromium";v="122", "Not(A:Brand";v="24", "Brave";v="122"'),sec_ch_ua_platform('"Linux"'),sec_ch_ua_mobile('?0'),user_agent('Mozilla/5.0 (X11; Linux x86_64) AppleWebKit/537.36 (KHTML, like Gecko) Chrome/122.0.0.0 Safari/537.36'),content_type('application/json'),sec_gpc('1'),origin('http://localhost:9000'),sec_fetch_site('same-site'),sec_fetch_mode(cors),sec_fetch_dest(empty),referer('http://localhost:9000/')]).
_{ beliefs:_{ certain_eternals:_{ cells:[ _{x:0,y:0},
					  _{x:1,y:0},
					  _{x:2,y:0},
					  _{x:3,y:0},
					  _{x:4,y:0},
					  _{x:5,y:0},
					  _{x:0,y:1},
					  _{x:1,y:1},
					  _{x:2,y:1},
					  _{x:3,y:1},
					  _{x:4,y:1},
					  _{x:5,y:1},
					  _{x:0,y:2},
					  _{x:1,y:2},
					  _{x:2,y:2},
					  _{x:3,y:2},
					  _{x:4,y:2},
					  _{x:5,y:2},
					  _{x:0,y:3},
					  _{x:1,y:3},
					  _{x:2,y:3},
					  _{x:3,y:3},
					  _{x:4,y:3},
					  _{x:5,y:3},
					  _{x:0,y:4},
					  _{x:1,y:4},
					  _{x:2,y:4},
					  _{x:3,y:4},
					  _{x:4,y:4},
					  _{x:5,y:4},
					  _{x:0,y:5},
					  _{x:1,y:5},
					  _{x:2,y:5},
					  _{x:3,y:5},
					  _{x:4,y:5},
					  _{x:5,y:5}
					],
				  eat_exit:_{c:_{x:1,y:1},e:_{id:exit}},
				  eat_walls:[ _{ c:_{x:5,y:5},
						 w:_{id:wall220}
					       },
					      _{ c:_{x:4,y:5},
						 w:_{id:wall219}
					       },
					      _{ c:_{x:3,y:5},
						 w:_{id:wall218}
					       },
					      _{ c:_{x:2,y:5},
						 w:_{id:wall217}
					       },
					      _{ c:_{x:1,y:5},
						 w:_{id:wall216}
					       },
					      _{ c:_{x:0,y:5},
						 w:_{id:wall215}
					       },
					      _{ c:_{x:5,y:4},
						 w:_{id:wall214}
					       },
					      _{ c:_{x:0,y:4},
						 w:_{id:wall213}
					       },
					      _{ c:_{x:5,y:3},
						 w:_{id:wall212}
					       },
					      _{ c:_{x:0,y:3},
						 w:_{id:wall211}
					       },
					      _{ c:_{x:5,y:2},
						 w:_{id:wall210}
					       },
					      _{ c:_{x:0,y:2},
						 w:_{id:wall209}
					       },
					      _{ c:_{x:5,y:1},
						 w:_{id:wall208}
					       },
					      _{ c:_{x:0,y:1},
						 w:_{id:wall207}
					       },
					      _{ c:_{x:5,y:0},
						 w:_{id:wall206}
					       },
					      _{ c:_{x:4,y:0},
						 w:_{id:wall205}
					       },
					      _{ c:_{x:3,y:0},
						 w:_{id:wall204}
					       },
					      _{ c:_{x:2,y:0},
						 w:_{id:wall203}
					       },
					      _{ c:_{x:1,y:0},
						 w:_{id:wall202}
					       },
					      _{ c:_{x:0,y:0},
						 w:_{id:wall201}
					       }
					    ]
				},
	      certain_fluents:_{ alive:[_{id:hunter}],
				 dir:[_{d:east,h:_{id:hunter}}],
				 fat_gold:[],
				 fat_hunter:_{ c:_{x:1,y:3},
					       h:_{id:hunter}
					     },
				 game_state:running,
				 has_arrow:[ _{ a:_{id:arrow11},
						h:_{id:hunter}
					      }
					   ],
				 has_gold:true,
				 score:0,
				 visited:[ _{ from:_{x:1,y:2},
					      to:_{x:1,y:3}
					    },
					   _{ from:_{x:1,y:1},
					      to:_{x:1,y:2}
					    }
					 ]
			       },
	      step:0,
	      uncertain_eternals:_{ eat_pit:[ _{ c:_{x:3,y:4},
						 p:_{id:true}
					       },
					      _{ c:_{x:1,y:1},
						 p:_{id:false}
					       },
					      _{ c:_{x:2,y:1},
						 p:_{id:false}
					       },
					      _{ c:_{x:1,y:2},
						 p:_{id:false}
					       },
					      _{ c:_{x:2,y:2},
						 p:_{id:false}
					       },
					      _{ c:_{x:1,y:3},
						 p:_{id:false}
					       },
					      _{ c:_{x:2,y:3},
						 p:_{id:false}
					       },
					      _{ c:_{x:1,y:4},
						 p:_{id:false}
					       },
					      _{ c:_{x:3,y:2},
						 p:_{id:false}
					       },
					      _{ c:_{x:3,y:3},
						 p:_{id:false}
					       },
					      _{ c:_{x:2,y:4},
						 p:_{id:false}
					       },
					      _{ c:_{x:3,y:1},
						 p:_{id:false}
					       },
					      _{ c:_{x:4,y:2},
						 p:_{id:false}
					       }
					    ],
				    eat_wumpus:[ _{ c:_{x:1,y:4},
						    w:_{id:true}
						  },
						 _{ c:_{x:3,y:4},
						    w:_{id:true}
						  },
						 _{ c:_{x:1,y:1},
						    w:_{id:false}
						  },
						 _{ c:_{x:2,y:1},
						    w:_{id:false}
						  },
						 _{ c:_{x:1,y:2},
						    w:_{id:false}
						  },
						 _{ c:_{x:2,y:2},
						    w:_{id:false}
						  },
						 _{ c:_{x:1,y:3},
						    w:_{id:false}
						  },
						 _{ c:_{x:3,y:2},
						    w:_{id:false}
						  },
						 _{ c:_{x:2,y:3},
						    w:_{id:false}
						  },
						 _{ c:_{x:3,y:1},
						    w:_{id:false}
						  },
						 _{ c:_{x:4,y:2},
						    w:_{id:false}
						  },
						 _{ c:_{x:3,y:3},
						    w:_{id:false}
						  },
						 _{ c:_{x:2,y:4},
						    w:_{id:false}
						  }
					       ]
				  },
	      uncertain_fluents:_{fatal:[]}
	    },
   percepts:[stench]
 }
completed(94, 0.07316064300000003, 3618, 200, ok).
/*Sat Mar  9 15:29:26 2024*/ request(95, 1709994566.946, [peer(ip(127,0,0,1)),method(put),request_uri('/action'),path('/action'),http_version(1-1),host(localhost),port(8081),connection('keep-alive'),content_length(2861),sec_ch_ua('"Chromium";v="122", "Not(A:Brand";v="24", "Brave";v="122"'),sec_ch_ua_platform('"Linux"'),sec_ch_ua_mobile('?0'),user_agent('Mozilla/5.0 (X11; Linux x86_64) AppleWebKit/537.36 (KHTML, like Gecko) Chrome/122.0.0.0 Safari/537.36'),content_type('application/json'),sec_gpc('1'),origin('http://localhost:9000'),sec_fetch_site('same-site'),sec_fetch_mode(cors),sec_fetch_dest(empty),referer('http://localhost:9000/')]).
_{ beliefs:_{ certain_eternals:_{ cells:[ _{x:0,y:0},
					  _{x:1,y:0},
					  _{x:2,y:0},
					  _{x:3,y:0},
					  _{x:4,y:0},
					  _{x:5,y:0},
					  _{x:0,y:1},
					  _{x:1,y:1},
					  _{x:2,y:1},
					  _{x:3,y:1},
					  _{x:4,y:1},
					  _{x:5,y:1},
					  _{x:0,y:2},
					  _{x:1,y:2},
					  _{x:2,y:2},
					  _{x:3,y:2},
					  _{x:4,y:2},
					  _{x:5,y:2},
					  _{x:0,y:3},
					  _{x:1,y:3},
					  _{x:2,y:3},
					  _{x:3,y:3},
					  _{x:4,y:3},
					  _{x:5,y:3},
					  _{x:0,y:4},
					  _{x:1,y:4},
					  _{x:2,y:4},
					  _{x:3,y:4},
					  _{x:4,y:4},
					  _{x:5,y:4},
					  _{x:0,y:5},
					  _{x:1,y:5},
					  _{x:2,y:5},
					  _{x:3,y:5},
					  _{x:4,y:5},
					  _{x:5,y:5}
					],
				  eat_exit:_{c:_{x:1,y:1},e:_{id:exit}},
				  eat_walls:[ _{ c:_{x:5,y:5},
						 w:_{id:wall220}
					       },
					      _{ c:_{x:4,y:5},
						 w:_{id:wall219}
					       },
					      _{ c:_{x:3,y:5},
						 w:_{id:wall218}
					       },
					      _{ c:_{x:2,y:5},
						 w:_{id:wall217}
					       },
					      _{ c:_{x:1,y:5},
						 w:_{id:wall216}
					       },
					      _{ c:_{x:0,y:5},
						 w:_{id:wall215}
					       },
					      _{ c:_{x:5,y:4},
						 w:_{id:wall214}
					       },
					      _{ c:_{x:0,y:4},
						 w:_{id:wall213}
					       },
					      _{ c:_{x:5,y:3},
						 w:_{id:wall212}
					       },
					      _{ c:_{x:0,y:3},
						 w:_{id:wall211}
					       },
					      _{ c:_{x:5,y:2},
						 w:_{id:wall210}
					       },
					      _{ c:_{x:0,y:2},
						 w:_{id:wall209}
					       },
					      _{ c:_{x:5,y:1},
						 w:_{id:wall208}
					       },
					      _{ c:_{x:0,y:1},
						 w:_{id:wall207}
					       },
					      _{ c:_{x:5,y:0},
						 w:_{id:wall206}
					       },
					      _{ c:_{x:4,y:0},
						 w:_{id:wall205}
					       },
					      _{ c:_{x:3,y:0},
						 w:_{id:wall204}
					       },
					      _{ c:_{x:2,y:0},
						 w:_{id:wall203}
					       },
					      _{ c:_{x:1,y:0},
						 w:_{id:wall202}
					       },
					      _{ c:_{x:0,y:0},
						 w:_{id:wall201}
					       }
					    ]
				},
	      certain_fluents:_{ alive:[_{id:hunter}],
				 dir:[_{d:south,h:_{id:hunter}}],
				 fat_gold:[],
				 fat_hunter:_{ c:_{x:1,y:3},
					       h:_{id:hunter}
					     },
				 game_state:running,
				 has_arrow:[ _{ a:_{id:arrow11},
						h:_{id:hunter}
					      }
					   ],
				 has_gold:true,
				 score:0,
				 visited:[ _{ from:_{x:1,y:2},
					      to:_{x:1,y:3}
					    },
					   _{ from:_{x:1,y:1},
					      to:_{x:1,y:2}
					    }
					 ]
			       },
	      step:0,
	      uncertain_eternals:_{ eat_pit:[ _{ c:_{x:3,y:4},
						 p:_{id:true}
					       },
					      _{ c:_{x:1,y:1},
						 p:_{id:false}
					       },
					      _{ c:_{x:2,y:1},
						 p:_{id:false}
					       },
					      _{ c:_{x:1,y:2},
						 p:_{id:false}
					       },
					      _{ c:_{x:2,y:2},
						 p:_{id:false}
					       },
					      _{ c:_{x:1,y:3},
						 p:_{id:false}
					       },
					      _{ c:_{x:2,y:3},
						 p:_{id:false}
					       },
					      _{ c:_{x:1,y:4},
						 p:_{id:false}
					       },
					      _{ c:_{x:3,y:2},
						 p:_{id:false}
					       },
					      _{ c:_{x:3,y:3},
						 p:_{id:false}
					       },
					      _{ c:_{x:2,y:4},
						 p:_{id:false}
					       },
					      _{ c:_{x:3,y:1},
						 p:_{id:false}
					       },
					      _{ c:_{x:4,y:2},
						 p:_{id:false}
					       }
					    ],
				    eat_wumpus:[ _{ c:_{x:1,y:4},
						    w:_{id:true}
						  },
						 _{ c:_{x:3,y:4},
						    w:_{id:true}
						  },
						 _{ c:_{x:1,y:1},
						    w:_{id:false}
						  },
						 _{ c:_{x:2,y:1},
						    w:_{id:false}
						  },
						 _{ c:_{x:1,y:2},
						    w:_{id:false}
						  },
						 _{ c:_{x:2,y:2},
						    w:_{id:false}
						  },
						 _{ c:_{x:1,y:3},
						    w:_{id:false}
						  },
						 _{ c:_{x:3,y:2},
						    w:_{id:false}
						  },
						 _{ c:_{x:2,y:3},
						    w:_{id:false}
						  },
						 _{ c:_{x:3,y:1},
						    w:_{id:false}
						  },
						 _{ c:_{x:4,y:2},
						    w:_{id:false}
						  },
						 _{ c:_{x:3,y:3},
						    w:_{id:false}
						  },
						 _{ c:_{x:2,y:4},
						    w:_{id:false}
						  }
					       ]
				  },
	      uncertain_fluents:_{fatal:[]}
	    },
   percepts:[stench]
 }
completed(95, 0.07263640799999993, 3565, 200, ok).
/*Sat Mar  9 15:29:27 2024*/ request(96, 1709994567.936, [peer(ip(127,0,0,1)),method(put),request_uri('/action'),path('/action'),http_version(1-1),host(localhost),port(8081),connection('keep-alive'),content_length(2811),sec_ch_ua('"Chromium";v="122", "Not(A:Brand";v="24", "Brave";v="122"'),sec_ch_ua_platform('"Linux"'),sec_ch_ua_mobile('?0'),user_agent('Mozilla/5.0 (X11; Linux x86_64) AppleWebKit/537.36 (KHTML, like Gecko) Chrome/122.0.0.0 Safari/537.36'),content_type('application/json'),sec_gpc('1'),origin('http://localhost:9000'),sec_fetch_site('same-site'),sec_fetch_mode(cors),sec_fetch_dest(empty),referer('http://localhost:9000/')]).
_{ beliefs:_{ certain_eternals:_{ cells:[ _{x:0,y:0},
					  _{x:1,y:0},
					  _{x:2,y:0},
					  _{x:3,y:0},
					  _{x:4,y:0},
					  _{x:5,y:0},
					  _{x:0,y:1},
					  _{x:1,y:1},
					  _{x:2,y:1},
					  _{x:3,y:1},
					  _{x:4,y:1},
					  _{x:5,y:1},
					  _{x:0,y:2},
					  _{x:1,y:2},
					  _{x:2,y:2},
					  _{x:3,y:2},
					  _{x:4,y:2},
					  _{x:5,y:2},
					  _{x:0,y:3},
					  _{x:1,y:3},
					  _{x:2,y:3},
					  _{x:3,y:3},
					  _{x:4,y:3},
					  _{x:5,y:3},
					  _{x:0,y:4},
					  _{x:1,y:4},
					  _{x:2,y:4},
					  _{x:3,y:4},
					  _{x:4,y:4},
					  _{x:5,y:4},
					  _{x:0,y:5},
					  _{x:1,y:5},
					  _{x:2,y:5},
					  _{x:3,y:5},
					  _{x:4,y:5},
					  _{x:5,y:5}
					],
				  eat_exit:_{c:_{x:1,y:1},e:_{id:exit}},
				  eat_walls:[ _{ c:_{x:5,y:5},
						 w:_{id:wall220}
					       },
					      _{ c:_{x:4,y:5},
						 w:_{id:wall219}
					       },
					      _{ c:_{x:3,y:5},
						 w:_{id:wall218}
					       },
					      _{ c:_{x:2,y:5},
						 w:_{id:wall217}
					       },
					      _{ c:_{x:1,y:5},
						 w:_{id:wall216}
					       },
					      _{ c:_{x:0,y:5},
						 w:_{id:wall215}
					       },
					      _{ c:_{x:5,y:4},
						 w:_{id:wall214}
					       },
					      _{ c:_{x:0,y:4},
						 w:_{id:wall213}
					       },
					      _{ c:_{x:5,y:3},
						 w:_{id:wall212}
					       },
					      _{ c:_{x:0,y:3},
						 w:_{id:wall211}
					       },
					      _{ c:_{x:5,y:2},
						 w:_{id:wall210}
					       },
					      _{ c:_{x:0,y:2},
						 w:_{id:wall209}
					       },
					      _{ c:_{x:5,y:1},
						 w:_{id:wall208}
					       },
					      _{ c:_{x:0,y:1},
						 w:_{id:wall207}
					       },
					      _{ c:_{x:5,y:0},
						 w:_{id:wall206}
					       },
					      _{ c:_{x:4,y:0},
						 w:_{id:wall205}
					       },
					      _{ c:_{x:3,y:0},
						 w:_{id:wall204}
					       },
					      _{ c:_{x:2,y:0},
						 w:_{id:wall203}
					       },
					      _{ c:_{x:1,y:0},
						 w:_{id:wall202}
					       },
					      _{ c:_{x:0,y:0},
						 w:_{id:wall201}
					       }
					    ]
				},
	      certain_fluents:_{ alive:[_{id:hunter}],
				 dir:[_{d:south,h:_{id:hunter}}],
				 fat_gold:[],
				 fat_hunter:_{ c:_{x:1,y:2},
					       h:_{id:hunter}
					     },
				 game_state:running,
				 has_arrow:[ _{ a:_{id:arrow11},
						h:_{id:hunter}
					      }
					   ],
				 has_gold:true,
				 score:0,
				 visited:[ _{ from:_{x:1,y:1},
					      to:_{x:1,y:2}
					    }
					 ]
			       },
	      step:0,
	      uncertain_eternals:_{ eat_pit:[ _{ c:_{x:3,y:4},
						 p:_{id:true}
					       },
					      _{ c:_{x:1,y:1},
						 p:_{id:false}
					       },
					      _{ c:_{x:2,y:1},
						 p:_{id:false}
					       },
					      _{ c:_{x:1,y:2},
						 p:_{id:false}
					       },
					      _{ c:_{x:2,y:2},
						 p:_{id:false}
					       },
					      _{ c:_{x:1,y:3},
						 p:_{id:false}
					       },
					      _{ c:_{x:2,y:3},
						 p:_{id:false}
					       },
					      _{ c:_{x:1,y:4},
						 p:_{id:false}
					       },
					      _{ c:_{x:3,y:2},
						 p:_{id:false}
					       },
					      _{ c:_{x:3,y:3},
						 p:_{id:false}
					       },
					      _{ c:_{x:2,y:4},
						 p:_{id:false}
					       },
					      _{ c:_{x:3,y:1},
						 p:_{id:false}
					       },
					      _{ c:_{x:4,y:2},
						 p:_{id:false}
					       }
					    ],
				    eat_wumpus:[ _{ c:_{x:1,y:4},
						    w:_{id:true}
						  },
						 _{ c:_{x:3,y:4},
						    w:_{id:true}
						  },
						 _{ c:_{x:1,y:1},
						    w:_{id:false}
						  },
						 _{ c:_{x:2,y:1},
						    w:_{id:false}
						  },
						 _{ c:_{x:1,y:2},
						    w:_{id:false}
						  },
						 _{ c:_{x:2,y:2},
						    w:_{id:false}
						  },
						 _{ c:_{x:1,y:3},
						    w:_{id:false}
						  },
						 _{ c:_{x:3,y:2},
						    w:_{id:false}
						  },
						 _{ c:_{x:2,y:3},
						    w:_{id:false}
						  },
						 _{ c:_{x:3,y:1},
						    w:_{id:false}
						  },
						 _{ c:_{x:4,y:2},
						    w:_{id:false}
						  },
						 _{ c:_{x:3,y:3},
						    w:_{id:false}
						  },
						 _{ c:_{x:2,y:4},
						    w:_{id:false}
						  }
					       ]
				  },
	      uncertain_fluents:_{fatal:[]}
	    },
   percepts:[]
 }
completed(96, 0.07004778000000011, 3508, 200, ok).
/*Sat Mar  9 15:29:29 2024*/ request(97, 1709994569.094, [peer(ip(127,0,0,1)),method(put),request_uri('/action'),path('/action'),http_version(1-1),host(localhost),port(8081),connection('keep-alive'),content_length(2770),sec_ch_ua('"Chromium";v="122", "Not(A:Brand";v="24", "Brave";v="122"'),sec_ch_ua_platform('"Linux"'),sec_ch_ua_mobile('?0'),user_agent('Mozilla/5.0 (X11; Linux x86_64) AppleWebKit/537.36 (KHTML, like Gecko) Chrome/122.0.0.0 Safari/537.36'),content_type('application/json'),sec_gpc('1'),origin('http://localhost:9000'),sec_fetch_site('same-site'),sec_fetch_mode(cors),sec_fetch_dest(empty),referer('http://localhost:9000/')]).
_{ beliefs:_{ certain_eternals:_{ cells:[ _{x:0,y:0},
					  _{x:1,y:0},
					  _{x:2,y:0},
					  _{x:3,y:0},
					  _{x:4,y:0},
					  _{x:5,y:0},
					  _{x:0,y:1},
					  _{x:1,y:1},
					  _{x:2,y:1},
					  _{x:3,y:1},
					  _{x:4,y:1},
					  _{x:5,y:1},
					  _{x:0,y:2},
					  _{x:1,y:2},
					  _{x:2,y:2},
					  _{x:3,y:2},
					  _{x:4,y:2},
					  _{x:5,y:2},
					  _{x:0,y:3},
					  _{x:1,y:3},
					  _{x:2,y:3},
					  _{x:3,y:3},
					  _{x:4,y:3},
					  _{x:5,y:3},
					  _{x:0,y:4},
					  _{x:1,y:4},
					  _{x:2,y:4},
					  _{x:3,y:4},
					  _{x:4,y:4},
					  _{x:5,y:4},
					  _{x:0,y:5},
					  _{x:1,y:5},
					  _{x:2,y:5},
					  _{x:3,y:5},
					  _{x:4,y:5},
					  _{x:5,y:5}
					],
				  eat_exit:_{c:_{x:1,y:1},e:_{id:exit}},
				  eat_walls:[ _{ c:_{x:5,y:5},
						 w:_{id:wall220}
					       },
					      _{ c:_{x:4,y:5},
						 w:_{id:wall219}
					       },
					      _{ c:_{x:3,y:5},
						 w:_{id:wall218}
					       },
					      _{ c:_{x:2,y:5},
						 w:_{id:wall217}
					       },
					      _{ c:_{x:1,y:5},
						 w:_{id:wall216}
					       },
					      _{ c:_{x:0,y:5},
						 w:_{id:wall215}
					       },
					      _{ c:_{x:5,y:4},
						 w:_{id:wall214}
					       },
					      _{ c:_{x:0,y:4},
						 w:_{id:wall213}
					       },
					      _{ c:_{x:5,y:3},
						 w:_{id:wall212}
					       },
					      _{ c:_{x:0,y:3},
						 w:_{id:wall211}
					       },
					      _{ c:_{x:5,y:2},
						 w:_{id:wall210}
					       },
					      _{ c:_{x:0,y:2},
						 w:_{id:wall209}
					       },
					      _{ c:_{x:5,y:1},
						 w:_{id:wall208}
					       },
					      _{ c:_{x:0,y:1},
						 w:_{id:wall207}
					       },
					      _{ c:_{x:5,y:0},
						 w:_{id:wall206}
					       },
					      _{ c:_{x:4,y:0},
						 w:_{id:wall205}
					       },
					      _{ c:_{x:3,y:0},
						 w:_{id:wall204}
					       },
					      _{ c:_{x:2,y:0},
						 w:_{id:wall203}
					       },
					      _{ c:_{x:1,y:0},
						 w:_{id:wall202}
					       },
					      _{ c:_{x:0,y:0},
						 w:_{id:wall201}
					       }
					    ]
				},
	      certain_fluents:_{ alive:[_{id:hunter}],
				 dir:[_{d:south,h:_{id:hunter}}],
				 fat_gold:[],
				 fat_hunter:_{ c:_{x:1,y:1},
					       h:_{id:hunter}
					     },
				 game_state:running,
				 has_arrow:[ _{ a:_{id:arrow11},
						h:_{id:hunter}
					      }
					   ],
				 has_gold:true,
				 score:0,
				 visited:[]
			       },
	      step:0,
	      uncertain_eternals:_{ eat_pit:[ _{ c:_{x:3,y:4},
						 p:_{id:true}
					       },
					      _{ c:_{x:1,y:1},
						 p:_{id:false}
					       },
					      _{ c:_{x:2,y:1},
						 p:_{id:false}
					       },
					      _{ c:_{x:1,y:2},
						 p:_{id:false}
					       },
					      _{ c:_{x:2,y:2},
						 p:_{id:false}
					       },
					      _{ c:_{x:1,y:3},
						 p:_{id:false}
					       },
					      _{ c:_{x:2,y:3},
						 p:_{id:false}
					       },
					      _{ c:_{x:1,y:4},
						 p:_{id:false}
					       },
					      _{ c:_{x:3,y:2},
						 p:_{id:false}
					       },
					      _{ c:_{x:3,y:3},
						 p:_{id:false}
					       },
					      _{ c:_{x:2,y:4},
						 p:_{id:false}
					       },
					      _{ c:_{x:3,y:1},
						 p:_{id:false}
					       },
					      _{ c:_{x:4,y:2},
						 p:_{id:false}
					       }
					    ],
				    eat_wumpus:[ _{ c:_{x:1,y:4},
						    w:_{id:true}
						  },
						 _{ c:_{x:3,y:4},
						    w:_{id:true}
						  },
						 _{ c:_{x:1,y:1},
						    w:_{id:false}
						  },
						 _{ c:_{x:2,y:1},
						    w:_{id:false}
						  },
						 _{ c:_{x:1,y:2},
						    w:_{id:false}
						  },
						 _{ c:_{x:2,y:2},
						    w:_{id:false}
						  },
						 _{ c:_{x:1,y:3},
						    w:_{id:false}
						  },
						 _{ c:_{x:3,y:2},
						    w:_{id:false}
						  },
						 _{ c:_{x:2,y:3},
						    w:_{id:false}
						  },
						 _{ c:_{x:3,y:1},
						    w:_{id:false}
						  },
						 _{ c:_{x:4,y:2},
						    w:_{id:false}
						  },
						 _{ c:_{x:3,y:3},
						    w:_{id:false}
						  },
						 _{ c:_{x:2,y:4},
						    w:_{id:false}
						  }
					       ]
				  },
	      uncertain_fluents:_{fatal:[]}
	    },
   percepts:[]
 }
completed(97, 0.06763545999999998, 3506, 200, ok).
server(logrotate, 1709997214).
